locationid,ACCESS2,ARTHRITIS,BINGE,BPHIGH,BPMED,CANCER,CASTHMA,CERVICAL,CHD,CHECKUP,CHOLSCREEN,COLON_SCREEN,COPD,COREM,COREW,CSMOKING,DENTAL,DEPRESSION,DIABETES,GHLTH,HIGHCHOL,KIDNEY,LPA,MAMMOUSE,MHLTH,OBESITY,PHLTH,SLEEP,STROKE,TEETHLOST,stateabbr,locationname,totalpopulation,FIPS,COUNTY,STATE,RPL_THEMES,RPL_THEME1,RPL_THEME2,RPL_THEME3,RPL_THEME4,E_TOTPOP,release_year,svi_year,COGNITION,DISABILITY,HEARING,INDEPLIVE,MOBILITY,SELFCARE,VISION,EMOTIONSPT,FOODINSECU,FOODSTAMP,HOUSINSECU,ISOLATION,LACKTRPT,SHUTUTILITY,LONELINESS,snapshot_year,cluster_id,risk_tier
01001,9.1,26.3,15.6,38.2,61.7,7.0,10.0,,5.6,79.4,85.0,64.6,6.4,,,14.5,61.9,25.9,11.4,20.0,36.3,,26.0,80.7,18.0,39.5,12.8,37.7,3.2,12.0,AL,Autauga,60342,01001,Autauga County,Alabama,0.2663,0.2367,0.3675,0.6354,0.2358,58761.0,2025,2022,15.9,32.4,6.9,8.7,13.4,3.6,4.8,24.3,17.0,11.6,13.2,,8.9,8.8,33.7,2023,2,Moderate
01003,8.8,26.3,17.1,37.0,59.1,7.6,9.4,,5.5,77.5,84.9,62.9,6.0,,,13.3,62.4,23.9,10.4,17.7,35.4,,23.7,74.1,16.8,35.0,11.9,36.4,2.9,11.4,AL,Baldwin,253507,01003,Baldwin County,Alabama,0.3487,0.3433,0.2883,0.489,0.4308,233420.0,2025,2022,15.1,31.4,7.1,7.8,12.3,3.2,4.3,21.9,14.2,9.1,11.0,,7.5,7.2,33.3,2023,2,Moderate
01005,14.8,28.9,14.0,45.4,63.9,6.1,10.9,,7.4,79.3,81.7,56.6,9.3,,,20.8,45.3,22.9,16.5,29.9,36.5,,34.5,74.8,19.9,47.1,16.2,44.6,4.7,27.7,AL,Barbour,24585,01005,Barbour County,Alabama,0.9927,0.9399,0.9399,0.8941,0.9959,24877.0,2025,2022,20.3,42.0,8.0,12.9,20.0,6.4,8.4,31.7,32.1,26.2,23.2,,15.6,16.7,39.8,2023,1,Critical
01007,13.0,28.2,15.3,42.4,61.6,6.9,10.4,,7.0,77.3,81.5,58.9,8.9,,,19.9,50.2,25.0,13.9,26.3,36.7,,31.9,69.2,19.9,43.7,15.6,41.4,4.0,21.7,AL,Bibb,21868,01007,Bibb County,Alabama,0.8451,0.8893,0.4954,0.6185,0.8931,22251.0,2025,2022,19.6,39.6,8.4,11.5,17.4,5.1,6.7,28.0,24.3,18.7,17.2,,12.2,12.0,37.2,2023,3,High
01009,12.0,26.7,16.3,36.0,58.9,7.3,9.9,,6.3,77.0,82.4,61.2,7.6,,,16.9,54.0,26.0,11.3,22.1,35.7,,27.7,69.6,18.9,36.0,14.3,37.6,3.3,16.8,AL,Blount,59816,01009,Blount County,Alabama,0.6166,0.6866,0.7884,0.413,0.3532,59077.0,2025,2022,18.0,35.8,8.0,9.7,14.5,4.0,5.3,24.3,17.7,12.1,13.1,,9.2,8.3,35.8,2023,2,Moderate
01011,18.2,30.6,11.7,52.4,66.4,5.2,11.5,,8.8,80.3,80.2,53.6,11.2,,,24.9,39.0,21.7,21.3,37.8,37.1,,42.7,74.8,21.3,51.0,18.5,50.5,6.2,35.1,AL,Bullock,9897,01011,Bullock County,Alabama,0.8985,0.8654,0.5138,0.9809,0.9491,10328.0,2025,2022,23.2,47.9,8.3,16.3,25.1,9.0,11.9,34.4,44.0,40.4,31.2,,21.8,24.1,40.2,2023,1,Critical
01013,11.8,28.7,13.4,44.8,64.7,6.2,11.1,,6.7,80.1,83.2,59.4,8.3,,,19.0,49.0,23.8,15.2,27.0,36.0,,35.1,76.4,20.2,40.7,15.1,43.6,4.3,22.8,AL,Butler,18382,01013,Butler County,Alabama,0.6872,0.8441,0.6106,0.8661,0.217,18981.0,2025,2022,19.1,39.3,7.3,11.9,18.1,5.5,7.3,29.8,28.6,23.5,21.2,,14.1,15.1,39.4,2023,1,Critical
01015,11.0,28.1,15.6,41.5,61.1,6.9,10.6,,6.4,77.6,83.4,59.6,7.8,,,17.0,55.8,25.3,12.9,24.4,35.4,,31.0,76.2,19.3,39.1,14.6,42.8,3.6,17.4,AL,Calhoun,116429,01015,Calhoun County,Alabama,0.8145,0.854,0.65,0.658,0.7114,116162.0,2025,2022,18.0,37.3,7.6,10.5,16.2,4.4,5.9,25.9,21.5,16.0,15.5,,10.8,10.7,37.5,2023,3,High
01017,12.1,28.2,13.5,42.8,62.6,6.4,10.9,,6.5,78.9,83.2,59.4,8.0,,,18.2,48.3,23.9,14.5,25.8,34.8,,32.5,76.1,20.0,41.6,14.8,42.6,4.1,17.9,AL,Chambers,34079,01017,Chambers County,Alabama,0.8295,0.7171,0.5317,0.8396,0.9469,34612.0,2025,2022,18.8,38.4,7.3,11.4,17.5,5.2,6.9,28.6,26.1,20.3,19.5,,12.9,13.6,37.6,2023,1,Critical
01019,10.8,27.6,16.5,37.5,59.8,7.5,10.3,,6.6,76.3,82.2,62.8,8.2,,,18.1,56.7,27.1,11.8,23.1,36.8,,28.8,74.3,19.8,39.3,14.9,37.4,3.5,18.1,AL,Cherokee,25666,01019,Cherokee County,Alabama,0.406,0.6077,0.6494,0.2628,0.1152,25069.0,2025,2022,18.5,37.4,8.2,10.4,15.5,4.2,5.5,24.3,18.4,13.4,13.2,,9.6,8.9,35.6,2023,2,Moderate
01021,12.1,27.3,15.5,39.0,60.1,7.2,10.0,,6.3,77.1,82.9,59.4,7.6,,,17.1,59.2,25.3,12.0,22.8,37.7,,30.0,73.5,19.3,39.8,14.7,34.1,3.4,23.2,AL,Chilton,46431,01021,Chilton County,Alabama,0.5336,0.5924,0.6837,0.5425,0.2698,45140.0,2025,2022,18.2,37.6,7.9,9.9,15.2,4.1,5.6,25.5,19.4,13.4,14.2,,9.8,9.3,37.4,2023,3,High
01023,11.8,29.8,13.9,44.2,64.0,6.3,11.1,,6.8,79.6,82.8,59.4,8.5,,,19.1,49.2,25.3,15.0,27.5,36.4,,33.5,74.8,20.3,44.5,15.5,43.1,4.3,22.1,AL,Choctaw,12252,01023,Choctaw County,Alabama,0.6548,0.6901,0.798,0.8151,0.2539,12669.0,2025,2022,19.5,40.5,7.4,12.0,18.4,5.5,7.2,29.0,27.3,22.4,19.8,,13.5,14.3,38.6,2023,1,Critical
01025,11.6,28.6,13.4,43.5,63.8,6.2,11.0,,6.5,79.9,83.5,60.0,7.9,,,18.3,50.1,23.9,14.9,26.7,35.0,,32.5,75.6,19.7,44.2,14.9,44.0,4.1,19.8,AL,Clarke,22337,01025,Clarke County,Alabama,0.8365,0.8412,0.7264,0.8641,0.6462,23058.0,2025,2022,18.9,40.1,7.2,11.6,17.7,5.2,6.9,30.3,27.4,21.4,20.3,,13.3,14.1,40.1,2023,1,Critical
01027,11.7,28.3,15.6,40.6,60.9,7.1,10.6,,6.8,77.4,82.0,60.2,8.5,,,18.7,50.0,26.0,12.9,24.8,36.6,,30.5,73.0,20.0,42.4,15.3,40.8,3.7,22.4,AL,Clay,14111,01027,Clay County,Alabama,0.6223,0.7235,0.3688,0.5269,0.5851,14209.0,2025,2022,19.1,38.8,8.2,11.1,16.4,4.7,6.2,25.6,21.6,16.3,15.4,,11.0,10.6,36.7,2023,3,High
01029,10.6,27.3,16.7,37.0,59.4,7.5,10.1,,6.5,76.3,82.1,59.4,8.1,,,18.0,52.6,26.9,11.7,22.3,36.2,,28.7,74.2,19.7,37.1,14.5,38.4,3.4,21.9,AL,Cleburne,15639,01029,Cleburne County,Alabama,0.5196,0.4938,0.6739,0.1985,0.5482,15144.0,2025,2022,18.3,36.2,8.2,10.2,15.0,4.1,5.4,24.6,17.9,13.1,12.7,,9.3,8.7,36.3,2023,2,Moderate
01031,11.7,27.1,15.7,39.5,61.4,7.0,10.2,,6.3,77.6,83.1,60.5,7.5,,,16.7,59.5,25.0,12.7,22.8,35.1,,28.8,74.7,18.7,40.8,14.1,41.3,3.5,16.7,AL,Coffee,55643,01031,Coffee County,Alabama,0.6802,0.6497,0.9488,0.6806,0.2323,53559.0,2025,2022,17.7,36.6,7.7,10.1,15.5,4.3,5.9,26.0,20.3,14.6,14.9,,10.5,10.2,36.9,2023,3,High
01033,10.2,27.5,16.0,38.6,60.2,7.1,10.4,,6.1,77.9,83.4,58.3,7.4,,,16.6,55.4,25.8,12.1,22.0,35.9,,26.9,71.0,18.9,37.4,14.0,41.6,3.4,13.1,AL,Colbert,58361,01033,Colbert County,Alabama,0.4467,0.4944,0.6984,0.5644,0.16,57270.0,2025,2022,17.4,35.5,7.4,9.7,14.8,4.1,5.4,25.2,18.7,13.6,14.2,,9.7,9.6,36.0,2023,2,Moderate
01035,13.6,30.0,12.9,46.5,65.0,6.2,11.3,,7.6,79.5,81.8,58.4,9.7,,,21.5,48.7,24.1,16.8,30.6,36.0,,36.6,72.9,20.8,46.8,16.6,43.7,4.8,25.5,AL,Conecuh,11174,01035,Conecuh County,Alabama,0.5122,0.5272,0.5332,0.8727,0.2482,11576.0,2025,2022,20.9,42.6,8.2,13.5,20.6,6.5,8.7,30.3,32.8,28.8,23.5,,16.2,17.7,39.2,2023,1,Critical
01037,11.9,27.6,15.0,40.7,61.9,6.6,10.5,,6.6,78.0,82.7,61.8,7.9,,,18.3,51.3,24.3,13.5,24.8,35.1,,30.6,76.8,19.5,41.6,14.9,41.9,3.9,13.8,AL,Coosa,10268,01037,Coosa County,Alabama,0.4808,0.3513,0.328,0.7321,0.6427,10329.0,2025,2022,18.6,37.8,7.6,10.8,16.6,4.8,6.3,28.1,23.1,17.4,17.1,,11.6,11.6,37.4,2023,3,High
01039,10.9,27.4,15.2,39.6,61.0,7.2,10.4,,6.6,77.7,82.4,60.9,8.3,,,18.3,53.1,26.0,12.8,24.3,36.7,,29.7,74.8,20.0,38.1,14.8,36.6,3.7,17.1,AL,Covington,37952,01039,Covington County,Alabama,0.7121,0.7509,0.7821,0.4839,0.5075,37542.0,2025,2022,18.6,37.4,8.1,10.8,15.9,4.5,6.0,25.5,20.5,15.7,14.8,,10.6,10.4,35.8,2023,3,High
01041,11.7,27.8,15.2,40.8,61.3,6.8,10.6,,6.5,78.5,82.6,60.4,8.2,,,18.5,52.2,25.0,13.4,24.8,35.6,,30.9,72.8,19.6,40.3,14.8,40.4,3.8,18.1,AL,Crenshaw,13101,01041,Crenshaw County,Alabama,0.685,0.7588,0.6201,0.6656,0.4575,13205.0,2025,2022,18.8,37.9,7.7,11.0,16.5,4.7,6.3,27.1,23.0,17.4,16.8,,11.5,11.4,37.2,2023,3,High
01043,10.5,27.5,17.1,37.3,58.8,7.5,9.9,,6.3,76.9,82.7,57.7,7.6,,,16.9,54.8,26.5,11.0,21.5,35.2,,25.9,73.7,18.9,36.2,14.1,37.4,3.3,14.7,AL,Cullman,92016,01043,Cullman County,Alabama,0.4909,0.5323,0.713,0.2587,0.3341,88284.0,2025,2022,17.6,35.1,8.0,9.6,14.2,3.9,5.1,23.2,16.4,11.6,12.2,,8.8,8.1,33.9,2023,2,Moderate
01045,11.8,27.9,14.5,40.5,61.5,7.0,10.4,,6.6,78.2,83.1,58.4,8.0,,,18.0,54.6,25.5,13.7,25.0,36.7,,30.6,73.8,19.6,41.5,15.0,39.7,3.8,16.1,AL,Dale,49871,01045,Dale County,Alabama,0.7766,0.8648,0.9014,0.7003,0.2736,49455.0,2025,2022,18.7,38.8,8.0,10.8,16.5,4.7,6.3,26.3,22.2,17.1,16.4,,11.6,11.5,37.3,2023,3,High
01047,13.0,29.0,11.7,49.2,66.6,5.5,11.8,,7.2,81.8,83.5,58.4,9.1,,,20.1,47.4,21.4,18.1,31.3,36.7,,36.1,78.5,20.3,46.5,15.8,47.6,5.2,23.2,AL,Dallas,36165,01047,Dallas County,Alabama,0.9189,0.9555,0.867,0.9698,0.594,38326.0,2025,2022,20.2,41.5,7.1,13.8,21.0,7.0,9.3,31.6,35.9,33.3,26.5,,17.9,20.4,40.3,2023,1,Critical
01049,15.4,28.0,15.5,40.0,59.0,7.2,10.1,,7.3,76.0,80.8,54.3,9.2,,,19.9,47.5,27.2,13.3,26.8,36.5,,32.6,71.4,20.1,38.6,16.4,41.1,3.9,20.2,AL,DeKalb,72569,01049,DeKalb County,Alabama,0.756,0.7996,0.8139,0.5425,0.5017,71680.0,2025,2022,20.4,40.2,9.0,11.7,17.6,5.1,7.0,25.7,23.7,17.7,16.2,,11.7,10.9,36.3,2023,3,High
01051,9.5,26.2,15.9,38.2,61.7,7.1,10.0,,5.8,78.9,84.6,61.6,6.6,,,15.1,59.5,23.6,11.4,20.8,35.7,,25.4,76.3,18.4,38.7,13.1,42.2,3.2,12.7,AL,Elmore,90441,01051,Elmore County,Alabama,0.4397,0.3185,0.3869,0.6373,0.5667,87694.0,2025,2022,16.4,34.0,7.1,9.0,13.7,3.7,4.9,26.3,17.9,12.4,13.5,,9.2,9.1,36.2,2023,2,Moderate
01053,13.5,29.2,14.4,44.0,63.4,6.5,11.0,,7.6,78.5,81.2,57.0,9.7,,,21.6,47.9,24.9,15.6,29.9,36.6,,34.1,70.7,20.9,43.9,16.8,46.1,4.6,28.6,AL,Escambia,36558,01053,Escambia County,Alabama,0.8473,0.9462,0.7353,0.7814,0.4986,36755.0,2025,2022,21.0,42.0,8.5,13.2,19.6,6.1,8.2,29.0,29.9,25.0,20.8,,14.9,15.4,37.9,2023,1,Critical
01055,11.3,28.3,15.6,40.9,60.9,7.2,10.3,,6.6,77.7,82.8,56.0,8.2,,,18.1,54.1,26.1,13.4,24.9,36.0,,31.7,74.3,19.6,43.6,15.2,46.2,3.7,17.3,AL,Etowah,103241,01055,Etowah County,Alabama,0.672,0.7961,0.7544,0.574,0.2911,103348.0,2025,2022,18.8,38.9,8.0,10.8,16.6,4.5,5.9,25.1,20.8,15.7,15.4,,10.7,10.5,36.9,2023,3,High
01057,11.5,29.0,16.0,40.9,60.8,7.2,10.5,,6.9,77.5,81.7,59.6,8.8,,,19.4,49.5,27.3,13.1,24.5,35.8,,30.6,71.5,20.2,40.6,15.4,40.5,3.8,26.7,AL,Fayette,15967,01057,Fayette County,Alabama,0.7458,0.8514,0.4788,0.4556,0.6914,16297.0,2025,2022,19.5,38.5,8.4,11.2,16.5,4.8,6.2,24.8,21.3,16.6,15.2,,11.0,10.7,36.7,2023,3,High
01059,16.5,28.4,15.2,39.9,60.2,7.1,10.0,,7.2,76.3,80.7,56.5,9.1,,,19.5,50.2,25.9,13.9,27.3,37.7,,32.7,72.1,19.8,42.2,16.2,39.3,3.9,16.8,AL,Franklin,31802,01059,Franklin County,Alabama,0.7576,0.6675,0.9491,0.6045,0.4846,32011.0,2025,2022,20.1,40.1,8.9,11.8,17.8,5.2,7.3,25.2,25.0,18.7,17.3,,12.1,11.5,37.1,2023,3,High
01061,12.5,28.3,16.2,39.1,60.6,7.1,10.5,,7.0,77.1,81.5,55.2,8.9,,,19.8,54.2,27.1,13.0,25.3,36.2,,30.1,76.9,20.1,42.2,15.5,41.2,3.8,18.2,AL,Geneva,26988,01061,Geneva County,Alabama,0.5822,0.6729,0.6427,0.5161,0.3509,26647.0,2025,2022,19.5,38.0,8.5,11.4,16.6,4.8,6.5,25.1,22.2,17.0,15.7,,11.2,10.8,36.0,2023,3,High
01063,15.4,30.9,10.7,52.4,67.8,5.0,12.3,,8.2,81.9,82.0,56.4,10.7,,,23.8,41.0,22.0,21.1,36.0,36.2,,42.0,74.9,21.5,53.4,18.0,51.0,6.1,31.4,AL,Greene,7341,01063,Greene County,Alabama,0.9157,0.9211,0.8425,0.9857,0.7254,7706.0,2025,2022,22.6,46.6,7.5,16.4,25.0,8.9,11.7,33.8,44.4,42.2,31.8,,22.1,25.5,40.5,2023,1,Critical
01065,12.8,29.0,12.6,46.0,65.2,5.8,11.5,,6.9,80.4,83.3,59.7,8.6,,,19.5,49.1,22.3,16.3,28.9,35.5,,34.4,79.6,20.0,47.8,15.6,44.9,4.7,25.3,AL,Hale,14888,01065,Hale County,Alabama,0.8826,0.9341,0.5072,0.9259,0.8148,14742.0,2025,2022,19.8,40.4,7.1,12.8,19.6,6.2,8.1,29.9,31.6,26.6,23.4,,15.5,16.9,38.3,2023,1,Critical
01067,10.9,27.3,15.2,40.4,61.0,6.8,10.5,,6.3,78.2,83.3,57.7,7.6,,,17.1,49.7,24.8,12.8,23.1,35.7,,29.1,74.1,19.1,41.2,14.1,42.6,3.7,11.4,AL,Henry,17899,01067,Henry County,Alabama,0.6195,0.6519,0.5695,0.6726,0.4677,17282.0,2025,2022,18.0,36.0,7.4,10.4,15.6,4.5,5.9,26.7,21.3,16.1,15.7,,10.8,10.7,37.0,2023,3,High
01069,10.8,27.3,14.8,39.8,63.0,7.0,10.5,,6.3,79.4,83.5,61.1,7.5,,,16.3,53.0,25.8,13.1,23.6,34.2,,27.7,74.6,19.5,40.5,14.0,40.4,3.7,16.5,AL,Houston,108462,01069,Houston County,Alabama,0.7175,0.7703,0.7499,0.7251,0.3936,107040.0,2025,2022,17.7,37.2,7.6,10.4,15.5,4.5,6.0,27.4,21.5,16.6,16.4,,11.1,11.3,39.5,2023,3,High
01071,11.8,29.1,16.0,39.6,60.0,7.4,10.4,,7.0,76.8,81.4,60.2,8.9,,,19.4,52.0,28.2,12.7,24.9,35.9,,30.6,72.4,20.3,39.1,15.5,42.1,3.7,18.7,AL,Jackson,53467,01071,Jackson County,Alabama,0.7194,0.8552,0.8136,0.328,0.3783,52618.0,2025,2022,19.6,40.8,8.8,11.3,16.9,4.6,6.1,25.6,20.8,15.6,14.3,,10.6,9.9,35.3,2023,3,High
01073,9.3,25.3,15.5,40.0,62.9,6.4,9.9,,5.7,80.0,85.8,67.2,6.2,,,14.1,58.2,23.2,13.5,20.3,35.4,,27.4,84.2,17.5,37.6,12.1,38.4,3.6,14.5,AL,Jefferson,662895,01073,Jefferson County,Alabama,0.7251,0.6802,0.6109,0.8766,0.6017,672265.0,2025,2022,15.8,34.1,6.3,9.2,14.9,4.2,5.5,25.0,20.8,15.2,16.0,,10.5,11.4,39.0,2023,3,High
01075,11.5,28.1,15.8,40.4,60.8,7.2,10.5,,6.9,77.1,81.6,58.4,8.8,,,19.5,54.3,26.5,12.9,24.8,36.9,,30.0,77.1,20.4,40.8,15.4,39.5,3.8,21.7,AL,Lamar,13661,01075,Lamar County,Alabama,0.4731,0.5654,0.4718,0.413,0.3395,13885.0,2025,2022,19.5,39.1,8.4,11.2,16.7,4.7,6.1,25.6,21.3,16.5,15.1,,10.9,10.5,37.1,2023,3,High
01077,9.5,26.6,16.2,35.9,60.2,7.4,10.0,,5.9,77.7,83.8,60.5,7.0,,,15.4,59.5,25.2,11.0,20.2,35.0,,25.8,74.6,18.6,36.7,13.4,41.4,3.2,15.6,AL,Lauderdale,96814,01077,Lauderdale County,Alabama,0.4919,0.4687,0.4219,0.4636,0.5568,94329.0,2025,2022,16.6,33.8,7.5,9.2,13.8,3.7,4.9,23.4,16.1,11.7,12.3,,8.8,8.4,34.5,2023,2,Moderate
01079,11.1,27.9,15.8,38.7,60.1,7.1,10.6,,6.6,77.2,82.3,58.4,8.2,,,18.8,52.1,26.1,12.5,23.7,35.9,,29.4,75.2,19.8,39.2,14.9,39.9,3.7,22.4,AL,Lawrence,33502,01079,Lawrence County,Alabama,0.3624,0.4652,0.3878,0.5867,0.1833,33116.0,2025,2022,18.9,37.5,8.2,10.7,16.0,4.4,6.0,26.0,20.6,15.1,15.0,,10.8,10.2,37.1,2023,3,High
01081,9.1,25.6,15.3,38.6,61.5,6.9,10.0,,5.9,79.3,85.0,63.6,6.4,,,13.8,57.5,23.4,12.7,20.1,35.1,,25.7,78.6,17.3,39.9,12.6,37.5,3.3,13.3,AL,Lee,183215,01081,Lee County,Alabama,0.6446,0.5609,0.2046,0.7038,0.9023,175126.0,2025,2022,15.4,32.5,7.0,8.9,13.8,3.9,5.1,23.5,17.5,12.8,13.7,,9.4,9.6,33.5,2023,2,Moderate
01083,9.6,25.8,16.4,37.3,58.9,7.2,9.7,,5.6,78.0,84.7,63.1,6.1,,,14.0,60.2,24.2,10.9,19.3,35.7,,24.5,76.1,17.1,39.0,12.4,39.8,3.0,14.6,AL,Limestone,114654,01083,Limestone County,Alabama,0.3233,0.3,0.2574,0.6115,0.399,104199.0,2025,2022,15.5,32.3,6.9,8.3,13.1,3.4,4.5,23.8,15.4,9.9,12.1,,8.2,7.8,35.8,2023,2,Moderate
01085,14.7,30.0,11.2,50.4,66.9,5.3,11.8,,7.8,81.4,82.2,54.9,9.9,,,22.2,44.6,22.0,19.4,33.8,35.4,,39.3,74.5,21.0,51.3,17.1,49.5,5.6,28.8,AL,Lowndes,9717,01085,Lowndes County,Alabama,0.9042,0.9679,0.7642,0.9755,0.5813,10153.0,2025,2022,21.6,44.9,7.4,15.1,23.1,7.9,10.4,32.6,40.3,37.0,29.0,,19.8,22.5,40.3,2023,1,Critical
01087,11.9,28.6,11.6,48.4,66.6,5.1,11.8,,6.6,82.2,85.0,62.2,7.7,,,17.9,47.6,21.6,17.7,28.6,34.7,,34.8,78.7,19.7,49.1,14.9,44.7,4.8,25.5,AL,Macon,18370,01087,Macon County,Alabama,0.9656,0.9618,0.6185,0.9866,0.9765,19198.0,2025,2022,18.7,40.0,6.1,12.5,19.7,6.3,8.2,32.0,33.2,27.8,25.3,,16.4,18.6,40.2,2023,1,Critical
01089,8.3,25.3,15.4,36.2,59.1,6.9,9.4,,5.2,79.3,86.4,64.0,5.2,,,12.0,62.4,22.0,10.9,17.3,35.0,,22.2,79.7,16.0,40.1,11.3,38.4,2.9,10.9,AL,Madison,412600,01089,Madison County,Alabama,0.3509,0.2813,0.3369,0.7423,0.3723,389781.0,2025,2022,13.6,29.3,6.3,7.4,11.8,3.1,4.2,23.7,13.7,9.3,11.4,,7.8,7.7,35.4,2023,2,Moderate
01091,12.1,29.0,13.1,45.7,64.8,6.0,11.1,,6.8,80.6,83.7,57.8,8.1,,,18.0,49.8,23.5,16.1,27.3,37.3,,32.7,75.7,19.5,43.2,15.0,43.9,4.4,20.4,AL,Marengo,18684,01091,Marengo County,Alabama,0.6691,0.5434,0.7741,0.8953,0.4932,19180.0,2025,2022,18.8,39.5,7.1,11.9,18.7,5.6,7.5,29.5,28.9,23.9,21.2,,14.2,15.4,39.1,2023,1,Critical
01093,11.7,28.2,16.2,39.3,59.6,7.5,10.4,,6.9,76.5,81.4,55.9,8.8,,,19.2,54.2,27.3,12.3,24.1,36.7,,30.1,71.7,20.1,42.5,15.3,38.6,3.7,17.8,AL,Marion,29244,01093,Marion County,Alabama,0.6946,0.8565,0.4368,0.2587,0.6507,29203.0,2025,2022,19.3,38.6,8.6,11.0,16.2,4.6,6.0,25.1,20.3,15.1,14.1,,10.3,9.7,36.4,2023,3,High
01095,13.1,26.6,16.3,37.5,59.5,7.4,9.8,,6.4,76.2,82.7,59.6,7.7,,,16.8,56.3,26.2,12.4,23.5,36.8,,29.7,72.9,18.8,37.6,14.4,40.3,3.4,22.9,AL,Marshall,100756,01095,Marshall County,Alabama,0.6201,0.6223,0.9087,0.5425,0.2504,97923.0,2025,2022,18.0,37.4,8.1,9.9,15.3,4.1,5.7,24.6,19.2,13.2,13.9,,9.8,9.1,37.4,2023,3,High
01097,10.5,25.6,14.8,39.6,63.9,6.5,9.8,,6.1,78.1,84.1,62.2,6.9,,,15.7,51.3,22.7,14.1,22.1,35.3,,29.7,77.4,18.1,39.0,13.3,41.5,3.7,15.8,AL,Mobile,411640,01097,Mobile County,Alabama,0.8304,0.8629,0.623,0.8212,0.7095,413878.0,2025,2022,16.3,34.3,6.8,9.9,15.7,4.4,5.9,28.4,22.3,16.5,16.6,,11.3,11.5,35.5,2023,3,High
01099,12.8,28.9,13.4,44.7,64.0,6.2,11.3,,7.1,79.6,82.3,59.2,9.0,,,20.4,48.7,24.2,15.6,28.7,35.4,,34.7,75.8,20.6,43.9,15.9,45.6,4.5,20.4,AL,Monroe,19229,01099,Monroe County,Alabama,0.7416,0.9119,0.2997,0.8473,0.4871,19816.0,2025,2022,20.3,41.1,7.7,12.7,19.3,5.8,7.8,29.2,29.6,24.7,21.5,,14.6,15.5,38.2,2023,1,Critical
01101,10.4,27.2,13.0,43.8,64.4,5.8,10.8,,6.0,82.0,85.6,61.7,6.7,,,14.8,53.2,21.4,14.8,23.8,34.0,,29.9,80.9,17.7,46.3,13.5,43.8,4.0,14.7,AL,Montgomery,224980,01101,Montgomery County,Alabama,0.929,0.9036,0.8762,0.9542,0.8069,228132.0,2025,2022,16.4,36.4,6.2,10.4,16.7,4.9,6.6,28.1,25.6,20.2,20.2,,12.9,14.3,37.4,2023,1,Critical
01103,11.7,26.9,15.8,39.9,61.5,7.1,9.9,,6.2,77.0,83.4,60.7,7.2,,,16.3,54.9,24.9,12.3,22.4,35.9,,28.6,74.9,18.0,38.5,13.8,39.6,3.3,18.3,AL,Morgan,125133,01103,Morgan County,Alabama,0.6787,0.5396,0.8142,0.6179,0.6258,123102.0,2025,2022,17.0,35.9,7.7,9.6,14.8,4.0,5.5,25.0,18.8,13.0,14.2,,9.6,9.3,36.0,2023,3,High
01105,14.5,31.6,11.1,51.9,67.9,5.4,12.2,,8.2,81.9,82.1,57.3,10.7,,,23.3,42.3,23.4,20.5,35.4,36.4,,40.3,75.4,21.7,54.0,17.9,47.4,5.8,30.1,AL,Perry,7738,01105,Perry County,Alabama,0.9214,0.9456,0.7976,0.9653,0.7324,8479.0,2025,2022,22.4,46.1,7.8,15.9,24.1,8.4,11.1,31.8,41.9,39.6,29.8,,20.7,24.0,39.7,2023,1,Critical
01107,14.0,28.0,14.0,43.6,63.3,6.2,10.7,,7.0,79.2,82.4,59.3,8.5,,,19.0,50.4,23.1,15.2,27.5,36.6,,33.4,79.5,19.5,48.0,15.4,42.2,4.3,25.0,AL,Pickens,18688,01107,Pickens County,Alabama,0.8918,0.7646,0.9268,0.8482,0.8387,18925.0,2025,2022,19.3,39.6,7.8,11.8,18.1,5.6,7.5,28.5,27.9,22.3,20.5,,13.8,14.5,37.7,2023,1,Critical
01109,10.7,28.4,14.0,42.6,62.8,6.5,10.9,,6.6,79.7,83.7,58.7,7.9,,,17.2,55.2,24.6,14.6,24.7,35.2,,29.2,75.8,19.2,43.3,14.5,40.1,4.1,16.6,AL,Pike,33137,01109,Pike County,Alabama,0.8002,0.8218,0.2634,0.8279,0.8906,32997.0,2025,2022,18.0,38.2,7.5,11.1,17.2,5.1,6.7,26.0,24.8,20.0,18.5,,12.6,13.5,35.8,2023,3,High
01111,10.9,27.5,15.4,39.7,61.1,7.1,10.4,,6.5,78.3,82.9,58.5,7.9,,,17.6,51.8,25.8,12.7,23.5,36.9,,28.2,74.4,19.4,38.0,14.3,40.1,3.6,15.8,AL,Randolph,22786,01111,Randolph County,Alabama,0.559,0.4998,0.6857,0.6128,0.4598,22179.0,2025,2022,18.3,37.2,7.7,10.4,15.6,4.4,5.8,25.6,20.7,15.5,15.1,,10.6,10.4,36.5,2023,3,High
01113,12.2,27.6,13.8,43.7,64.0,6.1,11.1,,6.6,79.4,83.7,61.2,8.0,,,18.1,49.3,24.3,15.3,26.4,36.4,,32.3,75.8,19.6,42.7,14.9,43.3,4.3,19.5,AL,Russell,58744,01113,Russell County,Alabama,0.8963,0.9504,0.8925,0.8976,0.4897,58849.0,2025,2022,18.8,38.7,7.2,11.7,18.0,5.4,7.3,29.0,28.0,21.9,21.0,,13.8,14.7,39.2,2023,1,Critical
01115,9.5,26.7,17.0,37.2,60.1,7.3,10.0,,5.8,77.8,84.1,60.0,6.7,,,15.2,61.0,25.9,10.9,20.1,36.8,,26.3,76.2,18.6,39.2,13.2,35.8,3.1,11.9,AL,St. Clair,95552,01115,St. Clair County,Alabama,0.2587,0.3048,0.1893,0.4378,0.3287,91719.0,2025,2022,16.7,34.3,7.3,8.9,13.5,3.5,4.7,25.6,16.1,10.8,12.4,,8.6,8.1,38.0,2023,2,Moderate
01117,7.4,23.9,17.7,36.4,58.7,7.5,9.4,,4.8,78.0,86.7,64.9,4.8,,,10.6,67.1,22.3,9.6,15.3,35.6,,19.9,80.3,15.4,31.6,10.6,35.1,2.5,11.3,AL,Shelby,233000,01117,Shelby County,Alabama,0.1238,0.0735,0.2453,0.5927,0.1842,223916.0,2025,2022,12.9,26.9,6.2,6.7,10.6,2.7,3.6,21.2,11.6,7.0,9.5,,6.5,6.5,31.5,2023,0,Low
01119,11.8,29.8,11.7,49.1,66.9,5.4,11.7,,7.1,82.3,84.1,60.0,8.5,,,18.8,45.3,21.9,18.2,29.4,35.7,,35.7,79.3,20.0,50.0,15.4,48.3,5.1,29.8,AL,Sumter,11727,01119,Sumter County,Alabama,0.9255,0.9185,0.6997,0.9736,0.9004,12196.0,2025,2022,19.2,40.4,6.8,13.1,20.5,6.8,8.8,30.2,34.1,29.9,25.7,,16.8,19.8,38.0,2023,1,Critical
01121,11.4,27.1,14.8,43.0,62.1,6.6,10.7,,6.6,79.5,83.3,62.2,7.9,,,18.0,52.3,23.7,14.2,24.9,35.7,,31.1,76.6,19.1,45.4,14.6,44.7,3.9,18.4,AL,Talladega,81132,01121,Talladega County,Alabama,0.908,0.889,0.8291,0.7579,0.8689,81105.0,2025,2022,18.4,37.3,7.6,10.8,16.2,4.8,6.4,27.0,23.6,18.3,17.7,,11.9,12.3,36.9,2023,3,High
01123,10.7,28.4,15.3,40.8,61.8,6.9,10.5,,6.3,79.0,83.6,57.3,7.3,,,16.9,55.4,25.2,12.7,23.4,36.5,,27.8,73.9,19.1,39.6,14.1,42.5,3.6,17.6,AL,Tallapoosa,40677,01123,Tallapoosa County,Alabama,0.8692,0.8139,0.9526,0.6847,0.6637,41251.0,2025,2022,17.6,36.4,7.5,10.1,15.3,4.3,5.7,26.7,21.0,15.4,15.9,,10.8,10.8,37.6,2023,3,High
01125,9.6,26.7,15.4,40.8,64.3,6.7,10.2,,5.9,81.1,84.9,59.8,6.7,,,15.0,55.4,24.7,12.4,21.2,37.0,,26.8,78.1,18.0,43.2,13.2,41.9,3.5,15.0,AL,Tuscaloosa,237373,01125,Tuscaloosa County,Alabama,0.651,0.6319,0.1371,0.776,0.8584,231558.0,2025,2022,16.5,34.5,6.9,9.4,14.8,4.1,5.5,24.7,20.1,14.3,15.5,,10.2,10.7,33.8,2023,3,High
01127,11.2,28.5,15.6,38.6,59.6,7.4,10.4,,6.7,77.3,81.9,58.1,8.5,,,18.9,51.5,27.8,12.2,24.2,35.1,,30.6,69.2,20.0,35.7,15.5,43.6,3.5,17.0,AL,Walker,64728,01127,Walker County,Alabama,0.6398,0.741,0.8352,0.3649,0.3166,64978.0,2025,2022,19.0,39.1,8.2,10.9,16.3,4.4,5.8,24.9,20.1,14.5,13.9,,10.1,9.5,36.6,2023,3,High
01129,10.2,28.6,15.0,40.8,61.8,6.8,10.7,,6.4,78.0,83.2,59.5,7.7,,,17.9,49.9,25.5,13.3,24.2,35.8,,29.9,74.9,19.6,41.0,14.6,44.4,3.8,16.2,AL,Washington,15022,01129,Washington County,Alabama,0.3217,0.5962,0.1158,0.72,0.1145,15434.0,2025,2022,18.2,38.4,7.8,10.5,16.4,4.5,6.1,26.8,22.3,16.3,16.4,,11.3,11.3,37.5,2023,3,High
01131,15.1,30.2,11.5,50.4,66.7,5.5,12.1,,7.8,81.1,82.0,54.2,10.3,,,22.8,39.7,22.7,19.1,34.0,35.9,,39.1,73.3,21.4,51.9,17.3,47.4,5.5,34.0,AL,Wilcox,9944,01131,Wilcox County,Alabama,0.9819,0.9609,0.9691,0.9685,0.8479,10441.0,2025,2022,22.1,44.9,7.6,15.3,22.9,7.9,10.4,32.9,40.4,36.4,29.0,,19.8,22.0,41.3,2023,1,Critical
01133,12.6,28.9,16.0,39.5,60.0,7.5,10.4,,7.1,76.5,80.6,57.8,9.4,,,20.2,56.8,28.0,12.7,25.5,37.5,,31.8,71.8,20.4,39.0,16.0,37.3,3.8,14.5,AL,Winston,23611,01133,Winston County,Alabama,0.6125,0.6946,0.8352,0.1928,0.4079,23655.0,2025,2022,20.1,39.7,8.9,11.6,17.1,4.8,6.4,24.7,21.5,16.4,14.6,,10.8,9.9,37.1,2023,3,High
02013,16.0,18.4,15.0,33.8,53.7,4.7,7.8,,6.4,64.6,76.3,43.8,5.4,,,16.0,48.1,12.3,12.9,22.4,32.5,,28.5,62.8,13.0,29.8,12.8,41.8,3.6,16.9,AK,Aleutians East,3461,02013,Aleutians East Borough,Alaska,0.7754,0.651,0.1184,0.987,0.9898,3407.0,2025,2022,13.0,30.0,8.6,7.3,12.9,3.7,6.3,34.2,21.0,12.0,14.9,,10.8,9.0,35.1,2023,3,High
02016,13.1,17.7,17.6,32.2,51.9,4.9,7.8,,5.7,64.9,77.4,49.8,4.8,,,14.9,51.7,13.1,11.4,18.7,32.2,,25.6,64.3,13.0,30.5,11.7,38.9,3.1,15.0,AK,Aleutians West,5160,02016,Aleutians West Census Area,Alaska,0.5033,0.2555,0.0159,0.9787,0.9955,5219.0,2025,2022,12.2,26.3,7.6,6.4,10.9,3.1,5.0,33.5,16.4,8.9,12.7,,9.0,7.6,37.7,2023,2,Moderate
02020,9.5,22.0,18.0,31.4,51.6,6.5,10.6,,5.1,70.7,80.6,55.9,5.2,,,14.1,64.2,21.2,8.8,17.5,29.5,,20.0,69.0,16.1,35.0,12.1,34.7,2.8,13.6,AK,Anchorage,286075,02020,Anchorage Municipality,Alaska,0.6052,0.4044,0.3901,0.8291,0.8241,290674.0,2025,2022,13.2,27.5,7.1,7.1,11.0,3.0,4.2,25.0,12.8,9.0,12.0,,8.3,7.9,33.8,2023,2,Moderate
02050,15.9,25.2,15.6,39.7,51.3,5.7,13.4,,8.6,64.9,71.7,43.6,10.4,,,31.2,37.0,20.3,14.7,32.7,30.0,,34.4,57.2,20.9,39.4,20.2,41.8,5.4,31.5,AK,Bethel,18224,02050,Bethel Census Area,Alaska,0.9424,0.8963,0.6392,0.9949,0.9777,18538.0,2025,2022,21.8,43.2,12.6,14.6,20.9,6.6,11.1,36.1,37.0,29.6,26.5,,21.9,19.6,36.6,2023,1,Critical
02060,9.8,21.8,20.5,31.2,49.1,6.7,11.1,,5.9,64.8,78.9,52.3,5.8,,,16.7,58.1,19.8,9.1,17.9,29.3,,20.7,65.3,16.6,34.5,13.2,38.0,3.2,12.4,AK,Bristol Bay,844,02060,Bristol Bay Borough,Alaska,0.2332,0.1171,0.0019,0.896,0.9516,854.0,2025,2022,14.8,29.6,8.2,7.8,11.6,3.3,4.8,26.3,14.4,9.1,12.8,,9.7,8.5,34.2,2023,0,Low
02063,9.2,21.0,19.5,29.7,50.3,6.8,10.0,,5.3,65.7,79.2,57.6,5.4,,,14.7,61.2,19.0,8.0,16.5,29.8,,20.2,67.6,15.2,30.7,12.1,34.7,2.8,9.8,AK,Chugach,6769,02063,Chugach Census Area,Alaska,0.6876,0.4292,0.3627,0.658,0.9844,7000.0,2025,2022,13.2,26.8,7.2,6.9,10.2,2.9,4.1,24.1,12.0,7.8,10.6,,7.7,7.1,32.1,2023,0,Low
02066,10.0,22.8,21.3,32.2,50.9,7.0,10.9,,6.0,66.1,78.2,51.4,6.5,,,17.9,57.7,21.1,8.9,18.9,29.2,,21.7,68.8,16.8,33.1,13.5,36.3,3.2,15.0,AK,Copper River,2674,02066,Copper River Census Area,Alaska,0.5247,0.4881,0.6017,0.8571,0.3019,2614.0,2025,2022,15.1,30.3,8.2,8.4,12.1,3.5,5.0,25.5,15.0,10.6,12.3,,9.7,8.7,34.0,2023,2,Moderate
02068,9.5,20.5,20.7,29.9,49.6,6.8,9.8,,5.4,65.9,79.0,55.0,5.4,,,15.2,61.8,19.7,7.7,15.9,29.4,,20.4,68.6,15.4,29.9,11.9,32.3,2.8,12.9,AK,Denali,1584,02068,Denali Borough,Alaska,0.0353,0.0013,0.0003,0.6045,0.7009,2101.0,2025,2022,13.5,27.3,7.3,6.8,10.1,2.8,3.9,25.1,11.9,7.7,10.5,,7.5,6.7,32.3,2023,0,Low
02070,13.4,23.9,18.2,33.9,51.4,5.9,12.6,,7.3,63.5,74.5,47.0,8.2,,,25.7,47.4,20.0,12.5,26.5,29.4,,29.3,62.7,19.3,38.5,17.3,37.8,4.4,19.7,AK,Dillingham,4607,02070,Dillingham Census Area,Alaska,0.8931,0.7798,0.7436,0.9895,0.9278,4854.0,2025,2022,18.7,37.4,10.5,11.8,17.0,5.1,8.4,31.6,27.4,20.0,20.9,,16.9,15.0,36.7,2023,3,High
02090,9.5,20.9,17.7,31.7,50.8,6.9,10.0,,5.0,66.8,79.9,57.0,5.0,,,14.3,63.2,20.1,8.3,16.5,31.2,,21.8,58.4,15.4,35.8,12.1,36.8,2.7,11.5,AK,Fairbanks North Star,94840,02090,Fairbanks North Star Borough,Alaska,0.4925,0.3493,0.2319,0.6949,0.77,96299.0,2025,2022,13.0,28.3,7.0,6.8,10.1,2.8,3.9,25.3,11.2,7.8,10.5,,7.6,6.8,32.9,2023,0,Low
02100,8.3,21.1,20.0,30.1,49.5,7.2,10.3,,5.2,66.7,79.8,54.2,5.3,,,13.9,60.5,20.5,7.7,15.5,29.6,,18.4,69.6,15.5,33.3,11.7,33.0,2.7,13.8,AK,Haines,2070,02100,Haines Borough,Alaska,0.4594,0.2717,0.2759,0.6332,0.7916,2079.0,2025,2022,13.0,26.4,7.1,6.8,10.0,2.8,3.9,23.3,11.5,7.6,10.1,,7.6,7.0,32.1,2023,0,Low
02105,11.3,23.0,18.7,33.2,51.5,6.6,11.6,,6.5,66.2,77.4,52.2,6.9,,,19.7,52.5,20.5,10.4,21.8,30.1,,24.3,67.2,17.8,36.4,14.9,37.7,3.6,20.2,AK,Hoonah-Angoon,2262,02105,Hoonah-Angoon Census Area,Alaska,0.6376,0.5698,0.2743,0.8727,0.7534,2329.0,2025,2022,16.4,33.7,9.0,9.4,13.8,4.0,6.1,27.6,19.7,13.9,16.0,,12.4,11.2,34.3,2023,2,Moderate
02110,8.7,21.6,20.0,29.5,51.7,6.7,10.2,,5.0,66.7,80.4,56.0,5.2,,,13.8,62.7,21.5,7.8,16.1,30.7,,17.0,68.5,15.5,34.5,11.8,32.8,2.7,13.0,AK,Juneau,31555,02110,Juneau City and Borough,Alaska,0.3528,0.1365,0.0531,0.7617,0.9313,32108.0,2025,2022,13.1,26.1,6.9,6.8,10.0,2.9,3.9,23.9,11.8,7.7,10.2,,7.8,7.2,32.2,2023,0,Low
02122,10.3,21.9,19.3,30.3,49.8,7.4,10.4,,5.5,62.4,76.9,52.8,6.0,,,16.2,59.5,20.7,7.9,17.5,31.4,,20.3,61.3,16.2,32.0,13.0,30.2,2.9,15.8,AK,Kenai Peninsula,61223,02122,Kenai Peninsula Borough,Alaska,0.4725,0.5345,0.1985,0.5581,0.5307,59235.0,2025,2022,14.0,28.4,7.6,7.4,10.8,3.1,4.3,22.2,13.4,9.5,11.2,,8.2,7.6,33.2,2023,0,Low
02130,9.8,21.7,19.6,30.9,50.2,6.8,10.4,,5.3,66.9,79.0,54.4,5.7,,,16.0,60.3,19.5,8.6,18.3,29.5,,21.0,67.0,16.0,37.4,13.0,38.8,2.9,11.7,AK,Ketchikan Gateway,13738,02130,Ketchikan Gateway Borough,Alaska,0.5027,0.3331,0.1047,0.7607,0.908,13910.0,2025,2022,13.7,28.5,7.4,7.3,11.2,3.1,4.4,24.2,13.5,9.1,11.6,,8.6,7.8,30.2,2023,0,Low
02150,10.5,19.1,17.6,30.2,51.1,5.8,9.3,,5.2,67.1,78.8,51.7,5.2,,,15.0,55.7,17.2,9.3,17.7,31.7,,22.8,69.0,14.7,31.4,12.0,38.7,2.9,13.3,AK,Kodiak Island,12565,02150,Kodiak Island Borough,Alaska,0.637,0.364,0.2529,0.8877,0.9644,13065.0,2025,2022,13.1,26.8,7.1,7.0,10.7,3.0,4.5,27.2,14.8,8.9,11.7,,8.5,7.4,34.0,2023,2,Moderate
02158,18.1,28.4,15.3,41.5,54.2,5.7,14.6,,9.6,66.0,70.4,40.1,12.4,,,36.9,32.2,22.7,18.0,39.0,30.5,,38.5,48.5,23.5,47.0,23.2,45.6,6.2,44.6,AK,Kusilvak,8001,02158,Kusilvak Census Area,Alaska,0.8568,0.9042,0.5679,0.9994,0.7035,8372.0,2025,2022,25.1,49.9,13.8,17.6,25.1,8.1,13.8,35.3,45.8,38.9,31.6,,26.8,24.9,39.3,2023,1,Critical
02164,12.6,24.1,17.0,35.0,52.1,6.1,12.5,,7.2,66.5,75.7,48.1,8.1,,,24.2,49.4,20.5,12.6,26.0,29.7,,28.7,62.4,19.2,38.6,16.9,40.4,4.3,23.3,AK,Lake and Peninsula,1331,02164,Lake and Peninsula Borough,Alaska,0.7926,0.6923,0.6246,0.9857,0.7623,999.0,2025,2022,18.5,37.4,10.1,11.3,16.6,4.9,7.9,30.7,26.1,19.3,19.8,,15.8,14.3,35.5,2023,3,High
02170,9.9,24.5,16.8,30.4,49.3,7.1,10.7,,5.7,69.9,78.8,52.6,6.2,,,17.0,55.8,22.1,8.3,18.1,32.0,,22.5,64.4,16.6,37.0,13.2,34.2,3.0,14.7,AK,Matanuska-Susitna,115239,02170,Matanuska-Susitna Borough,Alaska,0.4792,0.552,0.4082,0.5797,0.3474,108661.0,2025,2022,15.0,31.8,7.9,7.9,11.5,3.2,4.3,24.7,13.1,9.5,11.8,,8.6,7.8,32.7,2023,2,Moderate
02180,13.5,24.1,17.9,35.5,53.6,5.9,12.7,,7.9,65.3,74.1,47.9,9.1,,,28.7,39.4,20.1,13.7,28.7,30.5,,30.3,58.7,20.0,38.8,17.9,44.0,4.8,27.4,AK,Nome,9763,02180,Nome Census Area,Alaska,0.8683,0.8785,0.3449,0.9898,0.9214,10018.0,2025,2022,19.8,40.2,11.4,12.7,18.1,5.6,9.4,31.6,31.8,24.2,22.8,,18.6,17.3,35.5,2023,1,Critical
02185,11.6,20.8,19.7,35.3,51.7,5.9,10.4,,6.3,65.3,77.2,53.8,6.1,,,19.9,51.8,17.7,11.0,20.6,29.9,,24.1,65.9,16.3,41.2,14.0,39.0,3.5,16.7,AK,North Slope,10603,02185,North Slope Borough,Alaska,0.7747,0.4283,0.4604,0.9551,0.9946,10924.0,2025,2022,15.0,31.6,9.1,8.2,12.8,3.5,5.7,30.5,18.3,10.9,14.6,,11.3,9.7,33.4,2023,2,Moderate
02188,14.2,25.1,17.0,38.1,52.7,5.9,13.2,,7.9,66.9,74.1,47.4,9.1,,,28.6,42.9,20.3,14.6,29.9,30.0,,30.8,62.1,20.3,40.9,18.7,42.7,4.8,30.4,AK,Northwest Arctic,7361,02188,Northwest Arctic Borough,Alaska,0.8734,0.8304,0.3611,0.9943,0.9602,7682.0,2025,2022,20.3,41.8,11.3,12.9,19.1,5.6,9.5,32.5,32.1,24.1,24.4,,18.9,17.5,37.8,2023,1,Critical
02195,10.3,21.8,19.3,30.2,50.8,6.8,10.0,,5.4,64.9,78.8,53.1,5.6,,,15.3,59.5,19.2,8.5,17.1,30.2,,20.4,69.1,15.7,30.8,12.1,33.3,2.9,11.7,AK,Petersburg,3427,02195,Petersburg Borough,Alaska,0.6857,0.3929,0.7445,0.8352,0.8072,3374.0,2025,2022,13.7,27.9,7.3,7.2,10.6,3.0,4.2,25.8,12.9,8.5,11.3,,8.1,7.3,32.8,2023,2,Moderate
02198,11.8,24.3,18.0,33.2,51.6,6.5,12.1,,6.9,66.4,76.2,49.1,7.6,,,22.0,52.3,21.4,11.0,23.9,29.3,,25.1,64.4,18.6,37.7,16.1,36.2,3.9,21.0,AK,Prince of Wales-Hyder,5696,02198,Prince of Wales-Hyder Census Area,Alaska,0.818,0.5978,0.6341,0.9001,0.9523,5799.0,2025,2022,17.5,35.4,9.6,10.3,15.0,4.4,6.7,28.3,21.8,16.2,17.3,,13.5,12.5,35.1,2023,3,High
02220,9.0,20.7,19.1,30.0,49.7,6.7,10.1,,5.0,66.5,79.9,57.3,5.2,,,13.9,61.2,19.8,8.4,15.9,28.5,,18.4,71.4,15.2,29.7,11.6,31.8,2.8,10.2,AK,Sitka,8282,02220,Sitka City and Borough,Alaska,0.4442,0.3029,0.0827,0.7843,0.8237,8462.0,2025,2022,13.0,26.3,7.0,6.9,10.0,2.9,4.1,25.2,12.1,7.8,10.7,,7.9,7.1,32.2,2023,0,Low
02230,10.0,21.2,19.7,29.7,50.5,7.0,10.1,,5.1,66.2,79.5,56.5,5.5,,,14.6,58.8,20.2,7.8,16.2,29.6,,19.9,66.7,15.6,35.0,12.0,36.0,2.7,14.3,AK,Skagway,1095,02230,Skagway Municipality,Alaska,0.3328,0.3042,0.0283,0.5829,0.7875,1303.0,2025,2022,13.5,27.3,6.9,7.0,10.2,2.9,3.9,24.2,11.9,7.8,10.5,,7.6,6.8,32.4,2023,0,Low
02240,11.7,22.7,19.1,32.8,50.3,6.9,10.1,,6.2,64.2,76.2,52.6,6.7,,,18.0,52.7,19.7,9.0,20.3,28.8,,25.1,61.9,16.7,35.0,14.0,35.9,3.3,13.8,AK,Southeast Fairbanks,7077,02240,Southeast Fairbanks Census Area,Alaska,0.6755,0.4906,0.6939,0.6449,0.7798,6888.0,2025,2022,15.4,31.6,8.4,8.5,12.4,3.7,5.2,26.5,15.4,11.4,12.8,,9.8,9.0,35.4,2023,2,Moderate
02275,11.0,22.5,18.9,31.4,50.4,6.8,11.0,,6.0,65.2,77.6,51.4,6.6,,,18.0,55.3,20.2,9.1,20.0,30.7,,22.3,63.4,17.4,35.0,14.0,36.8,3.3,15.8,AK,Wrangell,2064,02275,Wrangell City and Borough,Alaska,0.5342,0.4187,0.6806,0.825,0.3939,2134.0,2025,2022,15.9,31.1,8.1,8.6,12.3,3.7,5.2,26.6,15.9,11.2,13.4,,10.2,9.1,33.7,2023,2,Moderate
02282,12.6,22.2,18.7,33.8,50.9,6.2,11.2,,6.6,65.0,76.4,52.0,6.9,,,20.3,51.7,19.3,10.6,22.1,30.6,,25.2,63.0,17.7,34.6,14.9,38.8,3.7,16.7,AK,Yakutat,687,02282,Yakutat City and Borough,Alaska,0.3723,0.1416,0.1079,0.9577,0.8116,564.0,2025,2022,16.8,33.9,9.2,9.3,13.7,4.1,6.1,30.4,19.8,13.2,16.1,,12.2,10.8,35.7,2023,2,Moderate
02290,13.8,25.6,16.4,37.1,52.5,6.1,12.7,,8.0,66.7,74.2,50.8,9.1,,,27.5,42.3,20.6,13.9,28.9,31.9,,28.3,62.2,20.0,36.6,18.4,40.7,4.7,31.6,AK,Yukon-Koyukuk,5129,02290,Yukon-Koyukuk Census Area,Alaska,0.8807,0.839,0.7394,0.98,0.8037,5355.0,2025,2022,19.7,40.4,11.3,12.7,18.1,5.6,9.1,31.4,30.6,23.0,22.7,,18.4,16.6,37.4,2023,1,Critical
04001,14.6,24.8,13.2,32.7,56.7,6.5,14.4,,7.8,69.8,76.8,45.1,10.4,,,23.1,43.6,21.0,15.3,30.9,28.6,,27.8,58.0,22.3,36.0,19.4,42.7,5.2,29.6,AZ,Apache,65036,04001,Apache County,Arizona,0.965,0.8902,0.9284,0.9841,0.9402,66054.0,2025,2022,21.9,42.6,11.1,14.1,19.5,6.7,11.3,36.3,35.0,29.5,25.3,,20.4,19.9,35.5,2023,1,Critical
04003,14.9,24.1,16.1,31.9,54.0,6.9,10.5,,5.8,70.9,81.7,49.9,6.4,,,13.4,55.5,21.2,10.6,21.2,33.2,,24.2,64.0,17.1,31.8,14.1,35.2,3.2,12.1,AZ,Cochise,124640,04003,Cochise County,Arizona,0.9325,0.7121,0.9574,0.8473,0.9714,125504.0,2025,2022,16.1,33.4,7.6,8.2,13.1,4.0,6.0,26.8,18.5,14.1,15.2,,9.8,9.9,31.1,2023,3,High
04005,10.4,22.9,16.4,28.4,51.6,7.2,11.7,,5.5,69.0,82.9,50.5,6.4,,,12.9,60.3,22.2,9.8,18.9,30.7,,16.8,63.4,18.0,25.3,13.2,32.9,3.3,10.3,AZ,Coconino,144472,04005,Coconino County,Arizona,0.8031,0.8097,0.0595,0.8533,0.9917,144705.0,2025,2022,15.5,29.5,7.7,8.3,11.8,3.7,5.7,26.5,16.8,12.7,13.5,,10.1,9.5,31.9,2023,0,Low
04007,13.2,24.7,18.0,29.2,54.4,7.2,11.6,,6.0,71.1,80.8,49.9,7.4,,,16.7,51.5,22.9,10.5,21.6,30.3,,24.7,63.1,19.0,32.2,15.1,36.8,3.4,18.7,AZ,Gila,54003,04007,Gila County,Arizona,0.847,0.8466,0.6131,0.7668,0.8352,53419.0,2025,2022,17.8,33.9,8.2,9.4,13.9,4.2,6.3,30.4,20.6,15.7,15.9,,11.5,11.0,34.8,2023,3,High
04009,16.0,22.3,16.4,31.3,53.5,6.8,11.2,,6.0,70.2,80.4,48.5,7.1,,,15.5,54.5,20.4,10.9,22.9,30.4,,25.5,67.9,17.7,36.3,14.6,37.6,3.4,16.9,AZ,Graham,39525,04009,Graham County,Arizona,0.8486,0.7,0.6596,0.8702,0.9513,38453.0,2025,2022,17.4,35.6,8.1,9.1,14.5,4.3,6.6,28.0,21.2,15.4,16.4,,11.1,10.4,32.4,2023,3,High
04011,16.1,21.5,17.4,28.7,52.5,6.4,10.1,,5.0,70.6,83.0,52.0,5.1,,,11.6,57.4,19.3,10.1,19.7,32.1,,23.1,70.9,16.1,33.0,12.9,37.7,2.7,13.0,AZ,Greenlee,9369,04011,Greenlee County,Arizona,0.3598,0.0974,0.6726,0.8934,0.4407,9483.0,2025,2022,14.9,30.4,6.8,7.2,11.7,3.3,5.3,27.7,16.5,10.1,14.0,,8.8,8.0,32.4,2023,2,Moderate
04012,18.1,23.8,16.9,31.0,54.5,6.9,11.4,,6.4,69.5,80.2,47.6,7.6,,,16.7,49.1,21.2,11.5,24.8,30.5,,28.1,65.4,18.5,36.1,15.7,39.0,3.6,17.6,AZ,La Paz,16710,04012,La Paz County,Arizona,0.9195,0.9236,0.9701,0.818,0.5775,16681.0,2025,2022,18.6,37.6,8.4,10.0,15.4,4.7,7.3,30.4,24.5,18.4,18.9,,12.8,11.9,34.9,2023,3,High
04013,13.1,21.3,16.8,28.6,53.8,7.3,10.1,,5.0,72.0,84.5,56.4,5.2,,,11.0,61.9,18.9,9.6,17.5,33.0,,20.0,75.0,15.3,30.6,11.4,34.9,2.7,14.0,AZ,Maricopa,4585871,04013,Maricopa County,Arizona,0.713,0.6201,0.5705,0.8521,0.6907,4430871.0,2025,2022,13.8,28.1,6.5,6.9,11.5,3.2,4.9,25.7,15.7,10.8,12.2,,8.6,6.9,32.5,2023,2,Moderate
04015,14.3,22.6,19.1,31.0,52.2,7.3,11.2,,5.9,67.7,80.0,48.5,7.7,,,17.1,52.0,21.5,9.7,20.3,31.2,,26.6,61.5,18.1,33.3,14.2,41.7,3.3,15.6,AZ,Mohave,223682,04015,Mohave County,Arizona,0.8489,0.8285,0.8419,0.5994,0.762,214229.0,2025,2022,16.9,33.2,7.5,9.0,14.0,4.1,5.9,29.7,18.4,14.0,14.5,,9.9,9.4,32.5,2023,3,High
04017,13.6,25.4,13.6,35.3,54.9,7.1,13.8,,6.8,68.1,77.8,46.0,9.0,,,19.5,49.6,23.3,12.3,24.7,29.7,,25.2,63.0,20.5,37.9,16.3,37.8,4.2,24.5,AZ,Navajo,109175,04017,Navajo County,Arizona,0.9806,0.8902,0.9863,0.9103,0.9446,107110.0,2025,2022,20.3,37.9,9.4,11.6,16.0,5.3,8.5,31.8,26.2,21.1,19.3,,15.3,14.4,34.1,2023,3,High
04019,13.0,21.8,15.8,30.1,52.2,7.1,11.0,,5.2,73.3,84.0,54.8,5.7,,,11.3,56.9,23.6,9.5,19.2,32.8,,21.6,72.7,17.3,32.2,13.0,38.8,2.9,14.2,AZ,Pima,1063162,04019,Pima County,Arizona,0.888,0.7493,0.7356,0.8711,0.9663,1042393.0,2025,2022,15.5,31.4,7.0,7.5,12.2,3.5,5.4,26.4,15.7,11.6,12.8,,9.3,8.8,32.9,2023,2,Moderate
04021,14.0,23.4,16.7,31.6,55.5,7.2,10.9,,5.4,72.7,82.6,53.8,6.2,,,12.7,56.2,20.6,10.9,20.7,34.5,,24.4,70.4,17.4,38.7,13.8,41.1,3.0,19.3,AZ,Pinal,484239,04021,Pinal County,Arizona,0.797,0.6347,0.8374,0.833,0.7521,433338.0,2025,2022,16.2,31.7,7.2,7.9,12.9,3.6,5.3,26.7,18.3,11.6,14.1,,9.4,9.3,34.1,2023,3,High
04023,26.5,19.9,15.5,31.3,54.1,5.4,9.5,,5.9,70.2,81.4,46.5,5.6,,,12.0,51.0,16.6,13.2,26.9,33.3,,30.3,70.9,15.8,34.8,15.1,36.4,3.3,20.9,AZ,Santa Cruz,49158,04023,Santa Cruz County,Arizona,0.9383,0.987,0.9395,0.9879,0.4092,47838.0,2025,2022,17.2,35.5,7.8,9.1,15.6,5.1,9.0,28.5,27.4,19.8,21.5,,13.2,12.6,30.3,2023,3,High
04025,11.8,22.5,18.9,27.0,51.3,7.7,11.0,,5.1,69.6,82.6,53.2,6.2,,,12.9,60.4,21.6,8.0,17.6,30.2,,19.9,61.4,16.8,27.6,12.8,34.2,2.8,11.9,AZ,Yavapai,249081,04025,Yavapai County,Arizona,0.5991,0.5752,0.5488,0.546,0.6026,237830.0,2025,2022,14.7,30.2,6.7,7.5,11.7,3.3,4.6,25.8,13.8,10.1,11.8,,8.0,7.3,31.0,2023,0,Low
04027,24.1,21.2,16.7,31.6,55.4,6.0,9.8,,6.1,71.4,80.5,45.5,6.2,,,13.7,50.5,18.6,12.9,26.4,31.1,,27.7,69.4,16.2,39.0,14.9,35.9,3.4,22.1,AZ,Yuma,213221,04027,Yuma County,Arizona,0.9978,0.9819,0.9736,0.9612,0.98,204374.0,2025,2022,17.3,33.3,7.7,9.1,14.8,4.8,8.1,29.0,26.3,18.9,20.6,,12.3,11.8,33.6,2023,3,High
05001,11.8,25.7,15.5,39.3,61.5,6.7,10.8,,6.5,78.1,83.3,55.4,7.8,,,17.6,47.8,24.7,12.1,24.9,32.7,,33.7,71.1,20.9,39.0,15.2,43.7,3.6,21.4,AR,Arkansas,16307,05001,Arkansas County,Arkansas,0.7226,0.6787,0.5078,0.6901,0.7585,17024.0,2025,2022,19.6,37.9,7.3,10.4,16.2,4.5,6.1,30.5,21.9,13.9,17.5,,11.1,12.6,38.9,2023,3,High
05003,13.7,28.1,14.9,42.1,62.0,6.5,11.2,,7.3,78.2,81.4,53.8,9.5,,,20.7,48.6,27.4,14.2,29.2,34.4,,39.4,67.6,21.9,45.2,17.3,43.8,4.2,30.3,AR,Ashley,18262,05003,Ashley County,Arkansas,0.8237,0.8171,0.9262,0.6971,0.5062,19018.0,2025,2022,22.3,42.9,8.1,12.6,19.1,5.6,7.7,29.8,26.5,19.3,20.1,,13.3,15.4,38.5,2023,1,Critical
05005,10.7,26.4,16.3,36.2,58.5,7.5,10.5,,6.8,76.7,82.1,55.7,8.3,,,17.9,53.4,28.7,10.3,23.2,30.9,,29.8,69.7,20.6,38.2,15.5,37.4,3.4,19.2,AR,Baxter,42875,05005,Baxter County,Arkansas,0.4333,0.6131,0.3618,0.2109,0.3366,41801.0,2025,2022,19.6,35.6,8.1,10.1,15.2,4.2,5.6,25.9,17.3,11.1,13.6,,9.5,10.1,34.8,2023,2,Moderate
05007,11.0,21.6,17.0,31.7,59.5,7.2,9.2,,5.3,78.0,85.1,55.5,5.6,,,11.6,62.8,23.8,9.8,18.8,30.3,,25.4,72.2,16.7,35.1,12.3,34.0,2.7,12.1,AR,Benton,311013,05007,Benton County,Arkansas,0.3268,0.182,0.5892,0.7286,0.3115,286528.0,2025,2022,15.1,29.7,6.9,7.3,11.9,3.0,4.3,25.3,13.2,6.6,11.3,,7.3,7.5,31.4,2023,0,Low
05009,10.0,26.2,16.9,34.6,57.0,7.4,10.4,,6.3,76.2,82.5,56.7,7.6,,,17.0,53.6,26.9,10.4,21.4,33.2,,28.9,70.1,20.2,40.8,15.1,39.3,3.2,22.3,AR,Boone,38530,05009,Boone County,Arkansas,0.2647,0.4053,0.4563,0.1508,0.1674,37662.0,2025,2022,18.9,36.3,7.6,9.3,14.6,3.7,5.0,26.0,16.0,9.2,12.9,,8.6,9.0,36.8,2023,2,Moderate
05011,16.1,27.2,14.1,42.9,62.2,6.2,10.9,,7.2,78.0,81.8,52.9,8.8,,,19.3,46.1,24.3,14.3,29.6,35.0,,38.6,71.5,20.7,42.6,17.1,43.8,4.2,26.6,AR,Bradley,10104,05011,Bradley County,Arkansas,0.8864,0.8778,0.895,0.8365,0.6901,10461.0,2025,2022,21.3,42.1,7.9,12.0,19.1,5.6,8.0,30.7,27.8,19.6,21.7,,13.8,15.9,36.3,2023,1,Critical
05013,10.9,24.9,16.2,38.5,60.0,6.6,10.4,,6.1,77.1,83.2,55.1,7.1,,,16.6,49.8,24.6,11.3,22.5,33.5,,31.5,72.2,19.7,39.1,14.3,40.8,3.4,22.1,AR,Calhoun,4641,05013,Calhoun County,Arkansas,0.4967,0.5205,0.6545,0.6487,0.2307,4773.0,2025,2022,18.7,35.8,7.0,9.4,14.7,4.0,5.4,28.8,18.2,11.2,15.0,,9.7,10.8,36.0,2023,3,High
05015,14.8,25.3,16.2,37.4,58.8,7.0,9.9,,6.8,75.5,81.8,54.7,7.9,,,17.5,54.5,25.7,11.4,24.6,33.7,,34.5,68.1,19.7,37.7,15.8,37.2,3.4,17.7,AR,Carroll,28814,05015,Carroll County,Arkansas,0.6421,0.6618,0.6608,0.6287,0.4722,28362.0,2025,2022,19.9,37.5,8.2,10.1,15.5,4.3,6.2,27.4,19.8,11.7,15.7,,10.2,10.6,35.1,2023,3,High
05017,15.3,27.0,13.5,46.1,64.3,5.7,11.1,,7.4,78.8,81.8,51.7,9.1,,,20.5,41.5,22.7,16.1,31.5,34.0,,39.8,73.4,20.7,47.4,17.0,47.6,4.8,32.9,AR,Chicot,9538,05017,Chicot County,Arkansas,0.9987,0.98,0.9866,0.9243,0.9889,10234.0,2025,2022,21.7,42.3,7.4,12.9,20.4,6.4,8.9,34.1,32.2,23.9,25.0,,16.1,19.2,38.3,2023,1,Critical
05019,11.0,27.0,15.0,41.6,62.3,6.8,10.9,,6.8,79.0,83.3,56.5,8.0,,,17.4,50.6,26.0,12.9,24.9,33.6,,33.1,73.5,20.3,43.2,15.7,43.5,3.8,21.6,AR,Clark,21274,05019,Clark County,Arkansas,0.8339,0.6583,0.5422,0.6971,0.9908,21469.0,2025,2022,19.6,38.2,7.5,10.7,16.6,4.8,6.4,28.8,21.6,14.9,17.3,,11.5,13.3,35.2,2023,3,High
05021,11.6,26.3,16.2,36.8,58.4,7.3,10.5,,6.9,75.2,81.2,57.5,8.7,,,19.0,48.6,28.5,11.1,24.3,33.7,,33.5,68.5,21.1,40.2,15.9,38.8,3.5,20.2,AR,Clay,14201,05021,Clay County,Arkansas,0.3929,0.7168,0.5135,0.0932,0.1101,14537.0,2025,2022,20.5,39.5,8.3,10.5,16.0,4.3,5.8,28.1,18.6,11.9,14.2,,9.8,10.3,36.3,2023,2,Moderate
05023,11.0,26.2,17.4,35.5,58.2,7.3,10.4,,6.7,75.7,82.0,60.0,8.2,,,18.2,53.0,27.3,10.7,23.8,32.9,,31.3,71.0,20.9,38.0,15.7,37.9,3.4,20.0,AR,Cleburne,25445,05023,Cleburne County,Arkansas,0.3532,0.5406,0.4792,0.1861,0.1785,24948.0,2025,2022,20.2,38.1,8.1,10.1,15.3,4.1,5.5,26.6,17.5,10.9,13.4,,9.3,9.7,35.8,2023,2,Moderate
05025,10.8,26.6,15.9,39.4,59.5,7.0,10.6,,6.7,76.6,82.2,56.5,8.2,,,18.2,47.5,26.3,11.6,23.9,33.1,,32.4,69.2,20.7,42.2,15.6,44.0,3.6,23.0,AR,Cleveland,7378,05025,Cleveland County,Arkansas,0.286,0.1782,0.6888,0.4537,0.2574,7548.0,2025,2022,19.9,38.0,7.8,10.3,15.8,4.3,5.8,27.8,18.8,12.5,15.0,,10.2,11.2,35.7,2023,2,Moderate
05027,11.6,26.9,14.2,41.8,63.2,6.4,11.1,,6.8,79.1,83.1,55.8,8.2,,,18.0,51.6,24.2,13.5,26.2,32.3,,34.6,73.0,20.5,39.9,15.5,42.1,4.0,23.6,AR,Columbia,22150,05027,Columbia County,Arkansas,0.7598,0.5192,0.6596,0.7929,0.9163,22707.0,2025,2022,20.1,39.0,7.3,11.1,17.2,5.1,6.9,29.5,25.0,17.3,19.7,,12.6,15.0,36.7,2023,3,High
05029,11.8,27.0,15.9,40.5,60.9,7.0,10.7,,7.1,76.6,81.8,54.3,8.8,,,19.1,47.5,26.3,12.4,25.9,34.3,,34.5,69.8,20.9,41.1,16.2,40.8,3.8,17.4,AR,Conway,21077,05029,Conway County,Arkansas,0.7461,0.6879,0.9634,0.5218,0.427,20782.0,2025,2022,20.7,39.5,8.1,11.1,17.1,4.8,6.5,27.7,21.6,14.8,16.5,,11.2,12.6,35.6,2023,3,High
05031,10.7,26.7,15.6,38.5,60.4,7.1,10.6,,6.4,77.2,83.6,57.1,7.6,,,16.2,52.1,26.5,11.2,23.4,33.7,,30.9,66.6,19.7,39.6,14.6,41.3,3.4,18.6,AR,Craighead,113993,05031,Craighead County,Arkansas,0.8342,0.7369,0.8836,0.6316,0.7824,111038.0,2025,2022,19.2,36.6,7.4,9.9,15.4,4.2,5.7,27.5,18.7,12.3,15.3,,10.2,11.5,34.3,2023,3,High
05033,12.1,25.5,16.4,37.4,57.5,7.1,10.3,,6.6,76.1,82.4,56.9,7.9,,,17.1,54.2,27.1,10.9,23.7,35.0,,29.9,68.1,20.3,38.7,15.5,37.9,3.3,17.5,AR,Crawford,61891,05033,Crawford County,Arkansas,0.7531,0.6822,0.9532,0.5011,0.4944,60593.0,2025,2022,19.7,38.0,7.9,9.9,15.6,4.1,5.7,27.4,18.7,11.1,14.5,,9.7,10.2,34.9,2023,3,High
05035,12.7,26.8,13.2,44.7,63.6,5.8,11.6,,6.9,80.2,83.6,57.8,8.3,,,18.8,46.2,24.4,14.8,29.2,34.7,,38.0,73.9,21.0,46.8,16.3,43.0,4.4,28.5,AR,Crittenden,47139,05035,Crittenden County,Arkansas,0.9205,0.9345,0.8368,0.9192,0.7461,47945.0,2025,2022,21.2,41.8,6.9,12.1,19.3,5.8,7.8,32.9,29.6,21.8,23.7,,14.8,18.2,40.0,2023,1,Critical
05037,12.7,27.0,15.0,41.5,62.0,6.6,11.0,,7.2,77.3,81.3,54.6,9.2,,,20.0,49.4,26.4,13.4,27.7,34.1,,36.9,70.2,21.4,44.8,16.6,42.3,4.1,29.2,AR,Cross,16420,05037,Cross County,Arkansas,0.9227,0.9128,0.9504,0.6402,0.7801,16827.0,2025,2022,21.6,40.1,8.0,11.9,18.1,5.3,7.2,29.9,24.8,17.7,19.1,,12.7,14.2,36.6,2023,1,Critical
05039,11.8,25.4,14.7,41.3,62.2,6.1,10.9,,6.2,78.1,83.6,57.3,7.2,,,17.1,48.8,23.6,12.7,25.1,32.8,,35.0,75.3,20.2,42.1,15.0,45.8,3.8,23.3,AR,Dallas,6185,05039,Dallas County,Arkansas,0.6885,0.3366,0.6179,0.8603,0.9421,6472.0,2025,2022,19.3,38.2,6.7,10.2,16.3,4.5,6.2,32.3,22.9,14.8,19.1,,11.7,13.7,37.3,2023,3,High
05041,16.8,28.7,12.5,46.7,64.0,5.7,11.9,,8.1,78.8,80.7,50.9,10.7,,,23.0,39.9,24.5,17.1,34.8,34.6,,44.3,69.4,22.7,46.6,18.9,44.3,5.2,26.8,AR,Desha,10479,05041,Desha County,Arkansas,0.9749,0.9173,0.999,0.9007,0.7369,11285.0,2025,2022,24.1,45.5,8.1,15.0,22.8,7.5,10.3,33.6,36.6,29.1,27.4,,18.2,21.7,39.1,2023,1,Critical
05043,12.6,26.8,14.5,41.8,62.1,6.6,11.1,,7.1,78.4,82.3,57.1,8.7,,,18.6,51.3,25.0,13.5,26.7,33.9,,35.1,72.1,20.7,45.0,16.2,41.8,4.0,21.1,AR,Drew,16945,05043,Drew County,Arkansas,0.7668,0.4028,0.8263,0.7245,0.9548,17309.0,2025,2022,20.7,39.9,7.7,11.5,17.9,5.2,7.2,29.7,24.6,17.2,19.2,,12.5,14.6,37.6,2023,3,High
05045,9.3,24.3,17.0,36.0,60.0,7.3,10.1,,5.9,77.5,84.2,55.8,6.6,,,14.6,59.3,26.3,10.9,19.9,34.1,,27.1,73.9,18.7,41.1,13.6,38.0,3.1,15.9,AR,Faulkner,129951,05045,Faulkner County,Arkansas,0.5326,0.4585,0.2071,0.5444,0.8266,124611.0,2025,2022,17.7,35.1,7.1,8.7,13.9,3.6,4.9,24.8,15.3,9.2,13.0,,8.6,9.6,33.7,2023,2,Moderate
05047,12.1,27.6,16.3,38.5,59.1,7.3,10.7,,7.1,75.8,81.2,53.2,9.2,,,20.0,46.7,28.5,11.7,26.2,34.5,,33.5,69.8,21.6,39.8,16.8,41.8,3.7,25.6,AR,Franklin,17468,05047,Franklin County,Arkansas,0.6198,0.6688,0.6678,0.3446,0.5317,17160.0,2025,2022,21.2,39.3,8.6,11.1,16.7,4.6,6.2,27.3,19.8,13.1,15.2,,10.5,11.2,35.3,2023,3,High
05049,12.2,27.9,16.0,39.6,59.8,7.3,10.8,,7.7,76.3,80.4,52.3,10.0,,,21.4,43.8,28.8,12.4,26.9,34.1,,34.5,69.0,22.0,39.7,17.2,41.2,3.9,18.4,AR,Fulton,12421,05049,Fulton County,Arkansas,0.6535,0.72,0.7,0.1572,0.6262,12183.0,2025,2022,21.9,40.8,9.1,12.0,18.0,5.1,6.8,27.0,21.9,15.5,15.8,,11.4,12.4,35.1,2023,3,High
05051,11.0,25.8,16.8,37.8,60.4,7.3,10.3,,6.4,76.3,83.3,56.3,7.3,,,16.1,56.3,25.9,11.1,22.7,31.3,,28.3,68.4,19.8,39.3,14.9,38.0,3.3,18.1,AR,Garland,99784,05051,Garland County,Arkansas,0.8661,0.713,0.9723,0.5161,0.8326,100021.0,2025,2022,18.6,37.3,7.5,9.5,15.2,3.9,5.5,26.5,17.9,10.9,15.1,,9.6,10.7,35.7,2023,3,High
05053,9.7,24.8,17.0,35.2,58.2,7.3,10.0,,6.0,75.7,83.4,58.2,6.9,,,15.7,53.9,26.0,9.8,20.4,33.5,,28.0,72.2,19.2,36.6,13.9,39.3,3.0,18.3,AR,Grant,18383,05053,Grant County,Arkansas,0.1852,0.154,0.4588,0.2399,0.223,18022.0,2025,2022,17.9,34.1,7.2,8.6,13.5,3.4,4.6,26.5,14.3,8.2,11.9,,7.9,8.3,35.4,2023,2,Moderate
05055,11.5,27.0,15.9,39.3,58.8,7.3,10.5,,6.8,76.5,81.7,51.7,8.6,,,18.8,50.6,28.5,11.0,24.5,33.9,,33.9,71.8,20.9,42.3,16.1,41.5,3.5,22.5,AR,Greene,46743,05055,Greene County,Arkansas,0.6917,0.7932,0.6898,0.2692,0.5654,45954.0,2025,2022,20.7,39.8,8.1,10.6,16.4,4.3,5.8,27.6,18.6,11.8,14.3,,9.8,10.4,36.7,2023,3,High
05057,14.9,25.5,14.8,40.5,61.6,6.2,10.8,,6.8,77.2,82.6,55.2,8.1,,,18.1,49.6,23.2,13.6,27.3,32.9,,38.0,73.1,20.5,45.8,16.2,41.3,4.0,22.5,AR,Hempstead,19343,05057,Hempstead County,Arkansas,0.8998,0.748,0.9914,0.8508,0.6927,20037.0,2025,2022,20.3,39.9,7.4,11.2,17.7,5.1,7.3,30.8,25.9,17.1,20.7,,12.9,14.8,38.2,2023,1,Critical
05059,11.7,25.0,15.8,38.5,59.6,7.0,10.4,,6.8,76.0,81.8,56.3,8.3,,,18.9,51.2,24.7,11.6,24.4,34.4,,32.8,64.8,20.1,36.9,15.5,40.1,3.6,22.1,AR,Hot Spring,33258,05059,Hot Spring County,Arkansas,0.6437,0.5278,0.4458,0.4998,0.868,33129.0,2025,2022,19.9,38.4,8.0,10.3,16.0,4.4,6.0,27.6,19.9,12.5,15.6,,10.5,11.5,36.5,2023,3,High
05061,13.1,26.0,15.4,39.0,61.3,6.5,10.7,,6.6,77.2,82.8,56.7,7.9,,,17.6,53.0,25.5,12.5,25.4,33.1,,34.4,71.7,20.5,39.7,15.6,41.8,3.7,22.9,AR,Howard,12533,05061,Howard County,Arkansas,0.8797,0.8342,0.9949,0.7521,0.4423,12779.0,2025,2022,19.9,39.2,7.5,10.5,16.9,4.6,6.4,29.9,22.3,14.4,18.0,,11.4,12.9,37.6,2023,3,High
05063,12.1,26.3,16.3,37.2,59.2,7.2,10.5,,6.8,76.6,82.0,53.5,8.3,,,17.8,48.9,27.0,11.4,24.2,34.7,,34.1,67.0,20.5,42.0,15.7,40.8,3.5,19.5,AR,Independence,38320,05063,Independence County,Arkansas,0.8241,0.7655,0.7843,0.4314,0.8912,37910.0,2025,2022,20.0,38.3,8.2,10.3,15.9,4.3,5.9,27.5,19.2,12.0,14.7,,9.9,10.6,35.0,2023,3,High
05065,12.6,27.4,16.7,39.5,59.6,7.3,10.5,,7.6,75.6,80.4,54.7,9.5,,,20.5,50.2,27.5,12.0,27.0,33.7,,34.4,67.0,21.2,41.4,16.8,38.0,3.8,27.1,AR,Izard,14169,05065,Izard County,Arkansas,0.671,0.8043,0.3541,0.3592,0.6885,13748.0,2025,2022,21.2,41.5,8.9,11.3,17.3,4.9,6.6,27.6,21.3,14.2,15.7,,11.1,11.8,36.3,2023,3,High
05067,13.7,27.7,14.7,41.4,61.5,6.8,11.0,,7.7,76.5,80.6,52.1,9.9,,,21.5,45.3,26.9,13.7,29.2,34.6,,38.5,66.8,21.9,43.9,17.4,43.3,4.2,22.5,AR,Jackson,16784,05067,Jackson County,Arkansas,0.7101,0.8667,0.4534,0.5927,0.4874,16784.0,2025,2022,22.4,42.1,8.6,12.5,18.9,5.6,7.6,29.9,26.5,18.5,19.7,,13.2,14.8,38.0,2023,1,Critical
05069,12.5,26.7,13.5,47.2,65.3,5.7,11.3,,6.8,80.6,83.5,59.3,8.0,,,18.0,45.4,22.3,15.1,27.7,34.0,,37.0,75.0,20.2,46.3,15.8,46.7,4.4,24.8,AR,Jefferson,63661,05069,Jefferson County,Arkansas,0.9096,0.7951,0.8015,0.931,0.9453,66934.0,2025,2022,20.2,41.4,7.0,11.6,19.2,5.7,7.7,34.6,28.4,20.3,23.7,,14.5,18.1,39.5,2023,1,Critical
05071,14.4,25.8,15.3,38.2,60.1,6.9,10.4,,7.2,75.5,81.2,50.6,8.8,,,18.7,45.2,26.2,12.4,26.6,34.8,,35.7,68.4,20.6,37.5,16.8,41.9,3.7,28.1,AR,Johnson,26129,05071,Johnson County,Arkansas,0.895,0.8769,0.98,0.5679,0.6478,25925.0,2025,2022,20.8,39.7,8.6,11.0,17.1,4.8,6.8,27.6,22.1,14.0,16.5,,11.1,11.6,34.7,2023,3,High
05073,15.1,28.2,13.9,43.9,62.7,6.2,11.6,,7.9,77.4,80.4,55.5,10.3,,,22.6,42.3,26.0,15.3,32.2,34.2,,40.4,69.8,22.4,46.3,18.2,43.6,4.7,35.8,AR,Lafayette,6095,05073,Lafayette County,Arkansas,0.8075,0.8622,0.6408,0.8031,0.6064,6277.0,2025,2022,23.4,43.8,8.3,13.8,20.8,6.5,8.9,32.2,31.5,24.0,23.5,,15.8,18.2,38.3,2023,1,Critical
05075,12.1,27.3,16.2,39.1,58.9,7.4,10.8,,7.3,76.2,80.5,53.7,9.6,,,20.6,47.1,28.5,12.0,26.5,34.2,,34.8,70.7,21.9,44.1,16.9,40.2,3.8,19.0,AR,Lawrence,16318,05075,Lawrence County,Arkansas,0.7003,0.763,0.7636,0.1572,0.6408,16258.0,2025,2022,21.7,40.6,8.6,11.6,17.4,4.9,6.5,27.0,20.6,14.1,15.6,,10.9,11.8,35.5,2023,3,High
05077,16.0,27.8,13.9,47.8,64.1,5.6,11.0,,8.2,78.1,80.2,50.4,10.2,,,23.1,40.6,21.9,17.1,33.6,34.1,,41.2,72.5,21.2,47.0,17.9,46.2,5.2,25.1,AR,Lee,8201,05077,Lee County,Arkansas,0.9714,0.958,0.9144,0.917,0.8829,8666.0,2025,2022,23.1,45.2,8.2,13.7,21.9,7.1,9.7,35.4,34.6,26.4,26.1,,17.3,20.7,38.4,2023,1,Critical
05079,14.7,25.7,15.6,42.9,61.5,6.4,9.8,,7.4,76.0,80.6,54.9,8.6,,,20.2,44.5,21.9,13.5,27.8,34.4,,36.1,70.8,19.5,42.8,15.9,43.0,4.1,25.4,AR,Lincoln,12898,05079,Lincoln County,Arkansas,0.5864,0.6058,0.1409,0.749,0.7372,13016.0,2025,2022,20.3,40.6,8.1,10.8,17.5,5.2,7.0,32.6,24.7,16.0,19.2,,12.6,14.3,35.6,2023,3,High
05081,11.4,26.5,15.3,39.7,61.2,6.8,10.8,,6.7,77.2,82.6,56.9,8.2,,,18.4,52.5,26.0,12.4,24.7,33.5,,34.6,71.3,20.7,41.3,15.5,40.4,3.8,24.2,AR,Little River,11805,05081,Little River County,Arkansas,0.4197,0.3643,0.538,0.6468,0.3255,12024.0,2025,2022,20.0,39.6,7.7,10.8,16.7,4.7,6.4,28.0,22.1,14.8,17.1,,11.3,12.9,35.6,2023,3,High
05083,11.3,26.5,17.4,38.2,59.1,7.3,10.6,,6.7,76.2,81.7,55.1,8.4,,,18.3,51.5,27.3,11.3,24.0,33.9,,31.7,70.9,20.6,37.7,15.6,40.1,3.5,19.9,AR,Logan,21400,05083,Logan County,Arkansas,0.5444,0.4967,0.6802,0.335,0.5603,21247.0,2025,2022,20.2,38.2,8.1,10.3,16.0,4.2,5.7,26.8,18.4,11.6,14.1,,9.8,10.3,36.1,2023,2,Moderate
05085,10.1,25.2,16.8,36.5,58.9,7.3,10.3,,5.8,77.3,83.9,59.8,6.8,,,15.9,57.2,26.2,10.1,21.2,35.0,,30.3,71.6,19.5,35.7,14.2,38.6,3.0,12.9,AR,Lonoke,75944,05085,Lonoke County,Arkansas,0.4063,0.3684,0.7063,0.4445,0.2536,74292.0,2025,2022,18.2,35.6,7.0,8.7,13.7,3.5,4.8,26.8,15.5,8.6,12.9,,8.3,8.9,35.9,2023,2,Moderate
05087,13.1,26.9,16.7,38.4,58.0,7.1,10.5,,6.9,75.5,81.2,51.9,8.7,,,19.3,48.4,26.9,11.3,25.5,33.8,,33.4,66.0,21.0,40.6,16.2,38.8,3.5,20.3,AR,Madison,17775,05087,Madison County,Arkansas,0.5272,0.6096,0.6411,0.5953,0.2405,16737.0,2025,2022,20.9,40.6,8.5,10.7,16.3,4.3,6.1,29.4,20.1,12.3,15.2,,10.3,10.7,36.5,2023,3,High
05089,11.6,26.5,16.6,35.1,58.8,7.3,10.6,,7.0,74.9,81.3,58.1,8.6,,,18.8,53.5,27.7,11.1,24.4,33.0,,31.3,70.4,21.2,37.8,16.2,39.0,3.5,21.7,AR,Marion,17514,05089,Marion County,Arkansas,0.4588,0.6726,0.5495,0.182,0.2246,16905.0,2025,2022,20.7,39.2,8.4,10.7,16.0,4.4,5.9,27.0,18.7,11.9,14.2,,10.0,10.4,34.5,2023,2,Moderate
05091,12.6,26.5,14.7,40.8,62.6,6.5,11.1,,7.0,78.0,82.0,56.5,8.8,,,19.3,46.8,25.3,13.1,26.9,32.9,,36.6,68.8,21.2,38.0,16.2,41.8,4.0,28.9,AR,Miller,42415,05091,Miller County,Arkansas,0.9354,0.908,0.7136,0.7028,0.9812,42682.0,2025,2022,21.1,39.5,7.8,11.5,17.9,5.2,7.0,29.7,24.7,17.3,19.0,,12.5,14.5,34.3,2023,3,High
05093,12.9,26.8,14.4,43.4,62.5,6.3,11.1,,7.0,78.4,82.3,52.8,8.6,,,19.1,45.6,25.4,13.4,27.8,32.9,,35.8,75.5,21.0,46.7,16.1,46.5,4.1,26.8,AR,Mississippi,38663,05093,Mississippi County,Arkansas,0.9335,0.9007,0.9456,0.8151,0.7878,40361.0,2025,2022,20.9,41.1,7.5,11.6,18.6,5.3,7.2,31.9,26.0,18.2,20.3,,13.1,15.4,36.9,2023,1,Critical
05095,13.3,26.7,13.7,43.8,63.1,6.1,11.6,,7.1,78.3,82.4,52.2,8.8,,,20.0,45.9,24.8,14.3,28.9,34.0,,36.8,71.2,21.5,43.7,16.7,43.0,4.3,24.4,AR,Monroe,6512,05095,Monroe County,Arkansas,0.9341,0.9147,0.7773,0.8447,0.9275,6787.0,2025,2022,21.4,41.4,7.4,12.3,19.1,5.7,7.7,32.1,27.5,20.1,21.6,,14.1,16.4,38.0,2023,1,Critical
05097,12.0,26.2,16.4,37.4,58.7,7.3,10.6,,7.1,76.2,81.6,56.2,8.7,,,18.8,50.9,27.8,11.4,24.8,34.9,,32.6,64.0,21.2,41.1,16.2,41.1,3.6,17.7,AR,Montgomery,8620,05097,Montgomery County,Arkansas,0.5765,0.7455,0.8314,0.2959,0.1954,8555.0,2025,2022,20.6,39.4,8.4,10.8,16.4,4.5,6.1,26.1,19.4,12.5,14.6,,10.3,10.8,35.4,2023,3,High
05099,13.3,28.1,14.3,43.7,62.5,6.3,11.1,,7.4,77.8,81.4,53.6,9.4,,,21.1,47.1,25.8,14.2,29.0,34.6,,38.3,72.9,21.9,44.1,17.1,44.2,4.4,21.6,AR,Nevada,8120,05099,Nevada County,Arkansas,0.8527,0.7913,0.8731,0.7502,0.7448,8292.0,2025,2022,21.8,42.6,8.0,12.5,19.2,5.7,7.9,31.2,27.6,20.4,21.3,,14.0,16.5,37.2,2023,1,Critical
05101,11.0,25.9,17.2,37.7,58.4,7.3,10.5,,6.8,75.7,81.7,54.8,8.3,,,18.7,50.8,27.2,10.9,23.6,33.8,,31.1,70.4,20.8,38.7,15.6,40.3,3.4,17.5,AR,Newton,7071,05101,Newton County,Arkansas,0.1985,0.4359,0.2275,0.2109,0.0961,7243.0,2025,2022,20.1,38.2,8.2,10.1,15.4,4.1,5.5,27.2,17.4,10.7,13.5,,9.4,9.8,35.3,2023,2,Moderate
05103,11.9,25.9,14.1,42.7,62.7,6.2,11.2,,6.9,79.0,83.0,54.8,8.2,,,18.7,50.8,24.6,13.9,27.2,33.4,,35.8,72.0,21.2,43.4,15.9,42.5,4.1,26.7,AR,Ouachita,21793,05103,Ouachita County,Arkansas,0.7464,0.6767,0.8912,0.8377,0.4298,22606.0,2025,2022,20.5,40.0,7.1,11.3,18.2,5.2,7.1,31.6,25.6,17.9,20.3,,13.0,15.5,37.7,2023,1,Critical
05105,11.0,25.4,17.1,36.7,59.1,7.3,10.3,,6.6,75.6,81.9,53.6,8.1,,,18.0,53.4,26.7,10.8,23.2,34.0,,32.0,70.4,20.3,38.6,15.2,40.2,3.4,17.9,AR,Perry,10184,05105,Perry County,Arkansas,0.4292,0.286,0.6284,0.2692,0.5991,10055.0,2025,2022,19.6,37.5,8.0,10.0,15.3,4.1,5.5,26.5,17.6,11.0,13.7,,9.4,10.1,34.5,2023,2,Moderate
05107,14.3,29.3,12.3,49.0,66.3,5.5,12.4,,7.8,80.6,82.3,54.5,10.0,,,21.8,39.1,24.0,17.2,33.7,33.5,,41.9,69.9,22.4,48.6,18.2,50.5,5.2,35.1,AR,Phillips,14961,05107,Phillips County,Arkansas,0.9628,0.9526,0.9402,0.9453,0.7633,16373.0,2025,2022,23.1,45.0,7.4,14.6,22.8,7.4,9.9,34.5,36.0,29.6,27.6,,18.4,22.8,39.8,2023,1,Critical
05109,12.0,26.3,16.7,38.0,59.3,7.2,10.3,,6.8,76.4,82.1,54.3,8.2,,,17.9,51.9,27.1,11.4,24.4,34.6,,32.4,69.1,20.4,38.2,15.8,40.9,3.5,15.7,AR,Pike,10208,05109,Pike County,Arkansas,0.5972,0.4706,0.7598,0.4248,0.6449,10205.0,2025,2022,19.9,37.6,8.1,10.2,15.9,4.3,5.9,26.9,19.2,12.0,15.0,,10.1,10.8,34.9,2023,3,High
05111,13.1,27.0,15.4,38.2,59.7,7.1,10.9,,7.3,76.1,80.6,56.0,9.6,,,20.8,44.4,27.9,12.1,27.1,34.6,,37.1,66.5,21.9,41.3,17.1,42.0,3.9,26.1,AR,Poinsett,22397,05111,Poinsett County,Arkansas,0.7381,0.8234,0.8546,0.4273,0.4127,22997.0,2025,2022,22.0,41.2,8.4,11.9,17.7,5.0,6.9,28.9,22.6,15.8,16.8,,11.8,12.6,36.6,2023,3,High
05113,12.5,25.7,16.6,37.2,59.3,7.3,10.6,,7.1,76.0,81.4,50.8,8.9,,,19.4,51.4,26.8,11.8,25.1,34.2,,33.5,71.6,21.1,40.2,16.4,39.3,3.6,27.1,AR,Polk,19436,05113,Polk County,Arkansas,0.6863,0.7506,0.8447,0.377,0.4174,19384.0,2025,2022,20.6,38.7,8.5,10.9,16.5,4.6,6.3,26.3,20.1,13.1,15.1,,10.7,11.2,34.9,2023,3,High
05115,12.5,27.2,16.1,36.3,58.9,7.3,10.6,,6.7,75.2,82.4,56.1,8.2,,,17.1,53.3,25.1,11.4,24.4,33.9,,33.2,71.5,20.0,45.3,15.2,37.7,3.4,19.9,AR,Pope,64593,05115,Pope County,Arkansas,0.8171,0.7817,0.8727,0.489,0.727,63475.0,2025,2022,19.5,38.0,8.0,10.1,16.1,4.3,6.0,26.3,19.1,11.8,14.8,,9.9,10.6,32.9,2023,3,High
05117,11.3,26.2,16.6,38.6,60.0,7.0,10.6,,6.6,76.8,82.2,53.5,8.0,,,18.1,49.0,25.8,11.3,23.9,33.4,,32.1,71.1,20.4,40.5,15.5,41.1,3.5,15.9,AR,Prairie,8036,05117,Prairie County,Arkansas,0.4601,0.4178,0.7674,0.4496,0.2844,8217.0,2025,2022,19.9,37.7,7.7,10.2,15.6,4.2,5.7,28.0,18.9,12.1,14.7,,10.0,10.7,35.6,2023,3,High
05119,10.5,24.2,15.2,39.5,61.0,6.5,10.3,,5.8,79.5,85.4,59.7,6.4,,,13.6,58.4,23.6,11.5,21.8,32.3,,28.4,74.6,18.3,40.6,13.2,39.2,3.4,16.6,AR,Pulaski,400009,05119,Pulaski County,Arkansas,0.7811,0.6573,0.8011,0.8702,0.6844,398322.0,2025,2022,17.0,34.0,6.3,9.2,15.0,4.1,5.7,28.6,19.1,12.3,16.4,,10.6,12.5,35.5,2023,3,High
05121,12.2,27.5,15.9,38.4,59.4,7.3,10.8,,7.3,75.9,80.6,55.3,9.4,,,20.5,49.1,28.1,12.2,26.6,33.9,,36.1,69.1,21.9,41.4,17.1,38.1,3.8,29.2,AR,Randolph,18907,05121,Randolph County,Arkansas,0.7051,0.7696,0.7941,0.2816,0.5336,18619.0,2025,2022,21.6,41.0,8.8,11.7,17.3,4.9,6.5,27.3,21.1,14.5,15.9,,11.1,11.9,35.4,2023,3,High
05123,15.4,27.0,13.8,46.6,64.7,5.8,11.0,,7.9,78.8,81.5,51.5,9.5,,,21.9,39.8,22.2,16.6,31.8,32.1,,41.2,72.2,20.9,47.9,17.2,47.3,5.0,26.1,AR,St. Francis,22101,05123,St. Francis County,Arkansas,0.9777,0.9421,0.943,0.924,0.9284,23138.0,2025,2022,22.1,43.4,7.8,13.1,21.0,6.7,9.1,34.2,33.1,24.9,25.2,,16.6,19.9,38.1,2023,1,Critical
05125,9.6,23.5,17.3,35.5,59.2,7.2,10.1,,5.7,77.3,84.7,56.1,6.1,,,14.3,62.4,25.6,9.5,20.0,33.1,,27.8,73.2,18.4,34.4,13.3,37.2,2.9,14.2,AR,Saline,129574,05125,Saline County,Arkansas,0.2864,0.1502,0.6459,0.5011,0.3312,123988.0,2025,2022,16.6,33.2,6.9,8.2,13.1,3.2,4.5,25.6,14.4,8.0,12.2,,7.9,8.6,34.2,2023,2,Moderate
05127,13.2,26.3,16.6,37.6,58.5,7.0,10.4,,7.0,75.6,81.2,53.2,8.6,,,19.1,50.1,26.7,11.7,25.5,33.8,,34.6,64.8,20.8,37.2,16.3,38.8,3.6,17.4,AR,Scott,9851,05127,Scott County,Arkansas,0.7537,0.7146,0.9001,0.4658,0.5759,9871.0,2025,2022,21.0,40.6,8.4,10.7,16.5,4.4,6.2,28.7,20.0,12.3,15.4,,10.4,10.8,36.5,2023,3,High
05129,13.0,28.0,16.0,39.4,59.3,7.3,10.9,,7.8,75.6,79.9,54.5,10.2,,,21.7,47.0,28.5,12.5,27.9,34.9,,35.3,66.2,22.1,39.7,17.5,42.0,4.0,20.4,AR,Searcy,7806,05129,Searcy County,Arkansas,0.517,0.6847,0.5011,0.3484,0.3086,7880.0,2025,2022,22.6,41.6,9.1,12.3,18.1,5.2,7.0,27.2,22.2,15.7,16.2,,11.7,12.3,35.6,2023,3,High
05131,13.3,24.6,14.8,37.3,59.6,6.8,10.3,,6.5,76.1,83.0,55.9,7.4,,,16.5,52.5,25.5,11.5,24.2,35.3,,32.5,72.0,19.9,36.4,15.4,38.5,3.4,16.0,AR,Sebastian,129098,05131,Sebastian County,Arkansas,0.8696,0.7957,0.9675,0.6962,0.6491,128184.0,2025,2022,18.9,36.0,7.8,9.8,15.2,4.1,6.0,27.5,19.2,11.5,15.3,,10.2,11.0,37.1,2023,3,High
05133,21.2,25.9,15.5,37.6,59.6,6.4,10.2,,7.6,75.4,80.6,51.8,8.9,,,19.1,48.3,24.5,13.7,30.6,34.7,,40.0,65.4,20.1,41.5,17.9,40.2,4.0,24.0,AR,Sevier,15632,05133,Sevier County,Arkansas,0.825,0.8256,0.8864,0.833,0.4804,15913.0,2025,2022,22.2,42.9,8.9,11.9,19.3,5.5,8.3,29.4,27.7,16.8,20.9,,13.4,14.0,35.9,2023,1,Critical
05135,11.9,27.6,16.3,37.6,59.5,7.3,10.8,,7.2,76.6,80.9,53.7,9.3,,,20.3,48.0,28.4,11.7,26.3,34.1,,34.7,64.7,21.7,39.5,16.8,38.6,3.7,24.5,AR,Sharp,17968,05135,Sharp County,Arkansas,0.5838,0.728,0.7808,0.2364,0.2959,17422.0,2025,2022,21.4,40.7,8.6,11.3,17.2,4.7,6.3,27.4,20.3,13.5,15.2,,10.7,11.4,35.6,2023,3,High
05137,12.2,27.2,16.5,37.7,59.7,7.5,10.8,,7.5,75.8,80.4,56.8,9.7,,,20.9,47.4,28.0,12.0,26.8,34.2,,34.4,68.5,21.5,40.1,17.0,42.0,3.8,23.0,AR,Stone,12671,05137,Stone County,Arkansas,0.7709,0.7731,0.8336,0.2733,0.7299,12393.0,2025,2022,21.8,40.8,8.9,11.7,17.6,4.9,6.6,27.5,21.4,14.6,15.7,,11.1,11.9,35.5,2023,3,High
05139,11.9,25.8,14.5,41.0,62.8,6.4,11.0,,6.7,78.3,83.2,56.1,8.0,,,18.1,53.8,24.7,13.0,26.0,33.9,,34.5,69.0,20.1,39.4,15.5,40.3,3.9,21.0,AR,Union,37397,05139,Union County,Arkansas,0.6682,0.5485,0.7668,0.7798,0.5479,38815.0,2025,2022,20.1,38.8,7.2,10.8,16.9,4.9,6.6,29.1,23.6,16.0,18.6,,12.0,14.0,36.5,2023,3,High
05141,12.4,26.4,15.9,37.6,59.8,7.3,10.6,,7.3,75.7,81.0,54.1,9.4,,,20.0,46.7,27.3,11.5,25.5,33.6,,33.8,68.1,21.3,39.5,16.4,41.4,3.7,20.3,AR,Van Buren,16142,05141,Van Buren County,Arkansas,0.7763,0.8101,0.8661,0.2164,0.6678,15900.0,2025,2022,21.4,39.8,8.7,11.3,16.8,4.7,6.4,26.2,20.4,13.8,15.2,,10.8,11.4,35.3,2023,3,High
05143,12.8,23.0,16.0,36.4,56.4,6.8,10.2,,6.1,75.8,83.7,56.8,6.8,,,14.2,56.3,24.2,10.7,21.6,32.6,,28.4,65.4,18.3,36.7,14.3,35.3,3.1,17.0,AR,Washington,261549,05143,Washington County,Arkansas,0.7658,0.7407,0.4871,0.7178,0.8094,247331.0,2025,2022,17.5,34.5,7.3,9.1,14.7,3.8,5.5,25.3,17.1,9.7,14.2,,9.2,9.8,32.6,2023,2,Moderate
05145,11.4,26.7,15.6,37.1,59.8,7.2,10.7,,6.7,75.7,82.2,59.2,8.2,,,17.9,51.5,27.1,10.9,23.6,34.2,,31.6,68.6,20.6,40.0,15.3,38.2,3.5,19.9,AR,White,78452,05145,White County,Arkansas,0.8482,0.7716,0.7878,0.4057,0.9488,77118.0,2025,2022,19.9,38.8,8.0,10.2,15.8,4.2,5.8,26.6,19.4,11.7,14.2,,9.8,10.3,33.7,2023,3,High
05147,13.3,27.3,14.7,41.4,61.9,6.5,11.2,,7.4,77.3,81.0,53.4,9.6,,,21.3,46.0,26.6,13.7,29.1,33.8,,37.7,69.8,21.9,39.3,17.3,41.3,4.3,21.4,AR,Woodruff,5964,05147,Woodruff County,Arkansas,0.7671,0.7859,0.6767,0.6752,0.6303,6259.0,2025,2022,22.3,42.4,8.1,12.6,19.1,5.6,7.6,30.6,26.4,19.2,19.8,,13.3,15.2,37.8,2023,1,Critical
05149,16.1,25.4,15.6,38.3,57.9,6.8,10.1,,6.9,75.1,81.5,54.5,8.2,,,18.6,49.0,26.1,12.2,26.2,35.0,,34.0,68.6,20.2,41.9,16.2,39.9,3.5,20.9,AR,Yell,20044,05149,Yell County,Arkansas,0.7738,0.5714,0.8276,0.6211,0.8591,20342.0,2025,2022,20.6,39.0,8.2,10.6,16.6,4.6,6.6,27.8,21.3,12.9,16.5,,10.9,11.3,35.7,2023,3,High
06001,7.2,17.6,16.3,26.5,51.7,5.3,8.8,,4.3,71.4,86.5,56.1,3.8,,,9.2,65.1,18.9,10.1,17.5,30.3,,20.1,73.9,15.5,22.5,11.0,35.1,2.5,5.8,CA,Alameda,1622188,06001,Alameda County,California,0.5129,0.2962,0.0862,0.9605,0.9205,1663823.0,2025,2022,12.3,26.1,4.7,6.4,10.4,2.8,4.2,28.3,14.2,11.6,11.9,,7.7,6.0,38.5,2023,0,Low
06003,6.3,20.6,20.0,27.9,50.5,7.2,10.5,,5.1,70.3,85.2,59.8,4.7,,,11.6,65.4,23.5,8.5,17.2,30.1,,18.0,73.3,17.9,28.7,12.1,35.1,2.7,9.1,CA,Alpine,1141,06003,Alpine County,California,0.4044,0.1429,0.6402,0.8008,0.5352,1515.0,2025,2022,13.9,27.7,5.9,7.2,10.9,2.9,4.0,25.0,12.4,11.0,11.6,,8.0,6.5,34.9,2023,0,Low
06005,8.1,20.0,19.9,29.3,50.7,7.1,10.1,,5.2,68.3,84.0,56.8,5.2,,,12.4,64.9,23.2,8.6,18.5,30.4,,20.5,74.1,18.4,29.5,12.6,34.4,2.8,11.5,CA,Amador,41811,06005,Amador County,California,0.5647,0.4477,0.398,0.6096,0.7725,40577.0,2025,2022,15.1,28.6,5.9,7.7,11.3,3.2,4.2,25.9,13.3,12.0,12.2,,8.0,6.7,35.5,2023,0,Low
06007,8.4,21.9,18.8,30.5,51.9,7.0,10.5,,5.7,70.8,83.3,56.7,6.2,,,13.9,60.8,26.0,9.9,21.3,30.6,,22.7,73.1,19.6,30.6,13.9,33.7,3.1,9.9,CA,Butte,207172,06007,Butte County,California,0.8225,0.7706,0.4843,0.6806,0.9437,213605.0,2025,2022,16.4,31.2,6.3,9.1,13.5,4.0,5.3,25.3,16.9,17.5,14.6,,9.7,8.5,34.8,2023,2,Moderate
06009,7.9,21.8,19.3,28.2,51.8,7.1,10.5,,5.5,70.4,83.6,55.4,5.9,,,13.9,63.0,25.6,9.1,20.1,31.0,,22.2,73.6,19.7,29.8,13.6,35.1,3.0,12.8,CA,Calaveras,46565,06009,Calaveras County,California,0.3357,0.5425,0.4706,0.552,0.0614,45674.0,2025,2022,16.2,30.5,6.1,8.7,12.7,3.6,4.8,25.6,14.9,15.0,13.3,,8.8,7.5,35.0,2023,0,Low
06011,18.0,20.3,17.9,29.6,51.5,5.7,9.8,,5.9,68.1,81.8,50.5,5.7,,,13.5,55.9,21.9,12.2,27.5,31.0,,29.8,74.6,18.8,35.3,15.7,34.8,3.3,13.7,CA,Colusa,22037,06011,Colusa County,California,0.84,0.8931,0.9026,0.9465,0.3315,21811.0,2025,2022,18.3,36.0,6.6,9.9,15.9,4.8,7.4,29.7,25.0,22.0,21.2,,12.4,10.4,37.2,2023,3,High
06013,8.1,18.6,16.5,27.5,52.1,5.8,9.4,,4.5,70.2,85.8,59.9,4.0,,,9.3,66.8,19.7,9.6,17.6,31.4,,22.7,76.0,16.2,27.8,11.3,35.8,2.6,8.4,CA,Contra Costa,1155025,06013,Contra Costa County,California,0.4785,0.3223,0.4343,0.917,0.5113,1162648.0,2025,2022,12.7,25.8,5.0,6.9,10.5,2.9,4.3,26.0,13.8,11.5,12.4,,7.9,6.3,36.3,2023,0,Low
06015,10.1,22.0,18.2,30.8,51.7,6.9,10.8,,5.9,69.4,82.3,54.3,6.6,,,15.1,53.1,24.3,10.2,23.1,30.9,,24.2,73.2,19.8,30.9,14.7,39.1,3.3,13.5,CA,Del Norte,26589,06015,Del Norte County,California,0.9004,0.7814,0.6395,0.7735,0.9927,27462.0,2025,2022,17.4,33.2,6.6,9.7,14.3,4.2,5.7,27.5,18.9,18.1,15.9,,10.6,8.9,37.1,2023,3,High
06017,6.2,20.3,20.4,26.5,50.6,7.2,9.9,,4.7,70.5,85.4,59.9,4.6,,,10.6,69.4,23.9,8.0,16.3,28.8,,17.9,75.7,17.5,27.4,11.8,33.8,2.5,8.2,CA,El Dorado,192215,06017,El Dorado County,California,0.1896,0.1836,0.2008,0.5994,0.2186,191713.0,2025,2022,13.7,27.0,5.3,7.0,10.6,2.8,3.7,23.2,11.3,10.1,10.5,,6.9,5.7,33.9,2023,0,Low
06019,14.6,21.3,14.5,31.4,54.8,5.6,9.8,,6.0,70.7,82.3,50.6,5.8,,,13.4,54.1,21.3,12.4,27.6,30.6,,31.0,70.8,18.4,37.9,14.9,36.2,3.4,14.0,CA,Fresno,1017162,06019,Fresno County,California,0.9618,0.943,0.8772,0.9685,0.875,1008280.0,2025,2022,17.4,36.1,6.4,9.9,16.4,4.9,7.4,28.8,25.1,22.5,19.8,,12.3,10.7,37.1,2023,3,High
06021,14.1,21.0,17.8,29.5,51.5,6.3,10.1,,5.9,69.2,82.2,52.3,6.1,,,14.2,55.5,23.2,11.1,25.1,30.7,,27.3,71.5,19.3,32.4,15.1,37.3,3.2,15.5,CA,Glenn,28129,06021,Glenn County,California,0.8622,0.945,0.6443,0.8734,0.5937,28657.0,2025,2022,17.9,34.2,6.6,9.7,15.0,4.5,6.5,27.8,21.8,19.9,18.3,,11.3,9.5,37.0,2023,3,High
06023,7.7,22.9,18.6,29.9,52.7,7.2,11.0,,5.9,69.9,82.9,54.5,6.7,,,15.0,57.9,26.8,10.0,21.7,31.1,,23.2,72.2,20.7,32.1,14.3,36.4,3.2,12.7,CA,Humboldt,133985,06023,Humboldt County,California,0.8269,0.7805,0.6538,0.6475,0.8851,136132.0,2025,2022,17.2,32.4,6.6,9.7,13.9,4.1,5.4,25.8,17.5,18.2,14.5,,10.1,8.8,34.6,2023,2,Moderate
06025,22.2,20.0,16.2,32.5,53.1,4.7,9.2,,6.3,68.4,81.1,45.2,5.4,,,13.3,50.4,20.0,14.6,32.4,32.3,,35.1,71.3,18.2,35.2,17.0,41.5,3.6,20.5,CA,Imperial,179057,06025,Imperial County,California,0.9936,0.9682,0.9392,0.9943,0.979,179578.0,2025,2022,19.6,38.5,7.0,10.9,18.6,6.1,9.9,31.2,31.3,28.7,25.5,,15.5,13.3,38.2,2023,1,Critical
06027,8.4,21.0,18.6,27.8,50.8,6.9,10.4,,5.2,70.2,84.4,58.2,5.2,,,12.4,64.6,23.8,9.4,19.7,29.8,,21.1,75.3,18.5,28.5,13.1,33.6,2.8,9.0,CA,Inyo,18527,06027,Inyo County,California,0.6147,0.4162,0.5234,0.7881,0.7716,18829.0,2025,2022,15.3,30.3,6.0,8.1,12.0,3.3,4.7,25.5,15.0,13.8,13.5,,8.9,7.4,35.3,2023,0,Low
06029,16.7,21.3,16.7,32.2,52.4,5.7,10.3,,6.3,70.9,81.8,49.5,6.4,,,14.7,52.1,22.6,13.3,28.2,31.1,,32.1,72.9,19.9,36.2,16.1,38.7,3.6,22.4,CA,Kern,913820,06029,Kern County,California,0.9685,0.957,0.8339,0.9545,0.9265,906883.0,2025,2022,19.0,37.3,6.7,10.7,17.5,5.3,8.1,29.7,26.8,25.7,21.8,,13.6,11.9,36.8,2023,3,High
06031,17.3,20.6,16.9,32.0,52.7,5.5,9.7,,6.3,68.9,81.1,52.3,6.1,,,15.0,52.0,20.7,12.9,28.1,31.0,,31.0,72.7,19.0,34.9,15.9,36.1,3.5,15.7,CA,Kings,152682,06031,Kings County,California,0.9507,0.9354,0.839,0.9593,0.8753,152515.0,2025,2022,18.6,36.2,6.8,10.3,16.6,5.2,7.9,30.2,26.5,24.2,21.7,,13.4,11.4,38.7,2023,3,High
06033,10.9,22.6,18.0,32.0,52.3,6.9,10.9,,6.1,69.5,82.3,53.2,6.9,,,15.6,59.7,25.6,10.7,24.3,31.0,,25.9,72.1,20.4,32.8,15.4,35.4,3.4,15.3,CA,Lake,67878,06033,Lake County,California,0.9055,0.8696,0.9236,0.7089,0.7999,68024.0,2025,2022,18.2,34.4,6.7,10.3,15.1,4.5,6.1,26.8,20.1,20.5,17.0,,11.1,9.6,37.1,2023,3,High
06035,11.9,21.6,19.2,31.5,51.5,6.8,10.3,,6.2,68.6,81.1,54.9,6.9,,,16.2,56.5,23.1,10.6,24.6,30.7,,25.6,72.9,19.8,34.3,15.1,39.8,3.4,12.4,CA,Lassen,28861,06035,Lassen County,California,0.8231,0.861,0.3748,0.7464,0.8769,31873.0,2025,2022,18.1,35.4,6.9,9.8,14.8,4.4,6.0,29.0,19.9,19.1,16.7,,11.0,9.3,36.8,2023,3,High
06037,11.8,18.3,15.7,28.4,53.0,5.2,9.0,,4.8,70.7,84.0,49.8,4.5,,,11.3,62.1,19.3,11.6,23.6,33.5,,25.7,74.1,16.6,26.4,13.7,35.7,3.0,12.4,CA,Los Angeles,9663345,06037,Los Angeles County,California,0.8629,0.895,0.2825,0.9736,0.9176,9936690.0,2025,2022,15.6,30.9,5.4,8.5,13.6,4.2,6.2,31.6,21.0,18.2,17.7,,10.3,7.8,41.1,2023,3,High
06039,18.1,22.3,15.6,31.8,52.5,5.8,10.4,,6.4,69.0,81.4,53.0,6.7,,,14.9,54.5,21.9,12.8,30.2,31.3,,31.6,73.0,20.1,36.7,16.6,37.6,3.6,20.1,CA,Madera,162858,06039,Madera County,California,0.9593,0.9567,0.9036,0.9532,0.7859,157243.0,2025,2022,19.7,37.7,7.0,11.3,17.7,5.6,8.4,29.2,28.5,26.6,22.8,,14.2,12.3,37.4,2023,3,High
06041,6.2,18.7,18.9,25.2,51.1,7.2,9.5,,4.3,69.3,86.6,59.8,3.9,,,8.4,75.0,22.1,7.5,15.0,29.6,,16.6,77.4,15.8,21.3,10.6,30.0,2.3,6.0,CA,Marin,254407,06041,Marin County,California,0.37,0.1616,0.3637,0.6764,0.6682,260485.0,2025,2022,12.1,24.5,4.8,6.0,9.3,2.5,3.4,22.8,9.8,8.5,9.5,,6.2,5.0,31.6,2023,0,Low
06043,7.9,22.1,19.1,29.0,51.9,7.1,10.6,,5.5,69.7,83.8,54.1,5.9,,,13.3,59.4,25.0,9.4,20.2,30.9,,22.0,67.8,19.3,30.9,13.5,35.5,3.0,16.2,CA,Mariposa,16919,06043,Mariposa County,California,0.8613,0.6542,0.922,0.5711,0.9465,17130.0,2025,2022,15.9,30.6,6.2,8.7,12.6,3.6,4.8,24.8,15.0,15.2,13.3,,8.8,7.6,34.7,2023,2,Moderate
06045,10.9,22.1,18.4,31.0,51.4,6.8,10.7,,5.9,69.5,82.6,53.7,6.4,,,14.7,60.6,24.5,10.4,23.0,31.2,,24.2,73.2,19.9,29.5,14.7,35.5,3.2,12.6,CA,Mendocino,89108,06045,Mendocino County,California,0.9726,0.8934,0.9803,0.749,0.9418,91145.0,2025,2022,17.4,32.8,6.5,9.7,14.2,4.2,5.9,26.8,19.9,18.8,16.8,,10.7,9.2,36.8,2023,3,High
06047,18.3,20.7,15.8,31.8,52.4,5.3,9.8,,6.2,69.3,81.4,50.1,6.1,,,14.5,49.5,21.3,13.3,29.8,33.3,,33.7,69.0,18.8,34.3,16.2,38.9,3.5,18.6,CA,Merced,291920,06047,Merced County,California,0.973,0.973,0.888,0.9736,0.8517,282290.0,2025,2022,19.0,36.0,6.7,10.7,17.1,5.4,8.3,30.6,28.7,25.6,23.0,,13.8,11.9,39.2,2023,3,High
06049,9.3,22.9,18.0,30.9,52.2,7.1,11.1,,6.1,70.0,82.3,55.7,7.0,,,15.6,61.8,26.5,10.3,23.3,31.1,,24.6,72.5,20.7,32.3,15.1,34.3,3.4,14.7,CA,Modoc,8500,06049,Modoc County,California,0.8186,0.693,0.8998,0.5927,0.7852,8651.0,2025,2022,18.1,33.7,6.7,10.2,14.7,4.3,5.8,25.8,18.7,19.8,15.5,,10.6,9.2,36.1,2023,2,Moderate
06051,8.6,20.4,19.0,27.8,50.8,7.0,9.9,,5.2,70.2,84.6,56.0,5.1,,,11.6,65.1,23.4,8.9,18.8,30.3,,20.8,76.6,17.9,30.9,12.6,33.1,2.7,12.0,CA,Mono,13066,06051,Mono County,California,0.3891,0.4143,0.02,0.7321,0.7375,13219.0,2025,2022,14.8,28.5,5.9,7.7,11.6,3.3,4.5,24.9,13.9,12.5,12.7,,8.1,6.8,34.8,2023,0,Low
06053,16.2,19.5,17.1,30.3,51.5,5.7,9.6,,5.6,70.5,83.0,53.3,5.3,,,12.1,57.5,19.4,11.6,25.4,31.9,,26.7,72.0,17.1,31.4,14.4,34.4,3.1,11.2,CA,Monterey,430723,06053,Monterey County,California,0.8686,0.8272,0.581,0.964,0.8724,437609.0,2025,2022,16.8,31.3,6.1,9.0,14.5,4.4,6.8,28.1,22.6,19.4,19.0,,11.5,9.4,35.7,2023,3,High
06055,10.2,19.2,18.1,27.7,51.3,6.5,9.5,,4.9,70.4,84.8,57.7,4.6,,,10.6,63.0,21.8,9.3,19.4,30.6,,22.2,73.4,16.8,28.2,12.3,32.9,2.6,6.5,CA,Napa,133216,06055,Napa County,California,0.6831,0.4983,0.4127,0.8702,0.8692,137384.0,2025,2022,14.3,28.5,5.5,7.4,11.7,3.2,4.7,26.1,15.0,12.7,13.5,,8.4,6.8,34.7,2023,0,Low
06057,6.1,21.0,19.9,28.1,51.6,7.4,10.4,,5.0,70.4,84.9,57.5,5.2,,,11.5,62.8,25.3,8.0,16.8,29.4,,18.2,75.7,18.4,27.6,12.2,33.9,2.7,7.9,CA,Nevada,102037,06057,Nevada County,California,0.2148,0.3013,0.2444,0.4699,0.1632,102322.0,2025,2022,14.5,27.9,5.6,7.6,11.0,3.0,3.9,23.1,11.6,11.6,10.8,,7.3,6.2,33.6,2023,0,Low
06059,9.2,16.8,16.1,26.4,53.2,5.8,9.0,,4.8,71.7,86.0,54.0,4.1,,,9.3,63.8,19.4,10.1,19.9,32.6,,23.4,79.4,16.6,23.9,11.9,36.0,2.6,8.3,CA,Orange,3135755,06059,Orange County,California,0.5692,0.5412,0.1791,0.9252,0.6605,3175227.0,2025,2022,13.5,26.7,5.0,7.0,11.3,3.1,4.6,28.5,15.5,12.3,13.1,,8.0,6.4,35.5,2023,0,Low
06061,5.9,19.9,18.7,27.4,50.7,7.0,10.0,,4.4,71.2,86.0,58.4,4.2,,,9.6,68.9,22.5,7.9,15.4,30.6,,17.9,79.2,16.8,27.2,11.3,33.0,2.4,6.0,CA,Placer,423561,06061,Placer County,California,0.1992,0.1212,0.3182,0.6793,0.2469,406608.0,2025,2022,12.9,24.8,5.1,6.6,9.8,2.6,3.5,24.2,10.7,9.3,10.0,,6.6,5.4,33.6,2023,0,Low
06063,7.0,22.4,19.4,29.4,51.4,7.3,11.0,,5.5,70.2,83.7,59.4,5.9,,,13.7,65.6,26.3,9.0,19.6,30.7,,21.2,78.2,20.2,30.1,13.6,33.4,3.0,9.7,CA,Plumas,19131,06063,Plumas County,California,0.4088,0.3659,0.3672,0.4948,0.4903,19650.0,2025,2022,16.3,31.2,6.1,8.7,12.5,3.5,4.5,25.1,14.1,14.2,12.7,,8.6,7.4,36.4,2023,0,Low
06065,13.0,21.9,15.1,31.2,52.0,5.7,9.5,,5.4,70.6,84.2,51.9,4.9,,,11.6,64.1,22.0,11.3,23.9,33.2,,26.9,79.2,17.6,37.0,14.2,38.5,3.0,9.6,CA,Riverside,2492442,06065,Riverside County,California,0.8199,0.7948,0.6736,0.9504,0.6822,2429487.0,2025,2022,16.2,33.7,5.9,8.8,14.7,4.0,6.0,28.4,21.0,17.3,18.7,,10.6,9.1,37.1,2023,3,High
06067,8.8,21.2,14.9,28.9,53.1,5.9,10.2,,5.1,69.2,84.3,56.6,5.1,,,11.8,61.7,22.7,10.3,21.4,30.5,,21.1,71.4,17.9,29.5,13.1,38.3,3.0,11.4,CA,Sacramento,1584288,06067,Sacramento County,California,0.7509,0.6255,0.636,0.9084,0.7343,1579211.0,2025,2022,15.0,29.8,5.5,8.3,13.0,3.6,5.1,28.9,16.6,16.0,14.7,,9.5,8.0,39.5,2023,2,Moderate
06069,14.3,19.2,17.6,28.5,50.2,5.7,9.1,,5.0,68.5,84.1,55.8,4.4,,,10.8,62.6,20.3,10.5,22.6,31.2,,25.0,74.4,16.9,31.3,13.4,35.0,2.7,11.1,CA,San Benito,68175,06069,San Benito County,California,0.5094,0.5072,0.6685,0.9564,0.1639,64753.0,2025,2022,15.5,30.9,5.7,7.9,13.0,3.7,5.7,27.4,19.2,15.0,16.9,,9.8,8.0,36.8,2023,2,Moderate
06071,14.4,21.2,15.7,31.6,52.3,5.4,9.8,,5.6,69.4,83.6,50.9,5.1,,,12.4,55.8,19.5,11.8,25.6,31.9,,26.4,73.7,17.7,33.3,14.3,37.8,3.2,12.4,CA,San Bernardino,2195611,06071,San Bernardino County,California,0.8858,0.8896,0.7563,0.9726,0.7464,2180563.0,2025,2022,16.4,31.5,5.8,9.0,14.1,4.3,6.7,30.4,23.1,20.6,18.9,,11.5,9.3,38.2,2023,3,High
06073,8.7,18.4,17.2,27.4,49.5,6.3,8.9,,4.7,71.9,85.3,57.6,4.4,,,10.1,65.8,21.2,9.4,18.4,30.7,,20.4,75.8,16.6,25.4,11.7,34.5,2.6,10.3,CA,San Diego,3269973,06073,San Diego County,California,0.7057,0.6281,0.2202,0.9007,0.8759,3289701.0,2025,2022,13.9,26.1,5.1,7.2,11.1,3.2,4.7,28.6,15.2,13.8,13.8,,8.3,6.6,36.2,2023,0,Low
06075,6.2,16.1,19.2,25.1,52.5,5.3,8.5,,4.3,71.7,86.2,57.7,3.6,,,8.8,69.5,19.8,9.3,16.1,32.0,,18.5,78.2,14.3,17.1,10.0,32.5,2.4,4.4,CA,San Francisco,808988,06075,San Francisco County,California,0.482,0.2876,0.0302,0.9284,0.9561,851036.0,2025,2022,11.6,23.6,4.6,5.9,9.4,2.5,3.8,27.9,12.3,9.6,9.7,,6.8,5.1,38.4,2023,0,Low
06077,13.0,19.4,14.5,29.3,53.2,5.4,9.5,,5.4,70.0,83.3,49.7,5.2,,,12.7,58.5,19.7,11.7,24.1,31.0,,25.9,76.6,17.4,30.6,13.8,38.4,3.1,11.8,CA,San Joaquin,800965,06077,San Joaquin County,California,0.8718,0.8075,0.8174,0.9637,0.7509,779445.0,2025,2022,16.0,32.6,5.8,8.8,14.4,4.1,6.3,29.7,21.4,18.1,17.4,,10.9,8.9,36.3,2023,3,High
06079,8.0,20.4,18.4,28.2,49.9,7.0,10.0,,5.0,69.4,84.6,56.6,4.9,,,11.3,67.3,23.7,8.6,18.2,29.4,,19.6,75.8,17.7,27.6,12.5,32.5,2.7,6.9,CA,San Luis Obispo,281639,06079,San Luis Obispo County,California,0.5227,0.4254,0.2256,0.7038,0.7553,281712.0,2025,2022,14.6,27.4,5.6,7.6,11.3,3.2,4.4,25.3,13.8,12.6,12.4,,8.0,6.8,35.0,2023,0,Low
06081,6.9,17.1,16.0,25.7,51.8,5.6,8.5,,4.2,69.2,86.5,59.4,3.5,,,8.0,67.8,18.7,9.0,16.1,32.7,,19.3,79.1,13.9,22.0,10.1,28.7,2.3,7.8,CA,San Mateo,726353,06081,San Mateo County,California,0.2899,0.1292,0.0655,0.9351,0.7121,754250.0,2025,2022,11.2,22.9,4.6,5.7,9.4,2.4,3.7,26.9,12.0,8.7,10.0,,6.5,4.8,35.6,2023,0,Low
06083,12.1,20.5,17.6,29.4,50.5,6.1,9.7,,5.3,69.6,83.9,56.7,5.2,,,11.6,65.3,21.8,10.3,22.4,29.8,,24.2,69.8,17.5,27.6,13.8,32.2,2.9,11.7,CA,Santa Barbara,441257,06083,Santa Barbara County,California,0.8667,0.8419,0.3401,0.9065,0.9599,445213.0,2025,2022,15.8,31.6,6.0,8.5,13.6,3.9,5.8,26.0,18.6,16.6,15.9,,9.9,8.4,35.9,2023,2,Moderate
06085,6.9,15.5,13.3,25.7,51.9,5.3,7.9,,4.1,70.4,86.0,55.7,3.3,,,8.2,67.3,17.9,9.8,15.8,31.5,,21.8,78.7,14.0,21.9,9.8,31.8,2.3,7.3,CA,Santa Clara,1877592,06085,Santa Clara County,California,0.3614,0.1349,0.0859,0.9612,0.8206,1916831.0,2025,2022,10.8,23.2,4.6,5.4,9.3,2.4,3.7,28.7,11.8,8.6,10.1,,6.5,4.7,38.8,2023,0,Low
06087,9.2,19.1,18.9,27.7,51.1,6.7,9.8,,5.0,69.3,84.7,58.6,4.7,,,10.7,64.3,23.3,9.0,19.3,30.8,,20.4,77.6,17.4,26.8,12.5,33.7,2.7,8.0,CA,Santa Cruz,261547,06087,Santa Cruz County,California,0.6131,0.4948,0.1327,0.8225,0.9182,268571.0,2025,2022,14.3,27.8,5.5,7.6,11.7,3.3,4.6,24.1,14.5,12.7,12.9,,8.3,7.0,35.5,2023,0,Low
06089,7.4,22.5,19.6,30.4,51.0,7.2,10.9,,5.5,70.3,83.2,54.5,6.1,,,14.1,64.9,25.6,9.4,20.5,32.6,,20.8,72.4,20.3,29.3,13.8,38.1,3.0,9.0,CA,Shasta,180366,06089,Shasta County,California,0.7649,0.6096,0.833,0.5679,0.7919,181852.0,2025,2022,16.4,31.0,6.1,8.9,13.0,3.6,4.8,26.0,15.0,15.3,13.1,,9.0,7.6,36.5,2023,2,Moderate
06091,8.6,23.1,18.6,30.8,52.2,7.2,10.8,,6.1,69.5,82.1,56.2,6.9,,,15.6,62.2,26.0,10.1,22.7,31.0,,24.0,77.3,20.4,32.4,14.8,35.0,3.3,14.1,CA,Sierra,3200,06091,Sierra County,California,0.3522,0.5994,0.2599,0.3888,0.1654,2916.0,2025,2022,17.6,33.4,6.7,9.8,14.2,4.1,5.5,25.6,17.4,18.8,14.4,,9.9,8.7,35.7,2023,2,Moderate
06093,8.2,23.1,18.8,30.3,51.8,7.2,11.2,,5.9,70.0,82.7,53.4,6.6,,,15.2,60.4,26.2,9.9,22.1,30.9,,23.4,73.9,20.6,32.0,14.7,35.6,3.2,10.5,CA,Siskiyou,42905,06093,Siskiyou County,California,0.7884,0.7649,0.7458,0.6185,0.7206,44049.0,2025,2022,17.4,33.3,6.6,9.7,14.1,4.1,5.4,25.8,17.2,18.1,14.7,,10.0,8.7,35.2,2023,2,Moderate
06095,9.4,19.5,16.3,30.0,52.1,5.8,10.1,,4.9,70.6,84.9,54.9,4.6,,,11.3,61.3,19.9,10.5,20.3,31.2,,24.3,76.2,17.5,31.2,12.5,38.1,2.9,10.1,CA,Solano,449218,06095,Solano County,California,0.6201,0.4499,0.5186,0.9415,0.6787,450995.0,2025,2022,14.6,28.8,5.2,7.7,12.2,3.4,5.0,29.2,17.1,14.9,15.0,,9.3,7.9,37.4,2023,2,Moderate
06097,8.8,19.5,17.8,26.4,50.5,6.8,9.8,,4.8,69.7,84.9,56.9,4.7,,,10.8,68.4,23.9,8.6,17.7,29.0,,20.0,76.4,17.2,26.1,12.1,34.0,2.6,7.9,CA,Sonoma,481812,06097,Sonoma County,California,0.5562,0.4108,0.4025,0.7706,0.7146,488436.0,2025,2022,14.1,27.2,5.4,7.4,11.4,3.1,4.3,24.6,13.5,11.8,12.5,,7.9,6.4,33.2,2023,0,Low
06099,14.2,21.8,17.5,30.6,51.8,5.9,10.0,,5.8,70.3,82.8,53.0,5.7,,,13.6,59.5,21.0,11.2,25.2,31.7,,30.1,77.1,19.1,36.6,15.2,35.6,3.2,15.5,CA,Stanislaus,551430,06099,Stanislaus County,California,0.8511,0.8482,0.8323,0.9252,0.5889,552063.0,2025,2022,17.2,35.4,6.3,9.5,15.4,4.4,6.6,28.4,21.4,19.8,18.4,,11.4,9.5,35.3,2023,3,High
06101,12.2,20.7,15.6,30.5,51.7,5.9,10.0,,5.8,69.7,82.4,49.6,6.1,,,14.1,54.5,22.0,11.4,24.6,31.8,,26.9,72.0,18.7,29.7,14.6,36.7,3.2,16.6,CA,Sutter,97948,06101,Sutter County,California,0.8641,0.8444,0.8874,0.9036,0.5883,99101.0,2025,2022,17.2,32.8,6.3,9.5,14.6,4.3,6.3,29.3,21.5,19.7,17.0,,11.0,8.9,38.2,2023,3,High
06103,11.3,22.7,17.7,30.5,51.5,6.8,10.7,,6.1,68.9,82.1,53.9,6.8,,,15.5,57.0,25.2,10.6,24.4,30.3,,26.0,72.0,20.4,31.8,15.3,36.6,3.4,11.7,CA,Tehama,64896,06103,Tehama County,California,0.9271,0.8253,0.9892,0.7213,0.7728,65484.0,2025,2022,18.2,33.6,6.7,10.1,14.9,4.5,6.2,26.5,20.1,20.3,16.9,,11.0,9.5,36.2,2023,3,High
06105,7.8,24.1,18.5,32.2,52.7,7.2,11.3,,6.6,69.9,81.4,54.0,7.8,,,17.7,57.8,27.7,10.7,24.1,31.6,,25.2,71.6,21.9,33.2,15.7,35.3,3.6,16.7,CA,Trinity,15670,06105,Trinity County,California,0.7206,0.769,0.7388,0.5444,0.5107,15889.0,2025,2022,18.8,35.2,7.3,10.9,15.4,4.6,6.0,26.0,19.4,22.1,15.6,,11.1,9.9,35.8,2023,2,Moderate
06107,18.3,20.3,16.1,31.4,52.3,5.5,10.0,,6.2,68.0,81.7,46.7,6.0,,,14.2,52.6,22.1,13.1,29.5,32.1,,32.9,73.3,18.9,35.3,16.4,35.1,3.5,15.7,CA,Tulare,479468,06107,Tulare County,California,0.9147,0.9602,0.8524,0.9707,0.5705,473446.0,2025,2022,18.7,36.4,6.8,10.6,17.1,5.3,8.2,28.9,27.5,25.7,22.4,,13.7,11.7,36.6,2023,3,High
06109,7.5,21.3,19.5,28.8,51.3,7.3,10.5,,5.3,70.9,84.0,58.1,5.6,,,12.9,65.0,25.5,8.9,18.8,30.6,,20.9,77.0,19.2,29.2,13.1,36.3,2.9,8.2,CA,Tuolumne,54204,06109,Tuolumne County,California,0.6319,0.5501,0.622,0.5415,0.6876,54993.0,2025,2022,15.7,29.1,6.0,8.2,12.1,3.4,4.4,25.1,13.8,13.5,12.5,,8.3,7.1,33.8,2023,0,Low
06111,10.7,18.0,17.1,27.3,50.0,6.1,9.5,,4.8,71.6,85.3,56.9,4.5,,,10.5,64.4,21.1,9.9,21.0,31.4,,22.8,74.3,17.0,25.7,12.5,34.1,2.7,11.6,CA,Ventura,829590,06111,Ventura County,California,0.6249,0.5921,0.3312,0.9017,0.6293,842009.0,2025,2022,14.5,28.8,5.5,7.5,12.0,3.4,5.0,24.6,16.0,13.4,14.6,,8.7,7.0,34.1,2023,2,Moderate
06113,9.3,20.5,17.1,28.1,52.4,6.2,9.8,,5.2,71.3,84.4,56.7,5.0,,,11.1,60.7,23.3,10.1,20.7,31.1,,23.6,71.6,17.3,27.9,12.9,31.3,2.9,15.9,CA,Yolo,220544,06113,Yolo County,California,0.7366,0.6198,0.1572,0.8966,0.9653,217141.0,2025,2022,14.8,29.2,5.7,8.1,12.6,3.6,5.2,26.3,16.8,15.2,14.1,,9.2,7.8,34.9,2023,2,Moderate
06115,11.0,21.9,16.8,30.5,52.6,6.4,10.4,,5.9,69.8,82.6,53.4,6.3,,,14.5,57.0,23.6,11.0,23.7,31.2,,26.1,76.1,19.5,30.9,14.9,35.6,3.3,14.9,CA,Yuba,85722,06115,Yuba County,California,0.9268,0.8651,0.9109,0.8616,0.8651,81705.0,2025,2022,17.4,33.3,6.4,9.7,14.6,4.3,6.1,28.6,20.3,19.6,17.0,,11.0,9.3,37.0,2023,3,High
09110,10.3,21.4,16.2,29.0,58.1,7.0,11.6,,4.8,79.6,88.2,66.3,4.9,,,11.1,69.1,21.8,9.2,16.2,34.1,,23.5,80.6,17.2,32.4,11.7,37.5,2.7,9.6,CT,Capitol,975328,09110,Capitol Planning Region,Connecticut,0.5877,0.3952,0.427,0.7735,0.7891,977165.0,2025,2022,13.3,23.9,5.0,7.1,9.9,3.2,4.7,25.3,16.9,13.4,14.0,,9.2,9.5,34.2,2023,2,Moderate
09120,15.0,19.5,16.3,28.3,59.9,6.5,10.5,,4.8,76.6,87.7,65.7,4.9,,,11.1,67.6,18.2,9.2,17.7,33.7,,27.3,77.7,16.4,28.4,12.1,37.6,3.0,10.7,CT,Greater Bridgeport,327651,09120,Greater Bridgeport Planning Region,Connecticut,0.8142,0.7391,0.5924,0.791,0.8673,326381.0,2025,2022,13.0,24.4,5.0,7.7,10.5,3.9,5.7,28.3,20.9,16.5,17.6,,10.9,11.6,36.3,2023,3,High
09130,7.1,22.2,18.0,28.4,55.7,7.4,11.1,,4.6,79.7,88.6,67.4,4.6,,,9.8,74.6,23.8,7.3,13.2,31.6,,20.5,79.4,16.3,29.8,11.0,34.6,2.4,8.5,CT,Lower Connecticut River Valley,176215,09130,Lower Connecticut River Valley Planning Region,Connecticut,0.1534,0.1145,0.1467,0.5065,0.3229,175244.0,2025,2022,12.3,22.4,5.0,6.2,8.4,2.6,3.5,22.7,10.4,8.5,9.9,,6.8,6.7,31.0,2023,0,Low
09140,11.3,21.7,17.2,28.1,56.8,7.1,11.2,,4.9,77.9,87.7,65.6,5.2,,,11.9,68.3,21.8,8.8,16.3,33.8,,25.4,78.2,17.5,30.7,12.3,36.8,2.8,11.1,CT,Naugatuck Valley,456128,09140,Naugatuck Valley Planning Region,Connecticut,0.5641,0.4836,0.5746,0.7636,0.5142,451887.0,2025,2022,13.5,25.0,5.3,7.3,10.3,3.3,4.8,26.6,16.6,13.1,14.4,,9.2,9.5,34.7,2023,2,Moderate
09150,8.1,22.9,17.9,29.6,56.0,7.6,11.7,,5.1,77.7,87.0,66.0,5.7,,,12.5,69.7,24.8,8.0,15.6,32.2,,23.4,77.0,18.5,32.4,12.6,37.4,2.8,11.4,CT,Northeastern Connecticut,96692,09150,Northeastern Connecticut Planning Region,Connecticut,0.2409,0.3894,0.2953,0.5065,0.0955,95687.0,2025,2022,14.3,25.8,5.7,7.3,10.0,3.0,4.0,24.1,12.5,10.2,11.0,,7.6,7.5,33.5,2023,0,Low
09160,8.0,22.3,18.7,26.6,55.3,7.6,11.6,,4.7,78.7,88.3,66.0,5.0,,,11.5,70.5,23.9,7.9,14.2,33.5,,21.9,78.7,17.6,29.2,11.6,34.8,2.5,9.5,CT,Northwest Hills,113463,09160,Northwest Hills Planning Region,Connecticut,0.2727,0.2558,0.3608,0.5597,0.2606,112696.0,2025,2022,12.9,23.5,5.3,6.6,9.2,2.7,3.7,24.7,12.2,9.2,10.5,,7.1,7.1,32.9,2023,0,Low
09170,10.6,21.6,15.6,30.0,56.7,6.8,10.9,,4.9,78.7,88.0,66.8,4.9,,,11.3,67.9,20.9,9.2,15.9,34.0,,26.0,79.3,16.8,33.9,12.0,38.4,2.8,11.3,CT,South Central Connecticut,568158,09170,South Central Connecticut Planning Region,Connecticut,0.6637,0.4884,0.3681,0.7655,0.9039,571298.0,2025,2022,12.9,24.8,5.0,7.0,10.4,3.4,4.9,26.1,16.7,14.0,15.3,,9.5,10.6,35.1,2023,2,Moderate
09180,10.1,22.4,16.9,30.8,57.0,7.1,11.4,,5.0,78.5,87.1,66.1,5.3,,,11.7,68.8,23.5,8.8,16.8,31.7,,25.9,77.2,17.6,33.1,12.7,38.5,2.8,10.7,CT,Southeastern Connecticut,279634,09180,Southeastern Connecticut Planning Region,Connecticut,0.4865,0.3541,0.4734,0.6128,0.6055,280293.0,2025,2022,14.2,27.1,5.5,7.4,10.5,3.2,4.6,25.2,15.3,12.4,13.1,,8.9,8.9,33.1,2023,2,Moderate
09190,10.0,19.5,17.5,24.9,56.5,7.1,10.0,,4.2,77.3,89.0,67.0,4.0,,,8.7,72.8,19.3,7.4,13.4,33.0,,21.4,78.9,14.9,25.6,10.5,33.4,2.4,8.0,CT,Western Connecticut,623907,09190,Western Connecticut Planning Region,Connecticut,0.4664,0.4034,0.3102,0.7751,0.5008,620666.0,2025,2022,10.8,20.8,4.7,5.8,8.2,2.6,3.8,24.8,12.4,8.7,11.2,,7.1,7.0,32.6,2023,0,Low
10001,9.8,25.5,14.1,36.0,60.5,6.9,12.6,,5.5,80.8,85.3,60.7,6.6,,,14.0,61.9,23.3,12.4,20.2,34.4,,30.7,73.0,18.7,43.9,13.7,40.9,3.3,13.1,DE,Kent,189789,10001,Kent County,Delaware,0.8151,0.6306,0.8676,0.7964,0.7881,182400.0,2025,2022,15.1,33.1,5.8,8.7,14.4,3.7,5.1,23.6,16.6,15.1,15.1,,9.1,9.4,35.8,2023,3,High
10003,8.9,22.4,16.3,32.1,57.3,6.9,10.4,,5.0,77.6,86.2,60.9,5.3,,,11.8,62.3,21.5,10.7,16.8,34.0,,24.8,78.1,16.3,33.4,11.6,36.5,2.9,13.1,DE,New Castle,578592,10003,New Castle County,Delaware,0.5132,0.3376,0.4018,0.8352,0.6561,570567.0,2025,2022,13.4,27.5,5.0,7.3,11.8,3.2,4.4,22.9,14.6,11.9,12.9,,8.3,8.2,32.8,2023,2,Moderate
10005,10.5,23.7,16.9,32.8,60.1,7.3,10.7,,5.6,78.6,85.2,57.1,6.3,,,14.6,60.6,22.4,9.8,17.7,37.4,,25.2,80.4,16.5,34.2,12.7,35.3,2.9,14.7,DE,Sussex,263509,10005,Sussex County,Delaware,0.5183,0.4483,0.6904,0.6166,0.3948,240668.0,2025,2022,13.8,27.8,6.0,7.8,11.6,3.3,4.5,21.1,14.5,11.8,11.9,,7.8,7.8,32.0,2023,2,Moderate
11001,6.2,18.7,22.5,30.3,57.2,6.0,10.2,,4.1,77.0,90.2,66.0,4.2,,,9.5,69.3,21.0,8.5,13.5,33.3,,15.3,77.0,13.7,25.1,9.6,32.8,3.0,7.3,DC,District of Columbia,678972,11001,District of Columbia,District of Columbia,0.6262,0.4394,0.1056,0.9386,0.9631,670587.0,2025,2022,11.6,22.0,4.1,6.5,9.9,3.2,4.3,22.7,13.8,12.8,12.0,,7.8,7.8,36.2,2023,0,Low
13001,18.7,26.5,14.9,38.8,62.5,6.7,10.8,,7.3,74.9,81.5,53.6,9.3,,,20.8,52.3,22.9,14.6,27.3,35.5,,33.7,70.1,20.9,40.7,17.2,38.3,4.2,23.8,GA,Appling,18457,13001,Appling County,Georgia,0.9122,0.8546,0.8578,0.6911,0.9268,18441.0,2025,2022,19.7,37.1,7.8,12.3,17.5,5.7,7.7,26.0,25.7,23.3,19.8,,13.3,13.4,37.9,2023,1,Critical
13003,26.0,26.7,14.7,40.4,61.9,6.2,10.7,,7.9,74.7,80.3,52.2,10.1,,,22.1,47.0,22.2,16.5,32.2,35.4,,39.4,68.5,21.1,43.9,18.9,38.8,4.7,31.1,GA,Atkinson,8293,13003,Atkinson County,Georgia,0.8444,0.9026,0.8081,0.8403,0.5199,8265.0,2025,2022,21.6,41.0,8.5,13.8,20.2,7.0,9.9,27.2,32.0,28.5,24.1,,15.9,15.6,40.4,2023,1,Critical
13005,16.1,25.4,15.6,36.9,61.0,6.9,10.7,,6.6,75.4,82.5,56.4,8.3,,,19.2,50.4,22.7,13.0,23.9,34.6,,31.6,71.3,20.5,36.9,15.9,40.5,3.8,21.6,GA,Bacon,11124,13005,Bacon County,Georgia,0.889,0.7362,0.9755,0.6332,0.8463,11138.0,2025,2022,18.4,34.3,7.3,11.0,15.7,4.9,6.5,25.6,21.7,18.8,17.4,,11.5,11.4,39.0,2023,3,High
13007,17.6,26.8,13.4,42.4,64.9,5.9,11.3,,7.5,78.0,82.7,56.3,9.3,,,21.0,51.8,21.1,16.9,28.8,34.6,,35.9,72.0,21.0,43.3,17.1,40.6,4.9,30.4,GA,Baker,2743,13007,Baker County,Georgia,0.7162,0.922,0.4394,0.8584,0.2564,2878.0,2025,2022,19.6,38.2,7.3,13.1,19.0,6.6,8.9,27.8,30.8,29.6,23.5,,15.8,17.3,40.0,2023,1,Critical
13009,14.4,25.0,14.7,39.6,63.8,6.2,10.8,,6.5,78.3,84.3,60.7,7.6,,,17.6,52.9,20.5,14.5,23.9,34.3,,30.1,77.4,19.3,40.9,15.0,43.0,4.1,20.9,GA,Baldwin,43396,13009,Baldwin County,Georgia,0.923,0.9357,0.3363,0.86,0.9908,43778.0,2025,2022,17.1,33.5,6.6,10.8,15.8,5.2,6.8,27.0,23.7,21.3,19.8,,12.6,13.7,39.3,2023,3,High
13011,14.8,24.7,17.0,34.6,59.0,7.3,10.2,,6.2,74.6,83.1,58.3,7.5,,,17.4,51.1,23.7,11.5,21.6,34.0,,28.0,72.1,19.5,34.2,14.9,37.5,3.3,15.9,GA,Banks,19789,13011,Banks County,Georgia,0.3373,0.6207,0.3096,0.3961,0.1015,18381.0,2025,2022,17.2,32.8,7.2,9.6,13.8,4.1,5.4,24.1,17.1,13.6,13.8,,9.2,8.5,37.7,2023,2,Moderate
13013,14.9,24.1,15.6,34.6,60.4,6.7,9.8,,5.6,75.8,84.9,60.5,6.2,,,14.7,59.4,19.7,11.6,19.9,34.3,,27.8,75.0,17.9,34.8,13.6,38.0,3.1,9.1,GA,Barrow,92792,13013,Barrow County,Georgia,0.4887,0.5956,0.7738,0.7066,0.0799,84399.0,2025,2022,15.5,30.2,6.4,8.6,12.9,3.7,5.2,24.7,17.4,12.8,14.6,,9.2,8.9,38.2,2023,3,High
13015,13.7,24.4,16.9,34.3,60.7,7.1,10.0,,5.5,76.0,84.9,56.4,6.4,,,15.1,58.1,21.5,10.8,19.7,32.3,,25.6,75.1,18.5,38.4,13.8,37.1,3.1,9.8,GA,Bartow,115041,13015,Bartow County,Georgia,0.454,0.6529,0.3964,0.6045,0.1623,109410.0,2025,2022,15.4,29.6,6.3,8.5,12.6,3.6,4.9,23.7,15.2,11.7,13.3,,8.5,8.1,36.4,2023,2,Moderate
13017,17.9,26.8,13.9,41.8,64.3,6.3,11.4,,7.2,77.4,82.2,54.8,9.4,,,21.7,45.8,21.7,16.0,28.6,34.8,,36.4,71.6,21.2,41.5,17.4,44.3,4.6,25.4,GA,Ben Hill,17128,13017,Ben Hill County,Georgia,0.9265,0.8918,0.7378,0.8365,0.9535,17169.0,2025,2022,20.1,38.1,7.2,13.2,18.8,6.3,8.5,27.9,29.9,28.3,23.1,,15.2,16.3,40.5,2023,1,Critical
13019,16.5,26.9,15.9,37.2,61.5,7.0,10.8,,7.1,75.1,81.8,54.5,9.1,,,21.0,52.5,23.8,13.5,25.1,33.9,,32.6,67.4,21.2,38.0,16.6,36.9,4.0,22.6,GA,Berrien,18570,13019,Berrien County,Georgia,0.6748,0.8406,0.8406,0.5269,0.1769,18187.0,2025,2022,19.4,35.9,7.8,11.8,16.4,5.3,7.0,25.1,22.9,20.7,17.5,,12.1,11.8,39.4,2023,3,High
13021,14.8,25.3,13.4,42.0,65.0,5.9,11.3,,6.3,79.8,84.9,54.6,7.5,,,17.3,52.9,19.9,15.2,25.3,33.5,,31.5,72.4,19.9,45.0,15.2,43.4,4.3,22.1,GA,Bibb,156512,13021,Bibb County,Georgia,0.9644,0.9739,0.8619,0.9399,0.8422,156554.0,2025,2022,17.4,35.5,6.1,11.4,17.1,5.6,7.5,27.9,26.7,24.5,21.7,,14.1,15.5,41.6,2023,1,Critical
13023,13.7,26.3,15.2,36.7,62.2,6.9,10.9,,6.3,77.5,84.3,57.4,7.7,,,17.4,57.3,22.7,12.8,22.6,34.7,,28.8,73.6,20.0,38.3,15.2,39.8,3.7,15.2,GA,Bleckley,12465,13023,Bleckley County,Georgia,0.7063,0.686,0.6363,0.686,0.6134,12413.0,2025,2022,17.4,33.4,6.8,10.5,14.9,4.6,6.0,24.9,20.4,17.6,16.8,,11.0,11.3,39.0,2023,3,High
13025,15.1,26.1,16.6,35.5,60.0,7.3,10.7,,6.7,74.5,81.9,56.5,8.7,,,19.9,52.6,25.0,11.9,23.5,34.9,,31.1,68.3,21.1,38.7,16.2,37.6,3.6,20.8,GA,Brantley,18401,13025,Brantley County,Georgia,0.3974,0.7763,0.0738,0.2485,0.2733,18105.0,2025,2022,18.9,35.1,7.6,11.0,15.3,4.6,6.1,24.0,19.3,16.5,14.9,,10.3,9.6,38.7,2023,3,High
13027,17.5,26.5,14.0,40.7,64.1,6.3,11.2,,7.2,77.6,82.6,54.2,9.1,,,20.3,46.4,21.5,15.7,27.9,34.9,,34.4,69.0,20.8,40.2,17.0,42.9,4.5,20.6,GA,Brooks,16245,13027,Brooks County,Georgia,0.9275,0.9704,0.7611,0.8492,0.7741,16275.0,2025,2022,19.3,37.0,7.4,12.6,18.2,6.1,8.2,26.9,28.4,26.6,22.0,,14.6,15.4,39.6,2023,1,Critical
13029,10.7,22.2,17.9,32.5,59.2,7.1,9.6,,4.8,77.5,86.8,63.7,5.0,,,11.8,64.0,20.4,9.8,15.7,32.6,,21.2,78.8,16.7,32.8,11.9,34.6,2.7,16.0,GA,Bryan,49739,13029,Bryan County,Georgia,0.3115,0.28,0.7101,0.6618,0.1104,44995.0,2025,2022,13.2,26.8,5.6,7.0,10.6,2.9,3.9,22.2,12.0,8.4,11.2,,7.0,6.7,36.4,2023,0,Low
13031,12.9,24.8,14.6,38.8,62.6,6.9,10.6,,6.2,77.4,84.9,58.1,7.2,,,16.0,58.5,20.9,12.9,21.5,35.2,,27.4,72.2,19.2,41.7,14.4,38.3,3.7,17.8,GA,Bulloch,84327,13031,Bulloch County,Georgia,0.8374,0.9297,0.2326,0.7521,0.8781,79829.0,2025,2022,16.3,31.7,6.6,9.9,14.7,4.6,6.0,25.0,19.6,17.5,16.6,,10.8,11.4,36.1,2023,3,High
13033,15.7,26.7,13.7,41.0,64.4,6.1,11.4,,6.8,77.7,83.7,57.2,8.3,,,19.2,51.8,21.2,15.2,26.3,33.8,,33.4,74.6,20.7,39.8,16.3,42.4,4.4,25.7,GA,Burke,24438,13033,Burke County,Georgia,0.7483,0.8148,0.552,0.881,0.4967,24337.0,2025,2022,18.7,36.3,6.6,12.0,17.7,5.8,7.6,28.4,27.0,24.7,21.7,,14.0,15.2,39.7,2023,1,Critical
13035,14.8,24.1,16.0,37.5,61.9,6.6,10.4,,6.1,76.4,83.6,59.6,7.3,,,17.6,53.7,20.6,12.6,22.5,33.3,,30.4,76.8,19.3,38.2,14.7,39.5,3.6,18.9,GA,Butts,26887,13035,Butts County,Georgia,0.5565,0.5896,0.392,0.72,0.4766,25522.0,2025,2022,17.0,33.0,6.5,9.9,14.7,4.4,5.9,26.8,20.2,16.5,16.8,,10.7,10.8,38.0,2023,3,High
13037,18.8,25.1,13.9,44.9,64.8,5.5,10.6,,7.3,77.5,82.1,55.1,8.6,,,21.1,41.5,17.5,17.1,29.2,33.8,,36.2,72.9,19.6,43.6,16.3,44.4,4.9,31.8,GA,Calhoun,5457,13037,Calhoun County,Georgia,0.9688,0.9924,0.6344,0.9526,0.917,5594.0,2025,2022,18.9,37.6,6.7,12.2,18.7,6.5,8.6,32.1,31.0,27.8,24.5,,15.8,17.1,40.8,2023,1,Critical
13039,12.9,24.0,16.4,34.7,59.4,6.9,10.1,,5.8,76.1,84.9,57.5,6.5,,,15.5,56.2,21.1,11.7,19.9,33.6,,27.1,79.0,18.4,37.9,13.7,38.2,3.3,15.0,GA,Camden,58118,13039,Camden County,Georgia,0.6618,0.587,0.6316,0.6793,0.6433,55105.0,2025,2022,15.4,30.4,6.5,8.8,13.4,3.9,5.2,23.6,16.5,13.3,14.3,,9.2,9.2,35.9,2023,3,High
13043,17.9,25.5,14.8,38.3,62.4,6.5,10.8,,6.7,76.3,82.6,50.8,8.4,,,19.0,47.4,22.0,13.9,26.1,34.3,,32.2,71.9,20.2,42.3,16.3,39.7,4.0,24.2,GA,Candler,11059,13043,Candler County,Georgia,0.916,0.8508,0.9281,0.7798,0.8381,10946.0,2025,2022,18.7,36.1,7.1,11.6,16.7,5.4,7.3,26.4,24.8,21.6,19.6,,12.8,12.9,39.8,2023,1,Critical
13045,14.3,25.1,16.1,35.9,60.6,6.8,10.4,,5.9,75.6,84.3,59.5,7.0,,,16.6,59.5,21.4,12.2,21.3,33.9,,28.1,73.1,18.9,34.7,14.4,34.5,3.4,14.3,GA,Carroll,127098,13045,Carroll County,Georgia,0.8428,0.8794,0.8171,0.6885,0.6176,120060.0,2025,2022,16.5,32.9,6.6,9.5,14.3,4.1,5.6,24.2,18.5,15.0,15.5,,10.0,9.9,38.9,2023,3,High
13047,11.6,23.4,17.5,31.7,58.5,7.5,10.0,,5.5,75.2,84.8,60.7,6.3,,,14.9,63.1,22.2,10.3,17.9,33.6,,24.0,74.1,18.4,33.9,13.2,36.3,2.9,9.6,GA,Catoosa,68910,13047,Catoosa County,Georgia,0.3086,0.3519,0.5733,0.3217,0.1979,68052.0,2025,2022,15.2,29.8,6.4,8.2,12.0,3.3,4.4,21.7,13.0,10.0,11.3,,7.6,7.0,36.8,2023,2,Moderate
13049,21.3,25.4,15.8,40.1,62.3,6.4,10.0,,7.3,74.9,81.6,55.2,8.5,,,20.1,47.1,20.2,15.4,27.8,34.9,,33.9,70.5,19.4,41.4,16.7,42.8,4.2,25.0,GA,Charlton,12934,13049,Charlton County,Georgia,0.8855,0.9889,0.2262,0.776,0.8559,12547.0,2025,2022,18.8,37.3,7.8,11.3,17.1,5.7,7.8,28.6,26.2,21.8,20.7,,13.5,13.6,39.6,2023,1,Critical
13051,12.5,23.3,16.3,37.0,63.3,6.4,10.3,,5.4,78.9,86.4,61.2,5.8,,,13.7,61.1,19.2,12.1,18.6,32.2,,24.8,77.6,17.0,33.4,12.7,42.6,3.3,12.7,GA,Chatham,303655,13051,Chatham County,Georgia,0.805,0.8056,0.5647,0.8858,0.7181,296266.0,2025,2022,14.3,28.6,5.7,8.6,12.7,4.0,5.4,23.5,18.1,14.6,15.8,,10.0,10.4,37.3,2023,3,High
13053,15.7,24.8,16.0,38.6,61.7,6.1,9.7,,6.3,76.1,83.7,57.8,6.9,,,16.3,51.4,19.6,14.2,22.5,34.5,,29.8,73.5,18.1,40.6,14.5,41.3,3.8,21.3,GA,Chattahoochee,8661,13053,Chattahoochee County,Georgia,0.6554,0.6675,0.1629,0.8377,0.776,9402.0,2025,2022,15.9,32.4,6.7,9.5,14.9,4.7,6.4,25.3,20.5,17.0,17.0,,10.9,11.5,36.8,2023,3,High
13055,17.9,26.8,16.1,37.5,60.8,7.0,10.8,,7.2,74.2,81.0,53.9,9.6,,,21.6,49.9,24.0,13.5,26.7,34.6,,33.6,67.9,21.3,35.1,17.3,38.0,4.1,23.2,GA,Chattooga,25222,13055,Chattooga County,Georgia,0.9481,0.91,0.9246,0.4948,0.9625,24902.0,2025,2022,20.2,37.7,8.0,12.3,17.3,5.5,7.2,25.7,23.6,21.0,17.8,,12.3,11.9,40.0,2023,3,High
13057,11.2,21.8,18.5,30.8,58.5,7.3,9.5,,4.9,75.3,86.5,63.2,4.9,,,11.7,64.7,20.7,9.5,15.8,33.1,,23.0,74.3,16.8,33.1,11.5,35.9,2.6,9.4,GA,Cherokee,286602,13057,Cherokee County,Georgia,0.1969,0.2787,0.4263,0.5892,0.0503,268567.0,2025,2022,12.8,24.9,5.6,6.8,10.1,2.8,3.8,22.2,11.2,7.5,10.5,,6.5,6.2,37.4,2023,0,Low
13059,13.2,24.1,15.0,36.5,63.2,6.5,10.5,,6.0,77.4,85.5,58.3,6.7,,,14.4,57.1,21.0,13.3,21.3,33.4,,27.4,77.5,18.1,33.7,13.8,34.8,3.6,16.2,GA,Clarke,129933,13059,Clarke County,Georgia,0.7502,0.8972,0.1069,0.833,0.7547,128864.0,2025,2022,15.3,30.4,6.3,9.5,14.0,4.6,6.2,23.2,19.3,17.1,16.2,,10.7,11.5,36.2,2023,3,High
13061,15.3,25.9,12.7,43.2,65.8,5.8,11.6,,6.7,79.7,84.6,55.8,8.1,,,18.6,52.6,19.9,16.1,26.9,33.8,,34.5,74.9,20.3,42.3,15.9,43.2,4.6,28.9,GA,Clay,2853,13061,Clay County,Georgia,0.9061,0.8387,0.9558,0.937,0.6685,2855.0,2025,2022,18.1,35.8,6.3,12.2,17.8,6.1,8.1,28.8,29.2,27.5,23.9,,15.3,17.2,40.2,2023,1,Critical
13063,17.0,23.6,11.8,41.7,65.8,4.8,11.3,,6.0,80.2,86.0,60.0,6.5,,,15.9,48.6,16.8,16.1,25.2,32.2,,32.9,75.6,19.0,44.8,14.8,45.1,4.4,24.0,GA,Clayton,298300,13063,Clayton County,Georgia,0.9488,0.9765,0.8151,0.9952,0.7334,296312.0,2025,2022,16.7,34.2,5.3,11.2,17.1,5.8,7.9,31.4,30.5,26.5,26.3,,15.4,17.7,43.2,2023,1,Critical
13065,17.2,26.4,14.5,39.7,62.9,6.6,11.2,,7.3,76.0,81.7,51.1,9.5,,,21.5,45.0,22.6,14.8,27.8,34.2,,34.4,68.4,21.3,41.7,17.3,41.6,4.4,27.5,GA,Clinch,6746,13065,Clinch County,Georgia,0.9348,0.7668,0.9265,0.7366,0.9819,6713.0,2025,2022,20.0,37.8,7.7,12.8,18.2,6.0,8.0,26.4,27.1,25.5,20.7,,13.9,14.4,38.7,2023,1,Critical
13067,10.9,20.2,15.4,30.7,59.8,6.6,9.4,,4.7,77.0,87.9,61.6,4.5,,,10.3,67.3,18.3,10.1,15.5,32.7,,21.3,74.1,15.3,29.6,10.9,36.2,2.7,13.3,GA,Cobb,776743,13067,Cobb County,Georgia,0.3993,0.4114,0.3525,0.8743,0.2227,765813.0,2025,2022,11.9,23.4,5.1,6.7,10.2,3.0,4.1,23.0,12.6,8.9,11.9,,7.4,7.6,36.1,2023,2,Moderate
13069,19.4,26.5,14.5,39.9,63.0,6.4,10.8,,7.2,76.5,82.1,52.9,9.1,,,20.9,50.0,21.8,15.0,28.0,34.8,,34.6,72.8,20.8,39.4,17.0,36.6,4.3,24.0,GA,Coffee,43317,13069,Coffee County,Georgia,0.9609,0.9004,0.95,0.8116,0.9166,43056.0,2025,2022,19.5,39.0,7.5,12.3,18.2,6.0,8.1,27.6,28.1,24.9,21.6,,14.2,14.6,39.4,2023,1,Critical
13071,20.6,26.1,14.5,39.8,62.3,6.4,10.7,,6.9,76.2,82.5,54.0,8.5,,,19.4,47.0,22.1,14.8,27.3,34.8,,34.2,72.8,20.4,35.8,16.8,39.6,4.1,24.3,GA,Colquitt,46167,13071,Colquitt County,Georgia,0.9847,0.964,0.9726,0.8377,0.8976,45813.0,2025,2022,19.1,37.1,7.4,11.7,17.5,5.6,7.8,27.0,26.5,23.1,21.0,,13.4,13.5,40.8,2023,1,Critical
13073,10.4,22.0,15.2,34.1,60.0,6.9,9.6,,4.8,78.1,86.8,64.0,5.0,,,11.8,61.3,19.8,10.7,15.8,33.6,,23.7,79.4,16.7,32.8,11.9,35.6,2.7,14.6,GA,Columbia,165162,13073,Columbia County,Georgia,0.23,0.2494,0.6901,0.7165,0.0302,156921.0,2025,2022,12.9,24.4,5.4,7.0,10.4,3.0,4.0,22.7,12.5,9.1,11.5,,7.3,7.2,35.6,2023,2,Moderate
13075,16.8,25.6,15.2,39.0,62.7,6.6,11.0,,7.0,76.4,82.6,57.3,8.9,,,20.1,50.6,22.9,14.4,26.4,34.3,,31.5,71.3,20.9,37.6,16.8,40.6,4.2,19.1,GA,Cook,17714,13075,Cook County,Georgia,0.9338,0.9742,0.8228,0.7521,0.7687,17242.0,2025,2022,19.1,35.8,7.3,12.0,17.2,5.7,7.5,26.8,25.8,23.5,20.1,,13.4,13.8,39.3,2023,1,Critical
13077,11.2,22.3,16.1,32.6,60.8,6.9,9.9,,5.0,76.7,86.5,65.3,5.2,,,12.2,63.4,19.7,10.8,16.9,33.3,,24.1,75.0,16.8,35.2,12.2,37.0,2.8,13.1,GA,Coweta,155892,13077,Coweta County,Georgia,0.2402,0.2479,0.4607,0.6742,0.1082,147449.0,2025,2022,13.5,27.7,5.6,7.3,11.3,3.1,4.2,22.9,13.3,9.5,12.0,,7.5,7.4,36.5,2023,2,Moderate
13079,14.3,24.7,16.4,36.0,61.0,6.7,10.4,,6.0,75.6,83.7,57.1,7.2,,,17.3,54.8,21.9,12.1,21.5,33.5,,28.6,72.0,19.5,36.9,14.6,37.8,3.5,21.8,GA,Crawford,12277,13079,Crawford County,Georgia,0.6837,0.7782,0.3773,0.636,0.6128,12156.0,2025,2022,17.0,32.4,6.5,9.7,14.1,4.2,5.6,25.7,18.9,15.2,15.5,,10.0,9.8,38.6,2023,3,High
13081,16.6,27.2,13.4,42.2,64.5,6.3,11.7,,7.2,77.9,83.3,58.3,9.1,,,20.4,51.0,21.4,16.0,28.0,33.5,,35.3,75.0,21.0,44.9,16.8,41.5,4.6,27.2,GA,Crisp,19631,13081,Crisp County,Georgia,0.978,0.9908,0.952,0.8775,0.7458,20255.0,2025,2022,19.3,37.6,7.1,12.9,18.5,6.3,8.3,27.5,29.5,28.1,23.3,,15.2,16.8,41.0,2023,1,Critical
13083,12.2,24.3,17.8,32.6,59.1,7.4,10.1,,5.7,75.3,84.3,60.0,6.7,,,15.8,60.5,23.8,10.2,18.8,33.9,,25.0,73.3,19.2,35.2,13.8,35.9,3.0,18.6,GA,Dade,16165,13083,Dade County,Georgia,0.4388,0.4932,0.1543,0.1985,0.7191,16239.0,2025,2022,15.8,30.2,6.7,8.6,12.3,3.5,4.6,23.0,13.6,10.4,11.6,,7.8,7.3,37.0,2023,2,Moderate
13085,11.4,22.8,17.9,31.1,58.7,7.5,9.6,,5.2,75.8,85.7,62.9,5.7,,,12.9,65.8,21.8,9.6,16.5,33.1,,22.4,76.3,17.3,31.5,12.5,31.5,2.7,9.3,GA,Dawson,31732,13085,Dawson County,Georgia,0.1861,0.4276,0.1359,0.3166,0.0926,27355.0,2025,2022,13.9,26.9,6.2,7.4,10.8,3.0,4.0,21.0,11.8,8.5,10.5,,6.9,6.3,34.9,2023,0,Low
13087,17.0,25.6,13.7,40.9,64.3,6.2,11.2,,6.8,78.0,83.5,57.1,8.4,,,19.4,51.8,21.0,15.3,26.7,34.5,,33.5,70.2,20.7,42.4,16.5,41.8,4.4,21.1,GA,Decatur,29087,13087,Decatur County,Georgia,0.9679,0.9726,0.7547,0.8743,0.9539,29063.0,2025,2022,18.8,36.5,6.9,12.1,17.5,5.8,7.8,27.8,27.6,25.1,22.2,,14.2,15.4,40.7,2023,1,Critical
13089,12.0,20.0,14.6,36.3,63.1,5.6,10.3,,4.9,78.7,87.9,63.8,4.9,,,11.4,58.8,16.9,12.3,17.9,33.1,,22.3,79.4,16.0,31.5,11.7,37.0,3.3,13.8,GA,DeKalb,762992,13089,DeKalb County,Georgia,0.7903,0.7843,0.5453,0.9618,0.678,761209.0,2025,2022,13.0,24.3,4.9,7.9,11.7,3.9,5.3,25.2,17.4,14.0,15.6,,9.6,10.2,38.9,2023,3,High
13091,15.6,25.1,15.4,39.7,62.5,6.5,10.7,,6.8,76.6,83.0,58.6,8.2,,,19.1,53.9,21.5,13.9,24.6,34.6,,32.1,73.7,20.2,40.4,15.7,39.4,4.0,19.3,GA,Dodge,19776,13091,Dodge County,Georgia,0.8559,0.7741,0.7859,0.741,0.8734,19977.0,2025,2022,18.1,35.2,7.1,11.0,16.2,5.2,6.9,26.8,24.0,21.0,18.9,,12.3,12.8,39.7,2023,3,High
13093,17.6,24.8,14.4,41.9,63.6,5.9,10.5,,6.6,77.1,83.5,57.1,7.5,,,18.4,50.0,18.5,15.2,25.8,33.7,,32.8,75.1,18.9,41.1,15.2,43.2,4.2,18.6,GA,Dooly,10981,13093,Dooly County,Georgia,0.9313,0.8864,0.588,0.9115,0.9857,11236.0,2025,2022,17.5,34.9,6.6,10.8,16.4,5.4,7.3,30.2,26.2,22.4,21.7,,13.5,14.4,40.1,2023,1,Critical
13095,15.9,26.6,11.9,44.5,66.5,5.4,12.0,,6.6,80.8,84.9,58.3,8.1,,,18.5,50.6,19.1,17.1,28.6,32.3,,33.4,77.2,20.1,42.7,16.1,47.4,4.8,22.8,GA,Dougherty,82645,13095,Dougherty County,Georgia,0.9761,0.9955,0.8826,0.9765,0.7674,85038.0,2025,2022,18.5,36.5,5.9,13.0,18.8,6.7,8.7,29.7,31.9,30.9,26.1,,16.6,18.9,41.5,2023,1,Critical
13097,13.5,23.2,14.2,36.1,64.1,5.9,10.7,,5.3,78.8,87.0,59.9,5.5,,,13.5,58.5,18.3,12.7,20.0,33.4,,26.9,77.8,17.4,35.9,12.6,42.5,3.4,16.0,GA,Douglas,149160,13097,Douglas County,Georgia,0.7012,0.7181,0.7235,0.943,0.3404,144735.0,2025,2022,14.8,30.6,5.3,8.6,13.3,4.0,5.6,27.2,20.1,16.1,18.1,,10.8,11.7,39.9,2023,3,High
13099,16.3,26.8,13.3,41.6,65.0,6.0,11.7,,6.6,78.4,83.7,56.4,8.4,,,19.5,49.1,20.9,15.4,27.2,33.4,,34.3,71.7,20.7,41.1,16.3,44.2,4.4,27.6,GA,Early,10563,13099,Early County,Georgia,0.9357,0.9672,0.6818,0.8982,0.853,10753.0,2025,2022,18.9,37.2,6.5,12.3,17.9,5.9,7.9,29.0,29.0,26.7,23.3,,14.8,16.1,41.3,2023,1,Critical
13101,20.0,23.3,16.3,33.7,59.2,6.6,9.7,,6.0,73.9,83.4,57.7,6.8,,,16.0,54.5,20.9,12.3,22.7,33.7,,30.1,71.8,18.5,37.8,14.9,38.1,3.3,18.4,GA,Echols,3709,13101,Echols County,Georgia,0.4623,0.4935,0.5151,0.818,0.203,3707.0,2025,2022,16.9,32.6,6.9,9.4,14.1,4.2,6.1,25.4,19.7,14.2,16.3,,10.1,9.3,37.8,2023,3,High
13103,11.8,23.1,17.0,33.2,59.9,7.0,10.0,,5.3,76.1,85.6,61.7,5.7,,,13.7,62.0,20.6,10.6,17.5,32.9,,24.2,72.1,17.6,37.2,12.8,37.9,2.9,13.7,GA,Effingham,71541,13103,Effingham County,Georgia,0.2851,0.3688,0.2727,0.5994,0.1874,65314.0,2025,2022,14.4,28.5,6.0,7.9,11.6,3.3,4.4,22.4,13.5,10.3,12.3,,7.8,7.7,35.3,2023,2,Moderate
13105,15.2,25.0,15.2,38.0,62.3,6.6,10.8,,6.3,76.8,83.7,55.4,7.7,,,18.3,50.8,21.6,13.3,23.6,33.6,,30.8,76.0,19.9,38.3,15.3,40.8,3.8,18.8,GA,Elbert,20013,13105,Elbert County,Georgia,0.9224,0.9373,0.8466,0.7474,0.8158,19570.0,2025,2022,17.7,33.7,6.7,10.7,15.5,4.8,6.5,26.1,22.4,19.2,18.2,,11.6,12.0,39.0,2023,3,High
13107,17.1,26.6,14.3,41.2,63.3,6.4,11.2,,6.9,76.6,82.5,56.9,8.9,,,20.6,48.0,21.2,14.7,27.3,35.4,,35.1,75.3,20.6,42.8,16.7,41.5,4.3,25.2,GA,Emanuel,23119,13107,Emanuel County,Georgia,0.9494,0.9192,0.9586,0.7961,0.8101,22907.0,2025,2022,19.1,36.3,7.1,12.2,17.5,5.7,7.6,27.6,26.3,23.9,20.8,,13.6,14.2,39.3,2023,1,Critical
13109,18.1,25.9,14.5,39.9,63.1,6.3,11.0,,6.8,77.0,83.0,55.8,8.5,,,19.6,46.8,21.4,14.8,26.4,33.9,,34.3,71.9,20.3,42.6,16.4,41.7,4.2,21.0,GA,Evans,10754,13109,Evans County,Georgia,0.9784,0.9634,0.9796,0.8225,0.8317,10759.0,2025,2022,18.8,36.2,7.1,11.8,17.2,5.6,7.6,27.1,26.2,23.1,20.7,,13.4,13.8,39.9,2023,1,Critical
13111,12.7,24.6,17.6,33.4,59.0,7.5,10.3,,6.2,74.8,83.5,60.5,7.4,,,17.1,55.1,23.4,11.1,20.3,34.6,,26.8,67.8,19.3,38.2,14.6,37.8,3.2,11.0,GA,Fannin,25955,13111,Fannin County,Georgia,0.6172,0.8641,0.6745,0.1457,0.2838,25436.0,2025,2022,16.7,31.3,7.1,9.5,13.4,3.9,5.1,22.1,15.6,12.7,12.4,,8.7,8.1,36.7,2023,2,Moderate
13113,9.7,20.6,15.9,31.2,60.9,6.7,9.4,,4.5,78.1,88.2,61.9,4.2,,,9.8,67.1,18.7,10.0,14.4,31.6,,19.9,79.8,15.3,30.6,10.5,34.8,2.6,6.7,GA,Fayette,123351,13113,Fayette County,Georgia,0.1686,0.1317,0.5539,0.7989,0.0471,119259.0,2025,2022,11.6,23.9,5.0,6.2,9.4,2.7,3.7,22.3,11.4,7.8,11.0,,6.7,6.7,35.3,2023,0,Low
13115,15.3,24.6,15.8,35.9,60.8,6.9,10.3,,6.1,76.1,84.0,60.2,7.3,,,16.5,52.5,22.8,12.6,21.8,35.1,,28.1,74.8,19.3,37.7,14.7,35.3,3.4,17.9,GA,Floyd,100113,13115,Floyd County,Georgia,0.9284,0.8336,0.8842,0.6685,0.964,98541.0,2025,2022,16.9,33.2,6.9,9.8,14.4,4.3,5.9,23.4,19.2,15.4,15.6,,10.1,10.0,37.0,2023,3,High
13117,9.0,18.5,16.1,27.9,57.5,6.9,8.4,,4.2,77.9,88.1,63.5,3.8,,,8.8,69.7,17.8,8.8,12.9,33.9,,19.6,79.4,13.7,26.8,9.8,31.8,2.2,4.3,GA,Forsyth,272887,13117,Forsyth County,Georgia,0.07,0.0687,0.3067,0.7127,0.0251,253225.0,2025,2022,10.4,20.7,4.9,5.3,8.3,2.2,3.1,21.0,8.6,5.1,7.9,,5.2,4.4,34.8,2023,0,Low
13119,14.7,25.8,16.2,36.5,60.6,7.2,10.7,,6.6,75.4,82.8,55.8,8.3,,,18.6,53.4,23.4,12.4,23.4,34.4,,29.7,73.7,20.2,39.4,15.8,37.7,3.6,23.7,GA,Franklin,24782,13119,Franklin County,Georgia,0.8314,0.931,0.7696,0.4948,0.5886,23480.0,2025,2022,18.0,33.9,7.4,10.7,15.1,4.6,6.1,24.2,19.7,16.8,15.3,,10.5,10.1,38.7,2023,3,High
13121,10.2,20.4,15.8,33.4,62.7,5.9,9.4,,4.7,77.8,88.0,65.7,4.4,,,9.9,65.4,16.8,10.7,16.3,32.1,,20.1,79.1,15.3,28.1,10.7,39.8,3.0,11.6,GA,Fulton,1079105,13121,Fulton County,Georgia,0.6599,0.5571,0.2278,0.9259,0.8501,1061944.0,2025,2022,11.8,24.9,4.7,7.0,10.7,3.3,4.4,23.6,14.7,11.1,13.4,,8.3,8.6,36.7,2023,2,Moderate
13123,15.0,24.4,17.1,32.4,59.1,7.3,9.8,,5.9,74.7,83.9,55.1,6.9,,,15.5,59.6,22.6,10.8,20.1,34.5,,26.3,73.9,18.6,34.1,14.4,34.6,3.1,17.6,GA,Gilmer,32860,13123,Gilmer County,Georgia,0.545,0.5218,0.8307,0.4445,0.3245,31519.0,2025,2022,16.1,31.9,7.0,8.9,12.9,3.7,5.1,23.0,15.3,11.6,12.9,,8.5,7.8,36.8,2023,2,Moderate
13125,13.9,25.2,16.7,35.4,60.0,7.2,10.6,,6.3,74.9,83.0,57.6,7.9,,,18.3,57.0,23.6,11.8,21.9,34.2,,29.0,73.4,20.2,37.2,15.2,37.0,3.5,16.4,GA,Glascock,2954,13125,Glascock County,Georgia,0.6621,0.6211,0.2017,0.377,0.9615,2903.0,2025,2022,17.6,33.1,7.1,10.2,14.5,4.3,5.6,24.1,17.9,15.0,14.4,,9.7,9.3,38.2,2023,3,High
13127,13.2,23.6,16.3,37.5,61.7,6.9,10.3,,5.6,77.5,85.4,59.2,6.5,,,15.0,60.9,20.5,12.0,20.1,34.1,,26.4,76.5,18.3,35.5,13.6,40.5,3.3,13.9,GA,Glynn,86172,13127,Glynn County,Georgia,0.7744,0.7191,0.7095,0.7448,0.714,84566.0,2025,2022,15.5,29.9,6.2,9.1,13.1,4.0,5.4,23.8,17.8,14.6,15.3,,9.6,9.9,36.1,2023,3,High
13129,17.2,24.6,16.3,35.0,59.6,7.1,10.2,,6.3,74.2,83.1,58.4,7.7,,,17.3,51.1,23.0,12.2,23.0,34.4,,30.7,71.1,19.5,35.0,15.6,38.8,3.4,18.7,GA,Gordon,59757,13129,Gordon County,Georgia,0.7318,0.7875,0.7477,0.5924,0.482,57785.0,2025,2022,17.6,34.3,7.3,10.0,14.8,4.3,6.0,24.9,18.9,15.0,15.5,,10.0,9.4,38.9,2023,3,High
13131,17.8,25.2,14.5,38.4,62.2,6.4,10.8,,6.6,76.8,83.4,55.8,8.0,,,18.2,51.1,21.3,14.0,25.0,33.2,,34.3,66.8,20.0,38.5,16.0,40.1,4.0,25.6,GA,Grady,26066,13131,Grady County,Georgia,0.944,0.9443,0.9933,0.805,0.5157,26075.0,2025,2022,18.2,34.1,6.9,11.2,16.1,5.2,7.1,27.0,24.4,21.1,20.1,,12.7,13.1,39.0,2023,3,High
13133,12.2,22.7,16.0,34.5,62.0,6.7,10.1,,5.2,78.4,86.7,59.7,5.4,,,12.8,58.9,19.3,10.9,17.8,33.2,,24.3,75.5,17.0,34.5,12.3,37.9,3.0,17.1,GA,Greene,20722,13133,Greene County,Georgia,0.5081,0.7086,0.4251,0.7964,0.1425,19020.0,2025,2022,13.8,27.6,5.7,7.8,11.6,3.4,4.7,24.3,15.8,12.1,14.4,,8.7,9.1,36.7,2023,2,Moderate
13135,16.1,19.5,13.2,32.7,61.2,5.8,9.1,,5.1,76.5,86.6,59.6,4.9,,,11.5,59.9,15.7,12.0,19.0,33.9,,27.3,72.9,15.5,34.5,11.8,36.9,3.0,10.6,GA,Gwinnett,983526,13135,Gwinnett County,Georgia,0.6433,0.6834,0.6965,0.9453,0.2485,957977.0,2025,2022,13.1,26.4,5.4,7.5,11.9,3.5,5.2,26.8,17.6,12.4,15.6,,9.2,9.2,39.0,2023,3,High
13137,15.8,23.6,16.2,33.2,59.5,7.2,10.0,,5.8,75.4,84.1,58.2,6.9,,,15.6,55.3,22.2,11.1,20.5,34.4,,27.0,73.8,18.7,32.7,14.2,36.5,3.1,14.4,GA,Habersham,48757,13137,Habersham County,Georgia,0.728,0.7136,0.6376,0.6029,0.6853,46326.0,2025,2022,16.3,30.6,6.7,9.1,13.1,3.8,5.3,23.6,16.9,12.8,14.0,,9.0,8.4,37.9,2023,3,High
13139,18.6,23.1,15.6,33.5,60.2,6.7,9.5,,5.7,75.2,84.8,59.1,6.2,,,14.2,55.0,20.6,11.8,20.9,34.6,,27.6,75.4,17.4,32.5,13.9,40.6,3.1,18.2,GA,Hall,217267,13139,Hall County,Georgia,0.8136,0.7897,0.664,0.7941,0.7416,204953.0,2025,2022,15.7,30.8,6.6,8.6,12.9,3.9,5.6,23.2,18.4,12.6,15.4,,9.4,8.7,37.0,2023,3,High
13141,19.5,26.9,12.8,46.7,65.7,5.4,11.5,,7.7,78.5,82.1,57.1,9.4,,,22.7,44.3,18.2,18.3,31.7,34.3,,37.7,74.2,20.7,45.1,17.4,48.1,5.4,32.2,GA,Hancock,8676,13141,Hancock County,Georgia,0.9666,0.9806,0.6828,0.9733,0.9345,8588.0,2025,2022,20.2,40.1,6.8,13.8,20.7,7.5,9.8,33.2,36.0,34.1,28.4,,18.4,20.4,42.2,2023,1,Critical
13143,13.0,24.8,17.4,34.1,59.4,7.3,10.3,,5.9,75.4,83.6,60.5,7.3,,,17.3,56.7,24.4,11.0,20.2,33.2,,26.0,70.9,19.8,35.8,14.5,37.8,3.2,12.5,GA,Haralson,32038,13143,Haralson County,Georgia,0.3089,0.5708,0.2332,0.2914,0.1718,30178.0,2025,2022,16.8,31.9,6.9,9.4,13.4,3.8,5.0,23.2,15.7,12.6,12.7,,8.7,8.1,37.3,2023,2,Moderate
13145,10.3,22.8,18.0,31.7,59.7,7.0,9.7,,4.9,77.2,86.5,64.2,5.1,,,12.2,62.6,19.9,9.9,15.9,33.2,,21.3,79.0,16.8,32.4,11.8,38.9,2.7,11.8,GA,Harris,36654,13145,Harris County,Georgia,0.0675,0.1982,0.0878,0.5969,0.0197,34914.0,2025,2022,13.2,26.0,5.6,7.0,10.5,2.9,3.9,21.7,11.7,8.5,11.0,,7.0,6.8,35.3,2023,0,Low
13147,13.7,24.5,16.3,35.4,61.2,6.9,10.4,,6.0,76.1,84.1,58.6,7.1,,,16.6,58.2,21.7,11.9,20.9,34.4,,27.4,73.5,19.2,35.2,14.3,35.4,3.4,17.3,GA,Hart,27556,13147,Hart County,Georgia,0.7681,0.6748,0.5323,0.6166,0.9119,26110.0,2025,2022,16.5,31.0,6.6,9.5,13.7,4.1,5.5,24.8,18.0,14.7,15.1,,9.8,9.7,38.1,2023,3,High
13149,14.1,25.3,16.6,35.1,60.2,7.1,10.6,,6.3,75.2,82.9,56.3,7.8,,,18.5,54.6,23.5,11.9,22.1,33.7,,29.3,71.3,20.4,35.3,15.2,37.7,3.5,20.0,GA,Heard,12034,13149,Heard County,Georgia,0.6459,0.7709,0.9357,0.4496,0.1444,11489.0,2025,2022,17.8,33.3,7.1,10.2,14.4,4.3,5.7,24.5,18.2,15.2,14.7,,9.9,9.5,38.2,2023,3,High
13151,12.1,23.0,13.6,37.4,64.0,5.8,10.5,,5.0,79.3,87.6,62.9,5.2,,,12.7,60.6,17.7,12.4,19.4,32.9,,25.0,78.1,17.2,44.7,12.3,40.1,3.3,15.8,GA,Henry,254613,13151,Henry County,Georgia,0.4018,0.4817,0.5536,0.9348,0.071,240853.0,2025,2022,14.0,27.9,5.0,8.3,12.8,3.8,5.2,27.3,18.4,14.6,17.2,,10.0,10.9,36.2,2023,3,High
13153,11.5,24.0,14.8,37.2,62.0,6.5,10.1,,5.2,79.0,86.8,60.7,5.5,,,13.0,61.4,20.7,12.2,18.9,34.6,,24.6,76.5,17.4,39.5,12.7,44.8,3.1,12.0,GA,Houston,171974,13153,Houston County,Georgia,0.4887,0.4139,0.6277,0.8447,0.286,164117.0,2025,2022,14.1,28.7,5.5,8.0,12.5,3.6,4.8,24.6,16.1,12.4,14.7,,9.0,9.5,38.1,2023,3,High
13155,15.8,26.2,15.3,38.3,62.3,6.6,10.8,,6.6,76.5,83.1,58.2,8.2,,,18.8,51.6,22.5,13.5,24.7,34.5,,31.9,70.7,20.1,40.4,15.8,39.2,3.9,19.1,GA,Irwin,9120,13155,Irwin County,Georgia,0.8282,0.9456,0.231,0.6949,0.8342,9487.0,2025,2022,18.2,34.7,7.0,11.1,16.0,5.0,6.7,25.7,22.5,19.7,17.9,,11.9,12.0,39.5,2023,3,High
13157,13.3,23.0,17.7,32.3,59.7,7.1,9.7,,5.4,75.9,85.0,57.2,6.0,,,14.4,57.7,20.9,10.4,18.1,33.1,,25.0,73.2,17.5,32.5,13.2,38.0,2.9,9.8,GA,Jackson,88615,13157,Jackson County,Georgia,0.3264,0.3996,0.5017,0.5476,0.1438,77033.0,2025,2022,14.8,28.4,6.2,8.0,11.7,3.4,4.6,23.0,14.6,10.5,12.5,,8.0,7.4,37.1,2023,2,Moderate
13159,13.9,24.7,16.6,35.5,61.0,6.9,10.4,,6.1,76.1,83.8,59.5,7.3,,,17.3,55.3,22.6,12.1,21.5,34.2,,29.0,73.0,19.4,36.6,14.6,37.4,3.5,16.3,GA,Jasper,16455,13159,Jasper County,Georgia,0.5492,0.7432,0.6618,0.6115,0.1397,14882.0,2025,2022,16.8,32.3,6.7,9.7,14.1,4.2,5.7,24.2,18.4,15.3,15.0,,9.9,9.7,37.5,2023,3,High
13161,19.3,26.6,15.1,37.8,61.6,6.7,10.8,,7.3,74.7,81.4,51.7,9.4,,,20.9,47.0,22.9,14.4,27.4,34.0,,34.8,67.8,21.1,40.4,17.3,37.3,4.2,20.6,GA,Jeff Davis,14906,13161,Jeff Davis County,Georgia,0.8785,0.8603,0.9672,0.672,0.602,14791.0,2025,2022,20.0,38.6,7.9,12.4,18.1,5.8,7.8,26.1,26.2,23.2,19.8,,13.3,13.0,39.4,2023,1,Critical
13163,17.5,26.2,13.5,42.4,64.4,5.8,11.5,,6.8,78.1,83.0,55.6,8.6,,,20.3,44.8,20.7,15.5,27.9,34.2,,35.3,74.8,20.7,41.3,16.5,44.6,4.6,24.6,GA,Jefferson,15183,13163,Jefferson County,Georgia,0.9583,0.8985,0.93,0.9115,0.902,15591.0,2025,2022,19.4,37.9,6.5,12.6,18.5,6.1,8.1,30.3,29.7,26.8,23.7,,15.0,16.1,43.4,2023,1,Critical
13165,18.6,27.1,14.1,42.7,64.4,6.1,11.2,,7.5,77.1,81.7,52.8,9.7,,,22.3,44.2,20.8,16.3,29.5,34.3,,36.6,70.2,21.2,42.6,17.5,43.6,4.8,23.7,GA,Jenkins,8627,13165,Jenkins County,Georgia,0.8352,0.9109,0.5791,0.8151,0.6532,8704.0,2025,2022,20.2,38.9,7.4,13.2,19.3,6.6,8.8,29.1,31.0,29.1,23.7,,15.8,16.8,40.7,2023,1,Critical
13167,17.9,26.5,15.1,43.0,63.6,6.3,10.6,,7.5,76.2,81.3,53.1,9.2,,,21.9,45.7,20.9,15.3,28.0,34.4,,34.1,71.7,20.5,43.5,16.9,39.6,4.5,29.3,GA,Johnson,9282,13167,Johnson County,Georgia,0.9322,0.9201,0.657,0.7693,0.9723,9225.0,2025,2022,19.7,38.6,7.6,12.1,17.9,5.9,7.7,29.4,27.0,24.1,20.7,,13.8,14.3,41.1,2023,1,Critical
13169,12.4,24.8,15.6,35.6,61.3,6.7,10.6,,5.7,77.0,84.9,59.3,6.7,,,16.1,56.3,21.7,12.0,20.5,33.3,,28.6,76.9,19.2,39.4,14.2,37.8,3.5,12.3,GA,Jones,28969,13169,Jones County,Georgia,0.3675,0.3802,0.2494,0.6624,0.3729,28382.0,2025,2022,16.0,31.5,6.2,9.3,13.7,4.0,5.3,24.9,17.9,14.9,15.4,,9.7,10.0,38.6,2023,2,Moderate
13171,12.9,24.2,15.8,36.2,61.8,6.7,10.7,,5.9,77.2,84.9,59.4,6.8,,,16.2,55.1,21.3,12.1,20.8,33.5,,28.0,75.2,19.2,37.1,14.1,39.9,3.5,12.1,GA,Lamar,20401,13171,Lamar County,Georgia,0.4092,0.5931,0.063,0.7146,0.3703,18676.0,2025,2022,16.2,31.1,6.3,9.5,13.8,4.2,5.5,25.2,18.4,15.2,15.7,,10.1,10.2,38.0,2023,3,High
13173,16.6,25.8,15.0,39.4,62.9,6.7,10.8,,7.1,76.3,82.5,54.4,8.9,,,19.9,47.4,22.3,14.6,26.0,34.8,,33.2,70.2,20.4,40.9,16.5,39.6,4.2,34.4,GA,Lanier,10452,13173,Lanier County,Georgia,0.8011,0.8457,0.4623,0.7127,0.7805,9964.0,2025,2022,18.8,36.4,7.5,11.9,17.1,5.6,7.5,25.3,24.9,22.8,19.4,,13.1,13.5,38.6,2023,3,High
13175,14.8,26.2,15.5,40.8,63.6,6.4,11.2,,6.5,78.0,83.8,57.2,8.0,,,18.6,51.2,21.2,13.9,24.9,32.5,,32.8,75.8,20.1,44.1,15.3,41.6,4.1,19.1,GA,Laurens,49941,13175,Laurens County,Georgia,0.9014,0.9284,0.9147,0.8066,0.6332,49407.0,2025,2022,18.0,33.2,6.5,11.2,16.0,5.2,6.9,26.9,24.5,22.5,19.6,,12.8,13.4,42.6,2023,1,Critical
13177,10.8,22.8,15.8,34.7,60.6,6.8,10.0,,5.1,77.3,86.5,59.4,5.4,,,12.9,61.0,20.4,10.7,17.0,33.2,,23.0,77.1,17.2,38.6,12.1,36.4,2.9,14.2,GA,Lee,33872,13177,Lee County,Georgia,0.2606,0.1575,0.5046,0.6847,0.2415,32968.0,2025,2022,13.7,27.3,5.6,7.6,11.4,3.3,4.3,23.5,14.0,10.6,12.7,,8.0,8.0,37.2,2023,2,Moderate
13179,14.8,24.3,14.9,39.1,63.4,5.8,10.3,,5.8,78.7,85.4,58.3,6.2,,,15.4,53.7,18.9,13.9,22.3,33.9,,29.8,78.1,18.2,33.9,13.9,39.2,3.8,18.1,GA,Liberty,69210,13179,Liberty County,Georgia,0.9007,0.8167,0.8431,0.9322,0.86,65550.0,2025,2022,15.7,31.9,5.8,9.5,14.7,4.6,6.2,27.4,21.6,17.6,18.9,,11.4,12.3,38.5,2023,3,High
13181,14.1,25.7,15.2,37.9,62.4,6.7,11.0,,6.5,76.9,83.6,60.9,8.0,,,18.6,57.1,22.2,13.2,23.6,34.1,,30.2,73.6,20.3,38.0,15.4,39.1,3.9,16.1,GA,Lincoln,7879,13181,Lincoln County,Georgia,0.5488,0.6227,0.6529,0.6993,0.2272,7726.0,2025,2022,17.8,34.0,6.9,10.9,15.6,4.9,6.4,25.7,21.9,19.5,17.7,,11.7,12.1,38.5,2023,3,High
13183,16.3,24.0,15.3,37.5,61.6,6.3,10.5,,6.0,76.9,84.1,58.9,7.0,,,16.8,53.5,20.8,13.0,22.6,33.3,,30.3,72.7,19.2,37.9,14.8,40.9,3.6,13.1,GA,Long,19594,13183,Long County,Georgia,0.8851,0.8298,0.9233,0.8225,0.7267,16804.0,2025,2022,17.1,32.9,6.5,9.9,14.7,4.5,6.2,27.0,21.1,17.1,18.0,,11.1,11.2,39.9,2023,3,High
13185,14.4,24.7,14.2,37.3,63.8,6.4,10.7,,6.1,78.1,84.7,56.9,7.1,,,16.2,55.5,20.3,13.4,22.7,32.8,,29.9,69.7,19.0,40.2,14.7,40.8,3.8,16.8,GA,Lowndes,120712,13185,Lowndes County,Georgia,0.8702,0.8753,0.4655,0.8591,0.9192,118257.0,2025,2022,16.7,33.8,6.3,10.2,15.2,4.7,6.3,25.6,22.0,19.1,18.4,,11.6,12.3,37.9,2023,3,High
13187,12.1,24.2,17.2,32.9,58.9,7.6,10.0,,5.8,76.0,84.6,59.8,6.7,,,15.4,59.6,22.9,10.8,19.0,33.6,,25.2,70.8,18.6,31.0,13.8,36.7,3.1,13.5,GA,Lumpkin,35258,13187,Lumpkin County,Georgia,0.3608,0.7728,0.0121,0.2914,0.4057,33405.0,2025,2022,15.5,29.4,6.8,8.7,12.4,3.6,4.8,21.4,14.1,11.1,11.8,,8.1,7.6,35.7,2023,2,Moderate
13189,14.8,25.6,14.5,39.4,63.4,6.4,11.1,,6.2,77.6,84.3,60.5,7.7,,,17.8,54.5,21.4,13.8,24.0,32.9,,30.8,73.2,20.0,39.1,15.2,40.3,3.9,16.7,GA,McDuffie,21799,13189,McDuffie County,Georgia,0.6567,0.7353,0.5002,0.854,0.4076,21715.0,2025,2022,17.7,34.4,6.4,10.9,16.0,5.0,6.7,27.1,24.0,21.1,19.5,,12.4,13.2,40.1,2023,3,High
13191,16.1,26.5,14.8,40.4,62.8,6.5,11.5,,7.1,76.9,82.7,55.5,9.0,,,20.2,53.2,22.5,14.5,26.9,34.6,,33.5,72.8,20.8,40.9,16.6,38.8,4.3,25.0,GA,McIntosh,11501,13191,McIntosh County,Georgia,0.7098,0.9112,0.3287,0.756,0.3952,11183.0,2025,2022,19.4,36.1,7.3,12.3,17.4,5.8,7.6,26.7,25.7,23.9,20.1,,13.6,14.1,39.9,2023,1,Critical
13193,20.6,26.8,12.8,45.9,65.7,5.5,11.1,,7.9,78.2,81.5,52.3,9.8,,,23.2,38.0,18.5,18.5,32.4,33.5,,40.2,72.2,20.6,43.9,17.9,47.8,5.4,37.2,GA,Macon,11817,13193,Macon County,Georgia,0.9866,0.9994,0.7305,0.9494,0.9147,12099.0,2025,2022,20.5,40.9,7.2,14.0,21.1,7.7,10.1,31.8,36.2,34.5,27.7,,18.3,20.1,41.8,2023,1,Critical
13195,15.5,25.1,16.2,35.6,60.9,7.1,10.5,,6.5,75.5,82.8,55.5,8.1,,,18.2,53.3,23.1,12.4,23.2,34.3,,30.5,70.1,20.0,37.8,15.5,38.9,3.6,16.1,GA,Madison,32191,13195,Madison County,Georgia,0.7423,0.9338,0.7251,0.5383,0.2622,30378.0,2025,2022,17.8,33.6,7.2,10.6,15.0,4.6,6.2,24.3,19.8,16.8,15.5,,10.5,10.1,39.5,2023,3,High
13197,17.4,25.7,14.8,38.8,62.4,6.4,11.0,,6.7,76.4,83.0,56.2,8.2,,,18.9,49.6,21.9,14.3,25.5,34.7,,32.2,71.7,20.2,38.5,16.0,40.1,4.1,24.8,GA,Marion,7440,13197,Marion County,Georgia,0.8877,0.8072,0.9548,0.8008,0.7203,7508.0,2025,2022,18.7,35.5,7.0,11.4,16.6,5.3,7.2,27.2,24.8,21.2,19.6,,12.7,12.8,39.5,2023,3,High
13199,15.5,25.1,14.6,38.7,63.0,6.3,11.2,,6.4,76.8,83.4,56.0,8.0,,,19.0,51.3,21.6,14.0,24.7,33.0,,32.9,75.8,20.4,41.3,15.6,42.8,4.0,20.6,GA,Meriwether,20931,13199,Meriwether County,Georgia,0.9074,0.9434,0.706,0.8139,0.8002,20679.0,2025,2022,18.2,34.6,6.6,11.3,16.2,5.2,6.9,27.5,24.3,21.6,19.7,,12.6,13.2,39.3,2023,1,Critical
13201,15.0,26.6,14.7,38.8,62.8,6.7,11.3,,6.7,77.2,83.5,56.6,8.4,,,18.7,48.4,22.9,13.9,24.7,34.4,,32.0,72.0,20.5,42.4,16.0,40.0,4.0,19.8,GA,Miller,5747,13201,Miller County,Georgia,0.945,0.9462,0.8285,0.7105,0.9189,5923.0,2025,2022,18.3,34.4,7.1,11.5,16.3,5.3,6.9,25.3,23.5,21.6,18.7,,12.5,13.0,38.8,2023,3,High
13205,16.5,25.2,14.0,42.8,64.6,6.1,11.2,,6.8,77.9,83.5,55.1,8.4,,,19.6,47.1,20.8,15.6,26.8,33.6,,33.5,69.1,20.5,45.1,16.2,44.7,4.5,25.2,GA,Mitchell,21114,13205,Mitchell County,Georgia,0.9914,0.9914,0.9316,0.8883,0.924,21634.0,2025,2022,18.5,36.2,6.7,12.0,17.6,5.9,7.8,28.5,28.0,25.7,22.3,,14.4,15.7,40.9,2023,1,Critical
13207,11.7,23.5,16.5,34.4,60.6,6.9,10.2,,5.4,76.8,85.3,63.2,6.0,,,14.4,57.4,20.8,10.9,18.5,33.4,,24.7,76.5,18.1,34.7,12.9,36.9,3.1,15.7,GA,Monroe,30625,13207,Monroe County,Georgia,0.329,0.3964,0.1031,0.6389,0.4168,28287.0,2025,2022,14.8,28.7,6.0,8.3,12.2,3.5,4.7,23.9,15.4,11.9,13.4,,8.5,8.4,37.3,2023,2,Moderate
13209,15.3,25.6,15.3,38.8,61.8,6.6,10.5,,6.5,77.0,83.7,55.9,7.7,,,17.7,48.3,21.7,13.5,23.4,34.3,,30.7,71.6,19.4,40.0,15.1,40.4,3.8,23.7,GA,Montgomery,8761,13209,Montgomery County,Georgia,0.7547,0.8858,0.5756,0.7191,0.4518,8687.0,2025,2022,17.2,34.0,6.9,10.4,15.5,4.8,6.4,25.8,21.8,18.6,17.6,,11.4,11.8,38.8,2023,3,High
13211,11.2,22.4,17.8,33.7,60.2,7.0,10.0,,5.0,76.2,86.0,60.7,5.5,,,13.3,64.2,20.8,10.1,16.9,33.3,,23.2,78.8,17.7,31.6,12.3,37.7,2.8,14.6,GA,Morgan,21460,13211,Morgan County,Georgia,0.266,0.231,0.3131,0.6332,0.2813,20171.0,2025,2022,14.0,27.0,5.6,7.5,11.1,3.1,4.2,23.5,13.3,9.8,11.9,,7.5,7.3,37.7,2023,2,Moderate
13213,17.1,24.2,16.8,33.6,58.6,7.1,10.2,,6.1,74.3,83.2,56.0,7.4,,,17.0,54.7,22.9,11.6,22.0,34.2,,28.4,72.2,19.3,41.2,15.1,36.1,3.3,17.9,GA,Murray,41035,13213,Murray County,Georgia,0.6847,0.7852,0.6061,0.525,0.4909,40063.0,2025,2022,17.3,32.6,7.1,9.7,13.8,4.1,5.6,24.0,17.6,13.3,14.4,,9.3,8.5,38.1,2023,3,High
13215,14.3,24.7,14.2,39.4,65.7,5.9,11.0,,5.8,78.6,85.7,57.8,6.6,,,15.4,54.6,19.8,14.1,23.3,32.9,,29.4,75.7,19.1,40.4,13.9,44.2,3.9,19.4,GA,Muscogee,201877,13215,Muscogee County,Georgia,0.9446,0.9227,0.8705,0.9259,0.8581,204572.0,2025,2022,15.8,31.6,5.8,10.0,14.8,4.8,6.5,27.4,22.4,19.4,19.0,,12.1,13.0,38.7,2023,3,High
13217,13.5,23.8,14.5,38.7,63.3,6.0,11.0,,5.5,79.1,86.0,60.3,6.1,,,14.9,56.4,18.9,13.3,21.3,33.2,,30.0,75.2,18.6,42.3,13.6,41.2,3.6,13.5,GA,Newton,120135,13217,Newton County,Georgia,0.6577,0.8059,0.7483,0.9084,0.1311,113298.0,2025,2022,15.6,31.3,5.5,9.4,14.3,4.4,5.8,27.4,21.4,17.5,18.8,,11.2,12.2,39.8,2023,3,High
13219,8.1,20.8,18.5,28.7,58.4,7.5,9.0,,4.3,77.2,87.9,65.4,4.1,,,9.4,69.7,20.6,8.3,12.4,32.3,,17.3,79.1,15.1,28.5,10.1,29.3,2.2,7.9,GA,Oconee,44182,13219,Oconee County,Georgia,0.0137,0.0299,0.2475,0.4741,0.0035,41978.0,2025,2022,11.1,22.0,5.1,5.5,8.3,2.2,3.0,19.9,7.9,5.1,7.7,,5.1,4.6,33.8,2023,0,Low
13221,13.5,24.1,16.6,34.3,60.1,7.0,10.2,,5.7,76.2,84.5,61.5,6.6,,,15.4,56.9,21.8,11.4,20.4,34.1,,26.8,69.9,18.7,36.0,13.9,38.3,3.2,22.3,GA,Oglethorpe,15754,13221,Oglethorpe County,Georgia,0.4645,0.4846,0.3936,0.615,0.3993,14974.0,2025,2022,15.9,30.5,6.3,9.0,13.1,3.8,5.2,24.2,16.5,13.0,13.9,,9.0,8.8,37.0,2023,2,Moderate
13223,11.8,22.4,16.1,33.9,61.3,6.7,10.0,,4.9,77.2,86.7,63.6,5.2,,,12.4,60.1,20.5,10.9,17.2,33.7,,22.8,73.3,17.3,37.7,12.4,41.7,2.9,14.2,GA,Paulding,183164,13223,Paulding County,Georgia,0.1429,0.2603,0.3385,0.7165,0.0118,169898.0,2025,2022,13.9,26.4,5.5,7.6,11.2,3.2,4.3,24.1,14.4,10.3,13.3,,8.0,8.0,35.8,2023,2,Moderate
13225,14.4,24.2,14.5,38.1,63.2,6.2,10.7,,5.7,78.6,85.8,58.8,6.4,,,15.2,55.3,20.0,13.4,21.8,34.3,,29.0,75.9,18.6,40.4,14.0,41.5,3.6,18.1,GA,Peach,28805,13225,Peach County,Georgia,0.8772,0.8584,0.7171,0.8925,0.8202,28054.0,2025,2022,15.8,31.4,5.8,9.6,14.2,4.5,6.0,26.3,21.4,17.5,18.9,,11.4,12.1,37.7,2023,3,High
13227,12.1,23.8,17.7,33.5,58.5,7.5,10.1,,5.7,75.4,84.4,59.7,6.7,,,15.4,62.5,23.3,10.3,18.3,33.9,,24.6,72.8,19.1,34.7,13.7,34.3,3.0,15.9,GA,Pickens,35969,13227,Pickens County,Georgia,0.3392,0.489,0.4505,0.1753,0.2256,33439.0,2025,2022,15.5,29.6,6.7,8.5,12.3,3.5,4.6,21.4,13.8,10.6,11.6,,7.8,7.3,37.5,2023,2,Moderate
13229,14.5,25.6,16.4,35.4,60.4,7.2,10.5,,6.5,75.2,82.9,52.9,8.0,,,18.4,57.1,23.3,12.1,22.4,34.3,,29.4,70.9,20.0,36.1,15.3,35.8,3.6,16.0,GA,Pierce,20425,13229,Pierce County,Georgia,0.3051,0.5062,0.2374,0.4588,0.1651,19822.0,2025,2022,17.7,34.0,7.3,10.4,14.8,4.5,5.9,24.1,18.6,16.1,15.0,,10.1,9.8,37.9,2023,2,Moderate
13231,11.4,23.6,17.5,32.9,59.4,7.2,10.1,,5.4,75.8,84.9,60.2,6.2,,,14.9,62.5,22.4,10.2,17.8,33.5,,24.4,76.6,18.6,35.5,13.2,34.4,3.0,10.2,GA,Pike,20461,13231,Pike County,Georgia,0.0665,0.3484,0.0204,0.3847,0.0293,19145.0,2025,2022,15.2,28.9,6.2,8.3,11.9,3.3,4.4,22.9,13.5,10.3,11.8,,7.7,7.3,36.8,2023,0,Low
13233,17.1,25.7,16.3,36.0,60.7,6.8,10.5,,6.4,74.9,82.8,55.7,7.9,,,18.0,54.1,22.9,12.5,23.7,34.0,,30.6,75.2,19.8,40.3,15.6,38.2,3.6,19.4,GA,Polk,44223,13233,Polk County,Georgia,0.8285,0.9023,0.931,0.6567,0.3688,43019.0,2025,2022,18.1,35.0,7.1,10.5,15.4,4.6,6.3,25.0,20.5,17.1,16.6,,10.9,10.5,39.2,2023,3,High
13235,15.7,26.3,14.2,38.2,63.1,6.5,11.8,,6.5,77.9,83.8,55.3,8.5,,,19.4,51.1,23.1,13.8,25.9,33.9,,32.5,73.4,21.4,41.1,16.4,41.9,4.1,19.3,GA,Pulaski,10095,13235,Pulaski County,Georgia,0.9376,0.8126,0.7127,0.8164,0.9971,9887.0,2025,2022,19.0,35.8,6.9,12.1,17.0,5.4,7.2,26.9,25.8,23.5,21.0,,13.3,13.9,40.4,2023,1,Critical
13237,14.0,24.7,15.2,36.9,62.1,6.8,10.6,,6.2,77.4,84.8,61.4,7.1,,,16.0,56.2,21.3,12.7,21.9,33.2,,28.4,72.9,19.1,39.6,14.4,38.8,3.6,15.5,GA,Putnam,23129,13237,Putnam County,Georgia,0.5679,0.538,0.6211,0.7191,0.4248,22206.0,2025,2022,16.4,31.9,6.6,9.8,14.2,4.4,5.9,24.7,20.0,17.1,16.7,,10.8,11.1,38.0,2023,3,High
13239,16.8,26.6,13.3,42.6,65.0,6.1,11.6,,7.0,78.3,83.2,58.8,8.9,,,20.9,51.4,21.0,16.0,28.3,33.8,,35.3,76.8,21.3,43.3,16.8,42.8,4.6,18.3,GA,Quitman,2280,13239,Quitman County,Georgia,0.8202,0.9125,0.5466,0.9084,0.5625,2180.0,2025,2022,19.7,37.7,6.9,12.9,18.5,6.2,8.3,29.6,30.4,28.6,24.2,,15.5,17.0,41.1,2023,1,Critical
13241,13.3,23.8,17.2,33.8,59.3,7.5,9.9,,5.9,75.4,84.5,59.8,6.8,,,15.2,60.6,22.6,10.9,19.4,34.5,,26.2,71.8,18.3,34.3,13.9,33.7,3.1,13.3,GA,Rabun,17442,13241,Rabun County,Georgia,0.441,0.5784,0.3735,0.3503,0.328,16915.0,2025,2022,15.5,29.8,6.9,8.7,12.6,3.7,4.9,21.3,14.8,11.7,12.4,,8.4,7.9,35.5,2023,2,Moderate
13243,17.8,28.7,12.0,45.9,66.9,5.7,12.3,,7.9,79.6,82.7,54.0,10.3,,,22.6,38.8,21.5,18.9,32.2,34.1,,39.5,71.4,22.1,46.5,18.3,45.2,5.5,34.1,GA,Randolph,6078,13243,Randolph County,Georgia,0.9882,0.9863,0.853,0.9577,0.9532,6365.0,2025,2022,21.0,41.1,7.1,15.2,22.0,8.1,10.5,29.8,37.3,38.1,28.9,,19.3,22.2,40.7,2023,1,Critical
13245,14.6,24.6,13.5,41.0,64.8,5.7,11.5,,6.1,79.4,85.1,58.1,7.0,,,16.8,51.5,20.5,15.9,25.2,35.0,,30.5,76.5,19.7,37.2,14.6,43.4,4.2,21.6,GA,Richmond,205414,13245,Richmond County,Georgia,0.9513,0.9513,0.7324,0.9494,0.9061,206153.0,2025,2022,16.8,34.0,5.8,10.9,16.7,5.4,7.2,28.8,26.2,23.2,22.3,,13.5,15.2,38.4,2023,1,Critical
13247,14.3,23.7,13.4,39.8,64.5,5.5,11.1,,5.5,79.3,86.6,62.0,5.9,,,14.2,56.0,18.1,14.7,21.9,32.8,,29.4,80.7,18.0,38.9,13.5,42.7,3.8,18.2,GA,Rockdale,95987,13247,Rockdale County,Georgia,0.777,0.8536,0.7751,0.9695,0.3,93641.0,2025,2022,15.3,31.0,5.3,9.5,14.6,4.7,6.4,28.1,23.5,19.9,20.8,,12.5,13.8,39.2,2023,3,High
13249,13.5,24.7,16.2,35.6,61.0,6.8,10.6,,5.9,76.1,84.3,59.4,7.0,,,16.4,55.6,22.2,12.1,21.1,33.7,,27.6,76.3,19.4,37.2,14.4,39.7,3.5,18.0,GA,Schley,4526,13249,Schley County,Georgia,0.4973,0.8081,0.2459,0.6013,0.1626,4565.0,2025,2022,16.6,31.6,6.4,9.6,14.0,4.2,5.6,24.7,18.0,14.8,15.1,,9.8,9.6,38.1,2023,3,High
13251,15.0,25.6,14.4,39.9,63.7,6.3,11.1,,6.4,77.8,83.8,57.2,7.9,,,18.5,50.7,21.0,14.1,24.5,33.8,,31.2,73.8,20.3,39.7,15.6,42.9,4.1,22.0,GA,Screven,14174,13251,Screven County,Georgia,0.699,0.7471,0.4321,0.8279,0.5781,14026.0,2025,2022,17.9,34.2,6.6,11.1,16.2,5.2,6.9,27.1,24.3,21.6,19.8,,12.6,13.3,39.7,2023,3,High
13253,14.2,25.8,14.6,38.7,63.4,6.6,11.1,,6.4,77.4,84.1,57.1,7.7,,,17.9,52.7,21.2,13.4,23.8,33.8,,30.7,74.7,20.0,40.0,15.1,41.0,3.9,20.5,GA,Seminole,9092,13253,Seminole County,Georgia,0.8813,0.903,0.8552,0.7626,0.693,9117.0,2025,2022,17.6,33.9,6.7,10.8,15.6,4.9,6.5,26.5,23.1,20.3,19.1,,12.1,12.8,39.6,2023,3,High
13255,15.4,24.6,14.6,38.8,63.2,6.4,10.9,,6.2,77.0,84.2,58.1,7.5,,,17.4,51.9,20.7,13.6,23.6,33.5,,30.1,74.2,19.5,39.9,14.8,42.2,3.8,16.5,GA,Spalding,69946,13255,Spalding County,Georgia,0.8206,0.9278,0.7553,0.818,0.4085,67415.0,2025,2022,17.4,33.7,6.4,10.6,15.6,4.8,6.5,26.7,23.4,20.0,19.3,,12.0,12.6,39.8,2023,3,High
13257,14.3,25.3,16.5,35.7,60.6,7.1,10.6,,6.3,75.3,83.0,57.6,7.9,,,18.6,55.9,23.4,12.1,22.4,33.9,,29.2,70.7,20.3,38.8,15.3,35.2,3.6,19.1,GA,Stephens,27228,13257,Stephens County,Georgia,0.7836,0.8708,0.826,0.5094,0.4855,26732.0,2025,2022,17.8,33.5,7.1,10.4,14.7,4.4,5.9,24.2,18.7,16.0,15.2,,10.2,9.8,37.8,2023,3,High
13259,26.7,25.8,13.9,43.8,63.6,5.4,10.1,,7.7,75.6,80.7,54.5,9.2,,,21.3,43.2,17.2,18.4,32.0,34.9,,39.2,74.1,18.8,42.0,17.5,44.2,5.2,24.2,GA,Stewart,4674,13259,Stewart County,Georgia,0.9736,0.9395,0.8126,0.9803,0.9717,5121.0,2025,2022,19.6,39.4,7.4,12.8,20.2,7.3,10.1,31.1,34.5,30.0,26.1,,17.1,17.6,39.4,2023,1,Critical
13261,15.5,25.6,13.4,41.4,64.4,5.9,11.3,,6.5,78.7,84.5,55.7,7.7,,,17.8,50.6,19.6,15.1,25.7,34.3,,32.5,75.0,19.8,40.9,15.3,43.4,4.2,16.6,GA,Sumter,28890,13261,Sumter County,Georgia,0.9631,0.9647,0.6713,0.923,0.9596,29378.0,2025,2022,17.6,34.6,6.4,11.5,16.7,5.6,7.4,27.8,26.9,24.4,22.2,,13.9,15.3,39.5,2023,1,Critical
13263,16.4,26.0,13.4,42.6,64.9,5.8,11.6,,6.8,78.4,83.9,57.7,8.3,,,19.5,48.1,20.4,16.0,27.2,33.5,,34.5,73.6,20.6,43.3,16.2,42.5,4.6,24.1,GA,Talbot,5718,13263,Talbot County,Georgia,0.6923,0.8731,0.2463,0.9176,0.4324,5793.0,2025,2022,18.8,36.4,6.4,12.3,17.9,6.0,8.0,29.5,29.4,27.2,23.7,,15.0,16.4,41.2,2023,1,Critical
13265,17.1,25.4,13.6,41.9,64.2,5.6,11.1,,6.6,78.0,83.7,58.4,7.8,,,19.0,50.3,19.4,15.7,26.6,33.4,,34.0,74.5,19.9,41.8,15.7,43.8,4.4,18.4,GA,Taliaferro,1609,13265,Taliaferro County,Georgia,0.692,0.7098,0.6892,0.9418,0.3732,1635.0,2025,2022,18.2,35.8,6.3,11.6,17.3,5.7,7.7,30.3,28.2,24.8,22.9,,14.3,15.4,41.0,2023,1,Critical
13267,18.9,26.2,15.3,41.0,63.1,6.5,10.4,,7.3,76.1,81.8,56.1,8.9,,,20.5,48.7,20.3,15.0,27.2,35.5,,34.4,73.3,19.9,40.8,16.6,42.6,4.3,25.7,GA,Tattnall,24296,13267,Tattnall County,Georgia,0.9287,0.9313,0.7219,0.819,0.9217,24309.0,2025,2022,18.9,36.6,7.5,11.7,17.3,5.8,7.8,27.5,26.4,23.6,20.7,,13.7,14.0,38.7,2023,1,Critical
13269,17.9,27.7,13.6,41.8,64.3,6.3,11.6,,7.5,76.9,81.7,51.7,10.1,,,22.4,44.6,22.4,16.0,29.9,34.2,,36.0,66.8,21.7,42.5,17.8,41.4,4.8,29.0,GA,Taylor,7758,13269,Taylor County,Georgia,0.9555,0.9873,0.7381,0.8021,0.8339,7799.0,2025,2022,20.6,39.1,7.5,13.9,19.6,6.8,8.9,27.8,30.3,29.6,22.9,,15.6,16.4,39.7,2023,1,Critical
13271,23.4,26.7,14.2,42.8,63.9,6.0,10.7,,8.1,75.5,80.4,50.5,10.2,,,22.9,43.5,20.4,17.6,32.1,35.3,,39.0,68.7,21.0,42.9,18.4,43.3,5.0,31.2,GA,Telfair,10920,13271,Telfair County,Georgia,0.9765,0.7273,0.9978,0.8867,0.9841,12619.0,2025,2022,20.9,41.2,8.2,13.9,20.5,7.3,9.9,29.6,33.6,31.1,25.1,,16.8,17.6,40.5,2023,1,Critical
13273,18.4,27.3,12.8,43.8,65.7,5.7,12.0,,7.4,78.6,82.8,56.6,9.4,,,21.9,45.7,20.4,17.3,30.5,34.2,,37.9,73.4,21.4,44.1,17.5,45.5,5.0,25.7,GA,Terrell,8718,13273,Terrell County,Georgia,0.9809,0.9885,0.6853,0.9399,0.9704,9004.0,2025,2022,20.4,39.5,6.9,13.9,20.1,7.1,9.3,30.8,33.7,32.5,26.7,,17.4,19.1,41.6,2023,1,Critical
13275,13.4,24.8,14.8,37.9,63.6,6.4,10.9,,6.0,78.3,85.0,58.7,7.0,,,16.3,56.0,20.7,13.1,22.1,34.0,,27.5,75.6,18.8,39.3,14.2,40.1,3.7,21.6,GA,Thomas,45649,13275,Thomas County,Georgia,0.8158,0.8966,0.9408,0.805,0.2243,45665.0,2025,2022,16.3,31.7,6.2,10.0,14.5,4.6,6.1,25.0,20.8,18.2,17.5,,11.1,11.7,37.5,2023,3,High
13277,16.5,25.9,14.5,38.5,63.3,6.5,10.7,,6.5,77.3,84.0,59.0,7.8,,,18.0,53.0,21.4,14.3,24.8,34.3,,32.4,74.8,19.8,39.7,15.6,38.4,3.9,14.2,GA,Tift,41554,13277,Tift County,Georgia,0.8759,0.8193,0.7388,0.8428,0.8727,41247.0,2025,2022,17.7,34.7,6.9,10.9,15.8,5.2,7.0,26.2,24.1,21.2,19.5,,12.5,13.1,37.6,2023,3,High
13279,17.1,26.2,14.6,37.9,62.5,6.6,10.8,,6.5,76.8,83.4,59.6,8.0,,,17.9,54.2,21.4,13.6,25.0,34.3,,32.0,71.4,19.9,40.9,15.8,40.4,3.9,24.7,GA,Toombs,27040,13279,Toombs County,Georgia,0.9857,0.9752,0.9777,0.7989,0.8743,26946.0,2025,2022,18.2,35.0,6.9,11.1,16.3,5.1,7.0,26.0,23.6,20.6,18.9,,12.3,12.5,39.0,2023,3,High
13281,11.0,23.8,17.6,32.8,59.3,7.7,10.0,,5.6,75.8,84.9,60.1,6.5,,,14.5,62.6,23.4,10.3,17.8,33.5,,23.9,71.1,18.4,33.0,13.4,34.4,2.9,18.9,GA,Towns,13035,13281,Towns County,Georgia,0.5622,0.7607,0.2141,0.119,0.6911,12546.0,2025,2022,14.9,28.9,6.6,8.3,11.9,3.4,4.5,20.9,12.9,10.3,11.0,,7.6,7.2,35.1,2023,2,Moderate
13283,18.9,27.2,14.3,41.0,63.5,6.5,11.4,,7.8,76.2,80.7,54.2,10.5,,,23.3,46.1,22.5,16.1,30.3,35.5,,36.9,68.0,21.8,41.6,18.4,40.6,4.8,27.5,GA,Treutlen,6341,13283,Treutlen County,Georgia,0.9389,0.9943,0.8161,0.714,0.685,6411.0,2025,2022,21.2,40.6,7.9,13.9,19.7,6.7,8.9,28.5,30.3,29.3,22.5,,15.4,15.9,40.2,2023,1,Critical
13285,14.2,24.6,15.2,37.6,62.9,6.4,10.9,,6.1,77.5,84.7,59.6,7.3,,,17.1,56.8,21.1,13.3,23.1,32.3,,31.2,74.8,19.5,35.9,14.7,39.5,3.8,14.3,GA,Troup,70742,13285,Troup County,Georgia,0.9023,0.8145,0.8613,0.8304,0.896,69527.0,2025,2022,17.1,32.6,6.3,10.4,15.2,4.8,6.4,26.0,22.3,19.5,18.3,,11.8,12.4,37.9,2023,3,High
13287,17.6,27.3,13.7,41.2,64.0,6.3,11.5,,7.2,77.3,82.5,56.5,9.4,,,21.1,47.2,21.7,15.6,28.3,34.8,,36.2,72.1,21.3,44.9,17.2,43.2,4.6,23.7,GA,Turner,8909,13287,Turner County,Georgia,0.9675,0.9911,0.9768,0.8428,0.5581,8894.0,2025,2022,20.0,38.4,7.2,13.1,18.9,6.3,8.4,28.2,29.5,27.9,22.9,,15.2,16.1,40.8,2023,1,Critical
13289,15.8,25.3,15.1,39.0,62.9,6.1,11.2,,6.4,77.0,83.4,56.4,7.8,,,19.0,53.0,20.8,13.7,24.8,34.0,,31.1,72.3,20.8,39.5,15.6,40.7,4.1,20.5,GA,Twiggs,7691,13289,Twiggs County,Georgia,0.6538,0.5625,0.6395,0.8304,0.566,7955.0,2025,2022,18.3,34.4,6.4,11.1,16.0,5.1,6.8,28.7,24.0,20.6,19.6,,12.5,12.7,39.9,2023,3,High
13291,12.0,24.4,17.6,32.6,58.6,7.6,9.9,,5.7,75.2,84.4,59.6,6.6,,,15.3,58.9,23.4,10.2,18.6,33.3,,24.9,72.6,18.7,34.8,13.8,37.0,3.0,10.5,GA,Union,27124,13291,Union County,Georgia,0.4932,0.448,0.3506,0.1572,0.7986,24880.0,2025,2022,15.5,30.2,6.7,8.5,12.3,3.5,4.6,21.9,13.5,10.4,11.3,,7.7,7.2,36.4,2023,2,Moderate
13293,14.7,24.8,15.1,37.4,62.2,6.6,11.0,,6.4,76.4,83.6,58.5,8.0,,,19.1,52.8,22.1,13.5,23.7,33.3,,31.3,75.4,20.3,39.1,15.6,39.7,3.9,20.9,GA,Upson,28263,13293,Upson County,Georgia,0.6468,0.7938,0.4642,0.7066,0.378,27638.0,2025,2022,18.0,33.7,6.8,11.1,15.7,5.0,6.5,26.5,22.1,19.7,18.0,,11.7,12.1,39.1,2023,3,High
13295,13.2,25.5,16.9,34.5,59.9,7.4,10.3,,6.0,75.3,83.6,56.4,7.4,,,17.0,52.9,22.6,11.1,20.4,34.0,,28.4,76.0,19.4,37.8,14.6,40.8,3.3,14.0,GA,Walker,69489,13295,Walker County,Georgia,0.6796,0.8215,0.6624,0.2914,0.4776,68065.0,2025,2022,16.6,31.4,7.0,9.5,13.4,3.9,5.2,22.6,15.8,12.9,13.0,,8.8,8.3,36.6,2023,3,High
13297,13.4,23.9,15.6,34.6,61.3,6.9,10.3,,5.6,76.2,85.0,57.3,6.4,,,14.9,56.5,21.0,11.3,19.7,33.0,,27.0,74.5,18.2,38.1,13.5,37.0,3.2,11.1,GA,Walton,106702,13297,Walton County,Georgia,0.4095,0.6656,0.4432,0.6503,0.0598,97752.0,2025,2022,15.8,30.6,6.2,9.0,13.1,3.8,5.2,23.8,17.3,13.7,14.7,,9.3,9.2,37.4,2023,2,Moderate
13299,16.8,25.7,14.9,40.0,63.1,6.5,10.9,,7.0,77.1,82.5,55.0,8.8,,,20.0,49.5,22.5,14.7,26.8,34.4,,35.6,73.1,20.8,41.5,16.8,39.0,4.2,27.6,GA,Ware,36243,13299,Ware County,Georgia,0.9596,0.9198,0.804,0.756,0.9825,35917.0,2025,2022,19.2,36.4,7.3,12.1,17.4,5.6,7.5,26.4,25.5,23.8,20.1,,13.3,13.8,39.2,2023,1,Critical
13301,16.2,25.9,13.3,42.7,64.5,5.8,11.6,,6.6,78.3,83.9,56.0,8.1,,,19.4,50.1,20.3,15.5,26.8,33.0,,34.5,76.3,20.6,43.8,15.9,43.3,4.5,26.8,GA,Warren,5106,13301,Warren County,Georgia,0.8123,0.7836,0.8158,0.9259,0.5418,5197.0,2025,2022,18.8,36.7,6.3,12.1,17.8,5.9,7.7,30.2,28.8,26.1,23.6,,14.7,15.9,41.9,2023,1,Critical
13303,16.3,25.9,14.1,42.8,65.0,5.8,11.1,,6.8,78.3,83.5,55.5,8.3,,,19.6,50.1,20.0,15.9,27.2,34.1,,33.5,74.3,20.0,43.0,15.9,43.1,4.5,22.5,GA,Washington,19820,13303,Washington County,Georgia,0.9115,0.8734,0.6573,0.9103,0.9485,19975.0,2025,2022,18.4,36.1,6.5,11.9,17.6,5.9,7.9,29.2,28.5,26.0,22.8,,14.6,15.9,41.3,2023,1,Critical
13305,16.7,26.0,15.6,39.7,62.9,6.8,10.8,,7.0,76.5,82.2,52.6,8.9,,,20.0,50.5,22.0,14.1,25.6,34.7,,32.6,69.9,20.5,43.0,16.5,39.7,4.1,20.4,GA,Wayne,31373,13305,Wayne County,Georgia,0.9434,0.9558,0.8473,0.658,0.8896,30277.0,2025,2022,19.0,35.6,7.6,11.7,16.6,5.4,7.2,25.6,24.1,21.7,18.7,,12.5,12.9,37.9,2023,3,High
13307,15.7,26.4,13.9,41.4,64.3,6.2,11.5,,7.0,78.1,83.6,54.7,8.6,,,19.6,48.8,21.3,15.5,26.7,33.9,,33.4,72.0,20.7,42.5,16.3,42.5,4.5,24.5,GA,Webster,2337,13307,Webster County,Georgia,0.8447,0.9984,0.4305,0.9259,0.3035,2354.0,2025,2022,18.8,36.3,6.9,12.2,17.7,6.0,7.8,27.8,27.6,25.7,22.2,,14.4,15.7,39.8,2023,1,Critical
13309,19.2,25.4,15.1,42.5,63.1,6.2,10.0,,7.5,75.8,81.1,51.6,9.0,,,21.6,42.7,19.1,15.1,28.1,34.9,,35.0,71.6,19.5,41.6,16.5,43.0,4.5,20.3,GA,Wheeler,7081,13309,Wheeler County,Georgia,0.7716,0.9653,0.0038,0.8263,0.9796,7550.0,2025,2022,19.1,37.3,7.7,11.7,17.6,5.9,7.9,29.8,27.3,23.9,21.2,,14.1,14.4,39.5,2023,1,Critical
13311,12.3,23.5,17.5,33.0,58.8,7.4,10.0,,5.7,74.8,84.3,59.8,6.6,,,15.4,61.8,22.6,10.1,18.4,33.5,,24.5,72.1,18.6,35.2,13.5,34.2,3.0,9.2,GA,White,29026,13311,White County,Georgia,0.3455,0.4009,0.2195,0.2692,0.5049,28165.0,2025,2022,15.7,29.0,6.6,8.6,12.0,3.4,4.5,22.3,13.6,10.4,11.6,,7.8,7.1,36.1,2023,2,Moderate
13313,22.7,23.2,15.7,33.5,59.9,6.6,9.6,,6.2,75.3,83.5,55.5,6.9,,,15.8,51.3,20.5,13.0,23.8,35.5,,31.4,73.4,18.2,38.1,15.2,38.9,3.3,16.5,GA,Whitfield,103687,13313,Whitfield County,Georgia,0.8836,0.8766,0.8266,0.8139,0.7668,103033.0,2025,2022,17.0,32.2,6.9,9.6,14.5,4.4,6.5,24.6,21.4,15.3,17.3,,10.7,9.8,36.8,2023,3,High
13315,18.1,25.4,15.1,42.3,63.2,6.3,10.3,,7.3,76.3,81.6,54.6,8.9,,,20.9,51.1,19.8,15.2,27.1,34.5,,33.5,72.1,19.6,43.0,16.2,42.4,4.4,17.6,GA,Wilcox,8779,13315,Wilcox County,Georgia,0.8212,0.8501,0.6262,0.7894,0.7044,8839.0,2025,2022,18.7,36.7,7.5,11.6,17.3,5.8,7.6,28.9,26.0,23.2,20.6,,13.7,14.2,38.9,2023,1,Critical
13317,16.2,25.3,14.2,39.5,63.1,6.1,11.0,,6.4,77.4,83.7,57.6,7.8,,,18.6,50.5,20.7,14.4,25.3,34.3,,32.9,73.7,19.9,40.9,15.6,41.2,4.1,22.0,GA,Wilkes,9518,13317,Wilkes County,Georgia,0.6083,0.7954,0.5606,0.8632,0.1594,9610.0,2025,2022,18.1,34.9,6.5,11.2,16.4,5.3,7.1,27.7,25.1,22.0,20.3,,12.9,13.5,39.9,2023,1,Critical
13319,14.8,25.7,14.5,39.6,63.2,6.3,11.1,,6.4,77.4,83.8,58.7,7.8,,,18.6,48.8,21.4,14.1,24.3,33.9,,32.1,74.5,20.2,41.1,15.4,44.4,4.1,22.2,GA,Wilkinson,8725,13319,Wilkinson County,Georgia,0.784,0.8228,0.8234,0.8279,0.412,8852.0,2025,2022,17.9,35.3,6.6,11.1,16.4,5.1,6.8,27.0,23.9,21.6,19.7,,12.5,13.4,39.3,2023,1,Critical
13321,14.9,26.1,15.0,38.6,62.4,6.7,11.0,,6.5,76.7,83.3,58.1,8.2,,,19.3,53.9,22.9,13.6,24.7,33.7,,32.0,72.1,20.8,38.8,15.9,38.1,4.0,21.4,GA,Worth,20273,13321,Worth County,Georgia,0.8571,0.938,0.8816,0.7019,0.4585,20706.0,2025,2022,18.5,35.5,6.9,11.3,16.2,5.0,6.7,26.7,23.2,20.7,18.5,,12.1,12.6,40.0,2023,3,High
15001,7.0,21.4,20.8,24.8,52.6,5.9,11.4,,5.4,71.2,77.6,53.3,5.6,,,15.0,62.6,21.7,9.6,19.3,27.4,,20.7,69.8,17.7,27.5,13.5,39.9,3.3,10.3,HI,Hawaii,207615,15001,Hawaii County,Hawaii,0.636,0.4502,0.7894,0.9602,0.4881,202163.0,2025,2022,16.0,30.1,6.6,8.6,11.7,3.8,5.6,30.9,21.7,18.3,14.9,,10.8,8.7,33.0,2023,2,Moderate
15003,5.3,18.8,19.2,27.9,56.9,5.0,9.7,,4.6,76.2,80.7,57.9,4.1,,,10.3,69.1,15.9,10.5,17.2,31.0,,22.4,79.5,15.3,26.0,11.0,49.5,2.9,7.9,HI,Honolulu,989408,15003,Honolulu County,Hawaii,0.5708,0.2307,0.2638,0.9854,0.957,1010100.0,2025,2022,12.7,26.5,5.6,6.6,11.0,2.8,4.7,31.2,17.7,11.6,11.6,,7.4,5.9,33.3,2023,2,Moderate
15005,11.8,20.3,16.0,29.0,49.5,4.8,8.6,,6.6,60.2,67.4,52.6,5.7,,,14.1,51.1,14.2,12.9,21.4,26.8,,22.5,78.7,13.7,33.0,13.1,41.8,3.9,9.0,HI,Kalawao,81,15005,Kalawao County,Hawaii,0.1871,0.0983,0.0614,0.9723,0.4044,50.0,2025,2022,13.0,27.6,6.8,8.1,13.9,4.8,6.6,23.6,22.6,20.7,17.6,,10.4,10.8,25.7,2023,2,Moderate
15007,6.7,20.9,19.9,27.0,51.9,5.6,10.4,,5.0,71.2,78.9,58.0,4.8,,,12.4,67.7,17.9,9.3,16.6,29.4,,19.5,73.4,16.5,24.1,12.0,43.9,3.0,9.7,HI,Kauai,73851,15007,Kauai County,Hawaii,0.3964,0.2367,0.3446,0.9625,0.4566,73511.0,2025,2022,14.0,25.0,5.6,7.2,10.3,3.1,4.8,28.2,17.9,13.8,12.0,,8.6,7.3,31.7,2023,0,Low
15009,6.7,19.6,21.3,25.4,51.3,5.9,10.5,,5.0,70.4,80.1,53.1,4.8,,,13.4,64.5,16.9,9.6,16.6,28.5,,19.1,76.6,16.6,26.2,11.8,42.6,3.0,9.7,HI,Maui,164183,15009,Maui County,Hawaii,0.4938,0.2918,0.4003,0.9605,0.6032,164765.0,2025,2022,13.6,26.6,5.9,7.3,11.5,3.2,4.8,29.7,18.3,14.2,12.5,,8.8,6.8,34.1,2023,0,Low
16001,8.7,23.4,18.2,28.8,49.5,7.2,10.3,,4.8,75.1,81.8,60.9,4.8,,,10.5,71.7,25.5,8.0,14.5,29.1,,17.9,74.4,15.8,28.9,11.8,30.6,2.5,17.7,ID,Ada,524673,16001,Ada County,Idaho,0.1931,0.1559,0.161,0.4779,0.3767,497494.0,2025,2022,14.5,30.6,7.6,7.0,11.2,2.7,3.7,18.3,10.2,6.6,9.1,,6.3,5.7,28.8,2023,0,Low
16003,10.9,24.8,16.5,30.0,51.8,7.2,11.0,,6.0,70.8,77.7,54.6,7.0,,,14.8,62.2,24.0,9.3,18.6,27.8,,25.1,64.6,17.9,33.9,13.9,33.0,3.2,14.2,ID,Adams,4903,16003,Adams County,Idaho,0.2017,0.6268,0.1549,0.2959,0.0175,4464.0,2025,2022,17.8,34.7,9.1,9.1,14.1,3.8,5.1,20.5,14.7,11.2,11.7,,8.6,8.2,29.6,2023,0,Low
16005,10.2,24.4,15.6,29.8,52.7,7.1,11.2,,5.5,73.6,78.7,53.6,6.2,,,13.3,64.4,25.2,9.1,18.3,28.7,,21.7,69.9,17.3,33.4,14.0,36.9,3.0,12.0,ID,Bannock,90400,16005,Bannock County,Idaho,0.4995,0.4403,0.4337,0.489,0.6125,87434.0,2025,2022,16.8,36.0,8.9,8.5,13.9,3.5,4.8,20.8,14.7,10.2,11.6,,8.3,8.0,31.4,2023,2,Moderate
16007,9.9,23.9,15.9,28.2,51.5,7.2,11.0,,5.6,71.1,78.1,54.9,6.4,,,13.8,66.9,23.7,9.0,17.3,28.7,,23.0,72.4,17.7,31.2,13.6,34.2,3.0,15.4,ID,Bear Lake,6766,16007,Bear Lake County,Idaho,0.2024,0.2361,0.7105,0.182,0.0821,6436.0,2025,2022,17.2,33.6,8.6,8.6,13.4,3.4,4.6,20.1,13.3,9.5,11.0,,7.7,7.4,29.6,2023,0,Low
16009,12.2,25.5,16.5,30.3,51.8,7.1,11.8,,6.4,70.4,76.0,50.1,7.9,,,17.1,60.6,24.2,10.0,21.2,28.5,,27.3,65.8,18.9,36.0,15.1,35.4,3.5,20.7,ID,Benewah,10369,16009,Benewah County,Idaho,0.6717,0.8123,0.6955,0.4588,0.3618,9731.0,2025,2022,19.3,38.4,9.8,10.4,15.7,4.3,5.9,21.8,18.2,13.8,13.8,,10.1,9.3,31.2,2023,2,Moderate
16011,12.6,24.7,14.7,30.7,51.5,6.9,11.1,,5.7,72.2,78.0,55.8,6.4,,,14.3,63.9,23.5,10.1,19.2,28.1,,24.0,65.5,17.7,39.2,14.1,33.9,3.1,10.7,ID,Bingham,50395,16011,Bingham County,Idaho,0.5469,0.5517,0.7423,0.6249,0.2841,48253.0,2025,2022,17.8,37.3,9.0,8.8,14.4,3.7,5.3,21.6,16.0,10.8,13.2,,8.9,8.4,31.1,2023,2,Moderate
16013,11.4,20.5,17.2,24.7,50.3,7.1,10.0,,4.7,72.0,81.4,59.6,4.7,,,9.8,71.4,20.1,7.7,14.6,28.0,,18.8,72.1,14.7,23.1,11.4,27.9,2.5,8.1,ID,Blaine,25041,16013,Blaine County,Idaho,0.4025,0.2523,0.6462,0.6516,0.385,24248.0,2025,2022,14.0,28.3,7.4,6.5,10.6,2.7,4.0,19.3,11.2,6.7,10.0,,6.5,5.9,27.7,2023,0,Low
16015,8.7,23.7,17.1,28.1,50.2,7.4,10.8,,5.2,71.9,80.4,57.2,5.5,,,11.9,66.1,23.7,8.2,15.5,29.0,,20.3,64.8,16.3,31.3,12.2,32.6,2.7,11.4,ID,Boise,8517,16015,Boise County,Idaho,0.1075,0.1578,0.1292,0.3961,0.1346,7809.0,2025,2022,15.6,31.6,8.0,7.4,12.0,2.9,4.0,20.5,11.2,7.5,9.7,,6.8,6.3,29.6,2023,0,Low
16017,9.6,23.1,17.3,28.2,50.1,7.4,10.9,,5.6,70.1,78.8,52.0,6.2,,,13.2,64.6,23.3,8.4,16.9,28.4,,21.1,67.6,16.9,31.8,12.9,30.6,2.9,17.7,ID,Bonner,52547,16017,Bonner County,Idaho,0.412,0.4655,0.3318,0.2692,0.4954,47976.0,2025,2022,16.5,32.3,8.3,8.2,12.7,3.3,4.5,19.7,12.2,9.2,10.3,,7.5,6.9,28.8,2023,0,Low
16019,10.7,24.0,15.5,28.7,51.6,7.1,10.7,,5.3,74.0,80.6,60.7,5.7,,,11.6,67.6,25.5,8.9,16.9,29.8,,21.2,67.5,16.8,33.5,12.3,36.8,2.8,21.0,ID,Bonneville,131366,16019,Bonneville County,Idaho,0.4473,0.4101,0.5915,0.504,0.3703,124490.0,2025,2022,16.4,32.1,8.2,7.8,12.6,3.2,4.5,20.2,12.8,8.8,11.0,,7.6,6.9,30.0,2023,0,Low
16021,12.0,25.4,16.2,28.8,52.3,7.1,11.4,,6.0,70.7,77.1,53.2,7.2,,,15.2,63.8,23.6,9.4,19.4,28.5,,23.9,63.5,18.0,33.2,14.5,32.3,3.3,19.1,ID,Boundary,13557,16021,Boundary County,Idaho,0.5037,0.657,0.5199,0.3388,0.3067,12335.0,2025,2022,18.8,37.0,9.2,9.6,14.9,4.0,5.4,21.0,16.0,11.8,12.4,,9.0,8.6,32.0,2023,2,Moderate
16023,13.9,26.9,15.9,31.8,52.7,7.1,11.8,,7.1,70.3,75.3,53.5,9.0,,,18.1,59.5,26.1,11.1,23.3,29.8,,27.4,63.2,19.9,35.7,16.4,34.7,3.8,14.2,ID,Butte,2758,16023,Butte County,Idaho,0.7009,0.5186,0.9959,0.328,0.4267,2605.0,2025,2022,21.1,40.9,10.4,11.6,17.4,5.1,6.8,21.9,20.4,17.1,15.2,,11.3,10.8,31.1,2023,2,Moderate
16025,10.9,23.0,17.3,27.7,50.2,7.2,10.7,,5.3,71.0,79.3,55.3,5.8,,,12.5,66.7,23.0,8.4,16.6,28.2,,21.3,70.5,16.7,29.3,12.7,32.8,2.8,10.9,ID,Camas,1232,16025,Camas County,Idaho,0.3271,0.5348,0.3824,0.5406,0.0907,1133.0,2025,2022,16.2,32.0,8.2,7.9,12.4,3.2,4.3,21.0,12.5,8.3,10.6,,7.5,6.7,30.2,2023,0,Low
16027,13.7,23.7,15.4,29.5,50.4,7.1,10.8,,5.4,71.6,79.9,54.5,6.2,,,12.6,62.5,23.3,10.5,19.2,30.8,,24.9,60.7,16.9,35.5,13.9,35.5,3.0,12.9,ID,Canyon,257674,16027,Canyon County,Idaho,0.6217,0.5647,0.7311,0.6885,0.4623,235006.0,2025,2022,17.7,36.9,8.9,8.5,14.5,3.6,5.3,20.4,15.0,10.2,12.2,,8.5,8.0,29.2,2023,2,Moderate
16029,10.2,23.9,16.3,28.3,51.0,7.3,10.8,,5.4,70.9,78.3,53.2,6.2,,,13.8,66.6,23.0,8.7,17.4,28.4,,22.8,66.1,17.6,34.8,13.3,33.4,2.9,17.9,ID,Caribou,7219,16029,Caribou County,Idaho,0.1231,0.2332,0.0512,0.3118,0.2039,7058.0,2025,2022,16.9,33.8,8.5,8.3,13.1,3.3,4.5,21.1,12.7,8.8,10.9,,7.6,7.0,30.9,2023,0,Low
16031,16.0,23.3,15.1,30.5,52.1,6.7,10.6,,5.8,70.4,78.0,51.6,6.4,,,13.4,61.2,22.4,10.2,20.7,29.4,,26.4,66.0,17.1,37.9,14.3,34.9,3.1,13.4,ID,Cassia,25696,16031,Cassia County,Idaho,0.56,0.5103,0.5367,0.6971,0.5208,24859.0,2025,2022,17.7,35.8,8.9,8.9,15.0,3.9,5.8,22.4,17.6,11.8,14.3,,9.4,8.7,30.3,2023,2,Moderate
16033,20.0,23.4,14.6,31.0,52.3,6.3,10.6,,6.3,71.1,77.1,50.4,6.8,,,14.3,57.1,21.7,11.5,23.8,29.4,,29.0,67.4,17.1,36.7,15.3,35.0,3.4,20.0,ID,Clark,801,16033,Clark County,Idaho,0.5412,0.8206,0.2068,0.8829,0.1607,756.0,2025,2022,19.1,38.3,9.5,9.9,16.5,4.6,7.0,23.0,21.9,15.2,17.2,,11.2,10.5,31.5,2023,3,High
16035,11.0,25.1,18.1,29.1,51.0,7.2,10.7,,5.8,71.1,77.5,51.3,6.7,,,14.7,62.6,22.9,9.2,18.3,28.4,,22.6,66.0,17.5,31.8,14.0,36.3,3.1,20.8,ID,Clearwater,9214,16035,Clearwater County,Idaho,0.5912,0.4709,0.5272,0.3388,0.8349,8810.0,2025,2022,17.4,34.7,9.1,8.7,13.8,3.6,4.9,21.3,14.5,10.4,11.8,,8.3,7.9,28.8,2023,0,Low
16037,9.8,23.9,17.3,29.5,51.3,7.4,10.9,,5.7,71.7,78.7,53.4,6.4,,,13.3,65.3,23.3,9.0,17.1,30.1,,21.4,70.1,17.3,31.4,13.4,31.9,3.0,16.5,ID,Custer,4523,16037,Custer County,Idaho,0.3713,0.4556,0.434,0.3166,0.3016,4344.0,2025,2022,16.7,32.3,8.6,8.3,12.8,3.4,4.6,19.9,13.0,9.6,10.7,,7.8,7.4,29.3,2023,0,Low
16039,13.6,24.3,15.3,31.3,51.5,6.8,10.7,,5.9,70.1,77.7,53.3,6.8,,,14.6,59.5,22.8,10.2,20.0,29.3,,24.6,67.8,17.5,35.1,14.2,37.6,3.2,18.9,ID,Elmore,29724,16039,Elmore County,Idaho,0.8155,0.8804,0.6745,0.6538,0.6503,28752.0,2025,2022,17.9,36.9,9.0,9.2,15.0,4.0,5.6,22.4,16.8,11.9,13.4,,9.3,8.8,32.4,2023,2,Moderate
16041,10.3,23.7,15.7,28.7,50.8,7.2,10.7,,5.4,70.6,78.4,51.9,6.1,,,13.2,61.7,23.3,8.5,17.1,27.3,,22.1,65.0,17.3,35.9,13.1,34.0,2.9,12.0,ID,Franklin,15494,16041,Franklin County,Idaho,0.1101,0.3035,0.1002,0.2879,0.0627,14376.0,2025,2022,16.5,33.1,8.3,8.1,13.0,3.2,4.4,20.6,12.7,8.8,10.8,,7.4,7.0,31.6,2023,0,Low
16043,11.6,23.8,16.7,27.5,51.6,7.1,10.5,,5.5,71.2,78.7,54.6,6.1,,,13.2,65.1,22.8,9.0,17.5,27.9,,22.7,62.2,17.1,32.7,13.2,33.0,2.9,14.2,ID,Fremont,14196,16043,Fremont County,Idaho,0.5504,0.475,0.8002,0.4658,0.4333,13519.0,2025,2022,16.5,34.2,8.6,8.2,13.2,3.4,4.7,21.1,13.7,9.1,11.4,,7.8,7.3,30.2,2023,0,Low
16045,11.3,23.7,16.0,28.3,50.7,7.2,10.9,,5.3,71.9,78.6,54.1,6.0,,,13.3,65.8,23.4,8.7,17.4,27.7,,22.7,68.3,17.2,33.0,13.4,32.8,2.9,12.5,ID,Gem,21071,16045,Gem County,Idaho,0.6153,0.3054,0.9815,0.4356,0.5657,19250.0,2025,2022,16.7,33.1,8.4,8.2,12.8,3.3,4.5,20.5,13.2,8.9,11.0,,7.7,6.9,29.2,2023,0,Low
16047,18.5,23.9,15.4,30.6,51.9,6.7,10.7,,6.4,71.0,76.7,52.5,7.4,,,15.4,56.9,21.7,11.0,23.0,28.6,,28.7,66.1,17.8,34.5,15.5,33.8,3.5,21.7,ID,Gooding,16061,16047,Gooding County,Idaho,0.8059,0.7477,0.8686,0.7165,0.6408,15520.0,2025,2022,19.5,38.0,9.5,10.2,16.2,4.6,6.8,22.6,20.0,14.6,16.0,,10.9,10.0,31.0,2023,3,High
16049,10.5,23.4,16.5,28.3,49.4,7.2,10.9,,5.7,69.9,77.5,52.1,6.5,,,14.0,58.6,23.2,8.8,17.9,26.8,,22.4,63.6,17.5,32.1,13.5,30.8,3.1,14.9,ID,Idaho,17890,16049,Idaho County,Idaho,0.5199,0.5915,0.5593,0.2816,0.4489,16787.0,2025,2022,17.2,33.4,9.0,8.4,13.4,3.5,4.7,21.0,13.6,9.7,11.4,,8.1,7.5,31.0,2023,0,Low
16051,10.4,22.4,15.3,27.7,50.5,7.2,10.7,,5.3,71.5,79.6,56.1,5.8,,,12.2,64.9,22.6,8.7,15.9,29.6,,21.4,71.1,16.5,33.0,12.6,33.7,2.8,14.5,ID,Jefferson,34198,16051,Jefferson County,Idaho,0.1212,0.1699,0.2313,0.4085,0.098,31383.0,2025,2022,15.9,30.9,8.1,7.7,12.2,3.2,4.3,19.5,12.0,8.3,10.5,,7.3,6.8,28.9,2023,0,Low
16053,20.9,23.8,14.4,31.3,52.2,6.5,10.7,,6.5,70.8,76.6,50.6,7.4,,,15.7,57.7,21.8,11.7,24.4,30.2,,29.9,67.4,17.6,35.8,15.8,34.6,3.5,23.4,ID,Jerome,25479,16053,Jerome County,Idaho,0.5826,0.7057,0.6666,0.8005,0.1801,24474.0,2025,2022,19.8,39.1,9.7,10.4,17.1,4.8,7.2,24.4,22.4,15.5,17.6,,11.4,10.5,32.1,2023,3,High
16055,9.2,24.3,18.5,25.5,50.1,7.4,10.8,,5.2,70.7,79.9,54.8,6.0,,,12.3,66.8,24.9,8.0,16.1,28.1,,18.4,62.7,17.5,31.5,13.3,34.5,2.8,19.1,ID,Kootenai,185010,16055,Kootenai County,Idaho,0.2746,0.3544,0.2071,0.3675,0.322,173396.0,2025,2022,15.7,32.2,8.1,7.8,12.5,3.2,4.3,20.6,11.7,8.4,10.0,,7.2,6.6,30.2,2023,0,Low
16057,8.4,24.6,17.5,30.2,52.6,7.6,10.7,,5.4,72.8,79.5,55.8,5.8,,,11.6,69.4,23.1,8.4,16.1,28.2,,19.0,75.4,16.6,31.6,12.6,29.5,2.9,10.3,ID,Latah,41301,16057,Latah County,Idaho,0.2825,0.4518,0.0035,0.3847,0.8097,39872.0,2025,2022,15.3,30.7,8.1,7.8,12.5,3.2,4.3,20.0,11.8,8.5,10.0,,7.3,7.0,28.8,2023,0,Low
16059,10.1,25.2,17.2,29.1,50.9,7.3,11.2,,5.6,70.5,78.2,56.2,6.4,,,14.3,63.4,24.6,8.6,17.0,29.2,,23.2,67.8,17.9,30.6,13.5,34.0,3.0,14.6,ID,Lemhi,8441,16059,Lemhi County,Idaho,0.4073,0.3579,0.5555,0.1985,0.5212,8043.0,2025,2022,17.1,33.5,8.6,8.5,13.3,3.4,4.6,21.2,13.3,9.7,11.0,,7.7,7.4,31.2,2023,0,Low
16061,11.4,26.2,15.3,32.2,53.1,7.1,11.7,,6.5,71.3,77.0,54.5,7.8,,,16.5,58.6,24.5,10.5,21.0,30.0,,26.7,67.8,18.8,35.5,15.1,36.4,3.5,18.0,ID,Lewis,3739,16061,Lewis County,Idaho,0.7146,0.7261,0.9217,0.5183,0.3557,3630.0,2025,2022,19.2,37.3,9.7,10.3,15.8,4.4,5.9,21.8,17.9,14.2,13.6,,10.1,9.7,31.3,2023,2,Moderate
16063,17.7,23.3,15.6,29.8,51.1,6.6,10.5,,6.0,70.8,77.4,51.2,6.5,,,14.3,58.3,22.0,10.4,21.6,28.9,,27.5,60.5,17.3,34.2,14.7,33.4,3.2,22.8,ID,Lincoln,5450,16063,Lincoln County,Idaho,0.6742,0.7738,0.7146,0.7359,0.2784,5203.0,2025,2022,18.3,36.8,9.2,9.2,14.9,4.0,6.0,23.0,18.4,12.0,15.0,,9.8,9.0,32.2,2023,3,High
16065,11.5,25.6,12.9,31.3,52.9,7.3,11.5,,6.6,73.2,77.4,51.4,7.9,,,15.4,59.0,24.2,10.7,20.4,30.2,,25.0,64.9,18.3,34.0,15.2,36.7,3.6,21.6,ID,Madison,54547,16065,Madison County,Idaho,0.4318,0.7264,0.0016,0.4057,0.8657,52487.0,2025,2022,18.8,36.4,9.7,10.3,15.9,4.6,6.1,19.9,17.5,14.7,13.5,,10.0,10.1,28.9,2023,2,Moderate
16067,18.5,22.8,15.1,31.2,52.2,6.4,10.3,,5.9,69.8,77.5,50.7,6.4,,,13.8,57.6,21.3,11.0,21.7,29.6,,28.3,66.4,17.3,36.7,14.8,34.0,3.2,20.1,ID,Minidoka,22480,16067,Minidoka County,Idaho,0.5978,0.6118,0.5931,0.7725,0.3913,21626.0,2025,2022,18.4,37.0,9.1,9.2,15.4,4.2,6.3,23.4,19.5,12.9,15.4,,10.1,9.3,31.7,2023,3,High
16069,9.9,24.8,18.4,30.4,52.5,7.4,11.6,,5.6,73.1,79.2,59.1,6.5,,,14.1,66.3,25.2,8.8,17.2,27.8,,23.7,71.3,17.8,38.1,13.6,35.7,3.0,15.7,ID,Nez Perce,42987,16069,Nez Perce County,Idaho,0.5892,0.4378,0.5565,0.4018,0.8333,42200.0,2025,2022,17.3,36.5,8.8,8.7,14.0,3.5,4.8,19.4,14.0,10.0,11.3,,8.2,7.7,31.6,2023,2,Moderate
16071,9.3,23.7,16.4,28.0,50.2,7.2,10.7,,5.3,71.1,79.2,56.5,5.9,,,12.9,67.1,23.4,8.4,16.3,29.5,,21.2,64.7,17.3,32.2,12.7,33.1,2.8,7.6,ID,Oneida,4953,16071,Oneida County,Idaho,0.0792,0.1149,0.4814,0.182,0.0395,4572.0,2025,2022,16.2,32.9,8.1,8.0,12.3,3.1,4.2,19.9,11.9,8.3,10.0,,7.2,6.7,30.5,2023,0,Low
16073,18.1,25.2,15.3,31.2,51.5,6.5,11.1,,6.5,70.2,75.9,49.4,7.8,,,16.7,60.0,23.1,11.1,23.7,29.4,,29.4,61.1,18.4,33.5,15.9,36.2,3.6,17.0,ID,Owyhee,12722,16073,Owyhee County,Idaho,0.7432,0.5892,0.9828,0.6872,0.3968,12043.0,2025,2022,20.2,39.2,9.8,10.6,17.0,4.7,6.9,23.7,21.5,15.4,16.4,,11.1,10.2,31.3,2023,3,High
16075,14.2,23.6,15.9,30.4,52.6,7.0,11.0,,5.9,70.5,77.3,54.8,6.9,,,14.6,60.5,23.5,9.6,19.9,28.8,,25.4,65.1,17.8,31.5,14.3,30.9,3.2,13.5,ID,Payette,27279,16075,Payette County,Idaho,0.6713,0.5689,0.9271,0.5927,0.4197,25571.0,2025,2022,18.2,34.9,9.1,9.3,14.6,4.0,5.6,20.9,16.7,12.1,13.4,,9.2,8.7,28.5,2023,2,Moderate
16077,17.5,23.8,14.9,30.4,51.4,6.6,10.6,,6.1,71.1,77.4,51.3,6.9,,,14.3,58.1,21.8,10.6,21.8,29.6,,27.4,64.3,17.3,38.0,14.9,34.4,3.3,23.4,ID,Power,8253,16077,Power County,Idaho,0.762,0.7747,0.8616,0.776,0.3926,7918.0,2025,2022,18.2,36.4,9.3,9.4,15.4,4.3,6.4,21.7,19.2,13.4,15.3,,10.3,9.7,30.4,2023,3,High
16079,11.9,27.0,17.0,30.5,51.0,7.1,11.5,,6.2,71.3,76.4,50.0,7.8,,,16.3,54.6,24.5,10.2,20.8,30.6,,26.1,64.4,19.3,35.9,15.3,37.0,3.4,23.5,ID,Shoshone,14026,16079,Shoshone County,Idaho,0.7493,0.8416,0.7359,0.3166,0.5877,13399.0,2025,2022,19.8,39.7,9.7,10.2,15.8,4.2,5.6,22.7,17.1,13.3,13.3,,9.6,9.0,31.3,2023,2,Moderate
16081,10.0,22.3,17.0,27.0,51.2,7.3,9.9,,4.8,72.8,81.3,54.7,4.8,,,10.1,69.3,21.0,8.0,14.4,28.3,,18.5,73.0,14.7,30.8,11.2,30.2,2.5,6.8,ID,Teton,12549,16081,Teton County,Idaho,0.2052,0.4041,0.0932,0.5294,0.1266,11813.0,2025,2022,13.9,28.5,7.6,6.6,10.8,2.8,3.9,18.5,10.5,6.7,9.3,,6.4,5.9,27.4,2023,0,Low
16083,13.2,24.6,15.4,28.4,51.0,7.0,11.1,,5.6,71.0,78.7,55.8,6.5,,,13.6,63.2,24.2,9.9,19.3,25.9,,27.1,67.4,17.3,33.5,13.7,34.2,3.1,19.2,ID,Twin Falls,95156,16083,Twin Falls County,Idaho,0.5756,0.6185,0.6405,0.5854,0.3837,90592.0,2025,2022,17.2,33.7,8.6,8.9,14.6,3.7,5.2,21.3,15.3,11.0,12.7,,8.6,8.1,30.8,2023,2,Moderate
16085,9.7,24.0,17.2,29.8,52.1,7.4,10.9,,5.7,71.6,79.2,57.9,6.3,,,13.3,63.2,23.3,9.2,17.5,28.3,,22.6,69.1,16.9,33.3,13.1,33.8,3.0,12.4,ID,Valley,12644,16085,Valley County,Idaho,0.1365,0.482,0.043,0.0025,0.1196,11830.0,2025,2022,16.3,34.0,8.7,8.2,13.2,3.5,4.6,19.7,13.0,9.7,10.8,,7.8,7.4,28.6,2023,0,Low
16087,14.1,25.5,15.9,30.2,52.0,7.0,11.3,,6.4,71.1,77.0,52.5,7.5,,,16.0,60.2,23.7,10.7,21.5,28.8,,26.9,64.6,18.5,33.8,15.3,34.0,3.5,19.3,ID,Washington,11425,16087,Washington County,Idaho,0.9093,0.8186,0.9987,0.5501,0.6577,10612.0,2025,2022,19.2,38.5,9.6,10.1,15.8,4.4,6.3,22.1,18.5,14.4,14.5,,10.2,9.9,30.0,2023,3,High
17001,7.6,23.7,20.8,31.6,56.4,7.4,10.5,,5.4,75.7,84.6,57.8,6.6,,,15.0,60.9,23.8,9.6,17.4,31.7,,22.6,73.0,18.3,38.2,12.4,38.3,2.9,11.9,IL,Adams,64441,17001,Adams County,Illinois,0.2965,0.1343,0.4849,0.2628,0.6481,65583.0,2025,2022,14.3,28.3,6.2,8.1,11.7,3.2,4.2,24.0,13.8,13.6,11.6,,7.6,7.7,33.8,2023,0,Low
17003,11.1,26.4,17.2,38.7,60.9,6.4,11.9,,6.8,77.2,82.6,53.9,9.1,,,20.2,49.8,23.2,13.8,25.9,32.0,,30.4,69.9,21.0,45.3,15.6,42.6,4.2,19.1,IL,Alexander,4695,17003,Alexander County,Illinois,0.8941,0.9052,0.8521,0.7423,0.7509,5261.0,2025,2022,18.2,35.9,6.8,11.8,17.1,5.5,7.1,29.8,26.6,29.1,21.0,,13.4,14.8,37.3,2023,1,Critical
17005,9.2,24.1,20.0,32.8,57.4,7.2,10.5,,5.8,75.6,83.9,56.8,7.1,,,15.9,54.0,23.4,10.3,19.3,31.8,,23.7,74.0,18.7,39.8,13.2,39.2,3.1,10.9,IL,Bond,16450,17005,Bond County,Illinois,0.5253,0.3159,0.2167,0.3888,0.9736,16750.0,2025,2022,15.0,29.7,6.5,8.6,12.6,3.6,4.7,26.1,16.0,15.4,13.4,,8.6,8.7,35.0,2023,2,Moderate
17007,12.6,22.9,19.2,30.9,56.3,6.9,10.0,,5.5,75.1,84.6,57.0,6.3,,,14.3,59.5,22.2,10.4,20.0,31.6,,24.7,74.3,17.7,36.9,13.1,37.7,2.9,16.3,IL,Boone,53202,17007,Boone County,Illinois,0.4655,0.5189,0.6465,0.658,0.174,53459.0,2025,2022,14.7,29.5,6.3,8.2,12.3,3.5,5.0,25.6,16.8,14.6,14.3,,8.6,8.3,34.6,2023,2,Moderate
17009,12.0,23.8,19.8,35.9,58.2,6.9,10.0,,6.2,75.0,82.4,52.5,7.7,,,18.0,54.1,20.5,11.4,22.2,32.0,,26.3,65.4,18.2,41.6,13.8,40.0,3.4,18.0,IL,Brown,6294,17009,Brown County,Illinois,0.4753,0.2469,0.2199,0.6013,0.9144,6334.0,2025,2022,15.8,32.1,6.8,9.1,13.8,4.2,5.5,30.0,19.9,18.9,16.3,,10.3,10.5,36.0,2023,2,Moderate
17011,9.8,23.9,19.9,31.0,56.4,7.2,10.4,,5.7,75.5,83.8,58.0,6.9,,,15.4,58.2,24.1,10.1,18.9,31.7,,23.8,72.1,18.6,38.4,13.3,38.0,3.0,15.7,IL,Bureau,32729,17011,Bureau County,Illinois,0.3544,0.4069,0.5644,0.4057,0.1973,33203.0,2025,2022,14.9,29.6,6.5,8.5,12.5,3.5,4.7,25.1,15.6,14.8,12.8,,8.3,8.1,34.8,2023,2,Moderate
17013,7.1,23.0,21.9,29.3,55.2,7.5,10.3,,4.9,75.3,85.4,56.8,5.7,,,13.4,65.9,23.4,8.5,15.3,31.3,,19.6,70.2,17.9,35.1,11.7,34.7,2.6,7.7,IL,Calhoun,4317,17013,Calhoun County,Illinois,0.0541,0.043,0.2297,0.0474,0.188,4472.0,2025,2022,13.3,26.0,5.8,7.0,10.2,2.7,3.5,24.4,10.9,9.6,10.0,,6.3,6.1,33.8,2023,0,Low
17015,9.7,24.2,21.3,32.6,56.9,7.2,10.3,,5.8,74.8,83.4,56.6,7.1,,,16.2,62.6,22.6,10.3,19.3,31.6,,23.9,70.9,18.5,39.3,13.2,35.6,3.1,13.0,IL,Carroll,15526,17015,Carroll County,Illinois,0.2304,0.3271,0.1133,0.3118,0.3519,15594.0,2025,2022,15.0,29.9,6.6,8.4,12.4,3.5,4.7,26.1,15.6,14.9,13.0,,8.3,8.3,34.4,2023,2,Moderate
17017,13.3,23.9,19.0,32.7,56.6,6.8,10.2,,5.9,75.1,83.4,54.9,7.2,,,15.9,57.7,22.4,11.2,21.7,32.1,,26.6,67.4,18.4,40.7,13.9,37.5,3.2,20.7,IL,Cass,12596,17017,Cass County,Illinois,0.4998,0.3519,0.8148,0.6277,0.356,12955.0,2025,2022,15.7,31.5,6.7,9.0,13.6,3.9,5.5,26.7,19.2,17.7,15.6,,9.6,9.4,35.0,2023,2,Moderate
17019,7.7,23.4,18.5,31.4,59.1,6.9,10.2,,5.3,75.9,85.6,60.4,6.0,,,12.9,60.4,22.3,10.6,17.5,32.5,,21.3,74.3,16.7,34.0,11.9,35.9,3.0,12.4,IL,Champaign,205644,17019,Champaign County,Illinois,0.4658,0.4388,0.0395,0.7226,0.8269,206525.0,2025,2022,12.9,26.5,5.9,7.6,11.5,3.3,4.5,25.3,15.2,14.4,12.7,,8.2,8.5,33.5,2023,0,Low
17021,9.1,24.4,20.8,32.5,56.7,7.3,10.4,,5.7,74.7,83.4,54.9,7.2,,,16.5,59.7,23.4,10.1,19.2,31.8,,24.0,72.3,18.7,38.1,13.3,37.6,3.1,16.4,IL,Christian,33228,17021,Christian County,Illinois,0.1966,0.2329,0.2173,0.1508,0.3509,33893.0,2025,2022,15.2,30.2,6.6,8.5,12.6,3.5,4.6,26.1,15.1,14.6,12.5,,8.1,8.1,35.0,2023,2,Moderate
17023,7.8,24.0,20.8,31.0,56.3,7.4,10.5,,5.5,75.4,84.3,58.6,6.7,,,15.1,65.5,23.8,9.4,17.5,31.4,,21.7,71.3,18.5,37.1,12.6,35.5,2.9,12.1,IL,Clark,15088,17023,Clark County,Illinois,0.0745,0.1553,0.1642,0.015,0.1238,15467.0,2025,2022,14.4,28.5,6.3,8.0,11.6,3.2,4.2,24.3,13.3,12.9,11.2,,7.4,7.2,34.5,2023,0,Low
17025,9.5,25.3,20.1,33.3,57.0,7.3,11.0,,6.3,74.9,82.5,52.8,8.3,,,18.3,57.9,25.1,10.9,21.3,32.4,,25.8,70.3,20.1,41.5,14.5,36.7,3.4,16.8,IL,Clay,12999,17025,Clay County,Illinois,0.5813,0.5196,0.8673,0.0407,0.5956,13248.0,2025,2022,16.7,32.3,7.0,9.8,14.0,4.1,5.3,25.6,17.7,18.3,13.7,,9.3,9.2,35.6,2023,2,Moderate
17027,7.9,23.1,21.3,30.8,56.2,7.4,10.4,,5.2,75.8,84.8,58.9,6.2,,,14.1,63.4,22.6,9.3,16.7,31.3,,21.0,76.3,17.8,40.0,12.1,36.5,2.8,12.4,IL,Clinton,36785,17027,Clinton County,Illinois,0.1168,0.0754,0.0951,0.2444,0.4664,36998.0,2025,2022,13.8,27.5,6.0,7.5,11.1,3.0,3.9,24.8,12.8,11.9,11.2,,7.2,7.1,33.8,2023,0,Low
17029,8.5,25.4,19.5,32.2,57.6,7.4,10.9,,5.9,75.8,83.8,56.2,7.5,,,16.2,59.3,24.6,10.4,19.5,31.3,,24.0,68.3,19.2,39.4,13.5,38.3,3.2,15.6,IL,Coles,46060,17029,Coles County,Illinois,0.5574,0.6892,0.0566,0.2984,0.8941,47076.0,2025,2022,15.4,31.1,6.6,9.1,13.3,3.8,4.9,24.5,16.1,16.8,13.1,,8.7,8.9,34.6,2023,2,Moderate
17031,12.0,19.8,19.0,28.9,56.3,5.7,9.8,,4.7,76.5,87.1,52.7,5.2,,,11.2,62.7,19.0,10.7,18.7,31.0,,22.8,73.8,15.4,31.0,11.2,36.0,2.9,8.8,IL,Cook,5087072,17031,Cook County,Illinois,0.7964,0.7754,0.3926,0.9138,0.8298,5225367.0,2025,2022,12.7,26.1,5.0,7.5,11.5,3.5,5.0,27.2,19.6,16.3,16.4,,9.4,9.3,34.8,2023,2,Moderate
17033,8.7,23.9,20.4,32.8,57.2,7.3,10.5,,5.6,75.5,84.0,57.7,7.0,,,15.7,59.7,23.3,9.9,18.7,32.2,,22.9,70.2,18.5,40.0,13.0,36.8,3.0,13.4,IL,Crawford,18300,17033,Crawford County,Illinois,0.1919,0.1709,0.1635,0.2587,0.4467,18729.0,2025,2022,14.8,29.3,6.4,8.4,12.3,3.5,4.5,25.6,14.8,14.3,12.5,,8.1,8.1,34.3,2023,0,Low
17035,7.5,23.7,20.9,30.9,56.2,7.5,10.5,,5.4,75.4,84.6,55.3,6.5,,,14.8,62.4,24.5,9.2,16.9,31.8,,21.6,70.6,18.6,38.5,12.4,36.3,2.8,11.3,IL,Cumberland,10261,17035,Cumberland County,Illinois,0.015,0.0347,0.1511,0.0191,0.0318,10447.0,2025,2022,14.2,28.0,6.2,7.8,11.3,3.0,4.0,24.5,12.7,12.0,10.9,,7.1,7.0,34.6,2023,0,Low
17037,9.5,23.5,19.7,31.6,57.4,7.1,10.4,,5.5,75.9,85.1,57.0,6.4,,,14.0,63.0,22.9,10.6,18.6,32.0,,23.3,74.7,18.0,37.1,12.6,35.3,3.0,11.7,IL,DeKalb,100288,17037,DeKalb County,Illinois,0.5523,0.5087,0.2329,0.6166,0.7604,100686.0,2025,2022,14.2,28.9,6.2,8.1,12.1,3.5,4.7,25.1,15.9,15.0,13.5,,8.4,8.6,33.2,2023,2,Moderate
17039,8.2,23.7,20.4,31.2,56.2,7.4,10.5,,5.5,75.3,84.2,56.7,6.8,,,15.5,62.0,23.9,9.6,18.0,31.2,,22.5,70.9,18.7,37.9,12.9,37.7,2.9,16.1,IL,De Witt,15365,17039,De Witt County,Illinois,0.0493,0.1941,0.0751,0.0881,0.0538,15535.0,2025,2022,14.6,29.0,6.3,8.2,12.0,3.3,4.3,24.6,13.9,13.4,11.7,,7.6,7.5,34.0,2023,0,Low
17041,9.7,23.8,20.4,31.1,55.9,7.2,10.5,,5.5,74.9,83.9,56.6,6.8,,,15.5,58.9,23.6,9.8,18.8,32.0,,23.6,73.1,18.6,38.8,13.1,36.9,2.9,12.5,IL,Douglas,19629,17041,Douglas County,Illinois,0.4578,0.447,0.4454,0.3322,0.5492,19714.0,2025,2022,15.1,29.6,6.3,8.4,12.3,3.4,4.5,25.7,14.9,13.7,12.4,,7.9,7.5,34.7,2023,2,Moderate
17043,7.6,19.0,17.3,27.1,56.7,6.7,8.9,,4.3,76.5,87.3,60.0,4.3,,,9.5,70.1,17.9,8.5,13.5,31.3,,18.2,75.4,14.2,29.1,9.6,35.4,2.3,8.5,IL,DuPage,921213,17043,DuPage County,Illinois,0.2284,0.1632,0.1667,0.7296,0.3579,930559.0,2025,2022,10.5,21.2,4.8,5.7,9.1,2.4,3.4,24.1,11.2,8.6,9.8,,6.1,5.6,33.5,2023,0,Low
17045,8.6,25.0,20.2,32.6,56.8,7.4,10.8,,5.9,75.1,83.3,55.5,7.6,,,17.0,59.1,24.8,10.2,19.6,31.8,,24.5,69.8,19.5,37.5,13.7,38.7,3.1,14.3,IL,Edgar,16334,17045,Edgar County,Illinois,0.343,0.3067,0.3875,0.0099,0.6402,16852.0,2025,2022,15.7,30.5,6.7,9.1,13.0,3.7,4.8,24.8,15.7,16.1,12.7,,8.4,8.4,34.4,2023,2,Moderate
17047,8.9,25.4,20.0,32.9,57.0,7.4,11.0,,6.2,75.0,83.0,56.1,8.1,,,17.9,62.0,25.5,10.7,20.5,32.1,,25.0,68.8,20.2,40.3,14.3,36.3,3.3,16.1,IL,Edwards,5968,17047,Edwards County,Illinois,0.3058,0.3789,0.8632,0.0299,0.1037,6182.0,2025,2022,16.4,31.8,7.0,9.6,13.7,3.9,5.1,25.2,16.8,17.5,13.4,,9.0,9.0,34.8,2023,2,Moderate
17049,7.6,23.4,21.1,30.4,55.9,7.4,10.3,,5.3,75.3,84.5,54.7,6.4,,,14.3,65.8,23.5,9.2,16.9,30.7,,21.5,71.9,18.1,34.2,12.2,35.5,2.8,12.4,IL,Effingham,34331,17049,Effingham County,Illinois,0.2081,0.0452,0.6032,0.0455,0.6169,34594.0,2025,2022,13.9,27.2,6.1,7.7,11.2,3.1,4.0,23.9,12.7,12.1,10.8,,7.1,6.9,33.5,2023,0,Low
17051,10.1,24.7,19.9,34.0,57.7,7.2,10.5,,6.3,74.9,82.6,53.8,7.9,,,17.8,60.5,23.0,11.0,21.2,32.3,,25.6,69.2,19.2,40.1,14.0,38.3,3.4,17.3,IL,Fayette,21164,17051,Fayette County,Illinois,0.5644,0.4391,0.6207,0.3118,0.7789,21464.0,2025,2022,16.0,31.6,6.9,9.3,13.6,4.0,5.2,26.9,17.9,18.0,14.4,,9.4,9.5,35.2,2023,2,Moderate
17053,8.9,24.5,20.5,31.9,56.5,7.3,10.6,,5.7,75.3,83.8,57.8,7.2,,,16.1,61.3,24.1,10.0,19.0,31.7,,24.1,67.6,19.0,37.8,13.3,39.1,3.1,16.4,IL,Ford,13250,17053,Ford County,Illinois,0.3824,0.3449,0.5667,0.2536,0.4263,13484.0,2025,2022,15.3,30.0,6.5,8.7,12.6,3.5,4.6,25.4,15.4,15.1,12.6,,8.2,8.2,34.4,2023,2,Moderate
17055,9.2,25.9,19.8,32.7,57.2,7.4,11.0,,6.3,75.6,82.7,54.3,8.3,,,18.1,55.9,25.1,10.9,21.2,31.7,,25.8,63.3,20.2,41.4,14.6,39.6,3.4,16.5,IL,Franklin,37138,17055,Franklin County,Illinois,0.4871,0.6704,0.4948,0.0579,0.4025,37810.0,2025,2022,16.5,32.5,7.1,9.9,14.3,4.1,5.3,25.4,17.4,18.5,13.7,,9.3,9.3,34.7,2023,2,Moderate
17057,9.3,24.6,20.3,33.5,57.0,7.3,10.6,,6.0,75.2,83.2,53.6,7.5,,,17.2,58.0,24.3,10.4,19.8,32.0,,24.2,66.8,19.3,39.8,13.6,37.9,3.2,16.9,IL,Fulton,32541,17057,Fulton County,Illinois,0.2106,0.4343,0.0754,0.2109,0.2399,33691.0,2025,2022,15.6,30.9,6.7,8.9,13.0,3.7,4.8,25.6,16.5,16.2,13.4,,8.7,8.8,34.7,2023,2,Moderate
17059,9.4,25.3,20.2,32.7,56.7,7.4,11.0,,6.2,74.7,82.5,53.8,8.2,,,18.2,55.7,25.3,10.5,21.0,31.9,,25.4,69.9,20.2,40.9,14.4,37.9,3.3,16.2,IL,Gallatin,4670,17059,Gallatin County,Illinois,0.4521,0.4572,0.8078,0.0932,0.3408,4967.0,2025,2022,16.7,32.0,6.9,9.8,13.8,4.0,5.1,25.7,17.2,17.7,13.6,,9.1,8.9,35.2,2023,2,Moderate
17061,8.7,24.9,20.2,32.3,56.5,7.4,10.8,,5.9,74.7,82.9,54.1,7.7,,,17.5,58.2,24.8,10.2,19.8,32.0,,24.8,71.1,19.8,39.9,13.8,37.2,3.2,15.6,IL,Greene,11543,17061,Greene County,Illinois,0.1044,0.2043,0.3996,0.0099,0.0592,12015.0,2025,2022,16.0,31.1,6.8,9.2,13.1,3.7,4.8,25.5,15.9,16.3,12.8,,8.4,8.4,34.7,2023,2,Moderate
17063,8.6,22.3,21.6,29.6,55.9,7.2,10.1,,5.0,75.8,85.4,59.6,5.7,,,13.2,67.2,22.5,9.1,16.4,31.3,,21.7,74.7,17.5,36.1,11.8,34.6,2.6,10.0,IL,Grundy,53578,17063,Grundy County,Illinois,0.0773,0.0865,0.2043,0.4518,0.0891,52624.0,2025,2022,13.3,26.6,5.8,7.2,10.6,2.9,3.9,24.6,12.8,11.0,11.5,,7.0,6.9,33.4,2023,0,Low
17065,8.8,25.3,20.0,33.0,57.0,7.4,10.9,,6.2,75.2,83.0,53.2,8.0,,,17.6,59.5,25.1,10.7,20.5,32.3,,24.8,71.2,19.9,40.1,14.2,37.5,3.3,15.3,IL,Hamilton,7911,17065,Hamilton County,Illinois,0.3029,0.4213,0.6507,0.0474,0.1794,8008.0,2025,2022,16.2,31.7,7.0,9.5,13.6,3.9,5.1,24.9,16.6,17.3,13.2,,8.9,8.9,34.5,2023,2,Moderate
17067,7.9,24.0,20.7,31.5,56.3,7.4,10.5,,5.6,75.4,84.3,58.0,6.8,,,15.3,63.6,24.0,9.7,17.8,32.1,,22.9,69.4,18.6,38.9,12.8,35.6,2.9,10.1,IL,Hancock,17186,17067,Hancock County,Illinois,0.0885,0.1285,0.5577,0.0474,0.0484,17582.0,2025,2022,14.5,28.7,6.4,8.2,11.9,3.3,4.3,24.0,13.7,13.5,11.5,,7.6,7.6,33.9,2023,0,Low
17069,9.2,24.6,20.1,32.9,56.8,7.3,10.9,,6.1,74.9,83.0,54.3,7.8,,,17.7,56.5,24.7,10.5,20.3,32.2,,24.8,68.3,19.9,39.6,14.0,38.5,3.2,18.1,IL,Hardin,3569,17069,Hardin County,Illinois,0.2383,0.1696,0.5301,0.0073,0.4588,3665.0,2025,2022,16.2,31.6,6.9,9.3,13.2,3.8,4.9,26.0,16.5,16.5,13.4,,8.8,8.7,35.5,2023,2,Moderate
17071,8.3,23.9,21.0,31.8,56.5,7.3,10.5,,5.6,75.2,83.8,56.1,7.0,,,15.9,61.4,23.9,9.8,18.4,32.2,,22.9,69.8,18.9,38.7,13.0,36.8,3.0,13.5,IL,Henderson,6088,17071,Henderson County,Illinois,0.0391,0.1543,0.1438,0.0821,0.0204,6374.0,2025,2022,15.0,29.0,6.4,8.4,12.1,3.3,4.4,25.1,14.3,14.1,11.8,,7.8,7.6,34.7,2023,0,Low
17073,8.4,23.2,21.3,30.0,56.1,7.4,10.3,,5.2,75.0,84.9,60.6,6.2,,,14.1,64.3,23.3,9.2,16.9,31.1,,21.9,72.2,18.0,36.8,12.2,35.9,2.8,10.7,IL,Henry,48448,17073,Henry County,Illinois,0.126,0.0916,0.447,0.3388,0.1339,49157.0,2025,2022,13.9,27.7,6.0,7.6,11.2,3.0,4.0,24.6,12.9,11.8,11.3,,7.2,7.0,34.0,2023,0,Low
17075,10.3,24.4,19.8,32.8,56.8,7.2,10.7,,5.9,74.7,83.2,55.9,7.6,,,17.0,60.6,24.5,10.6,20.3,32.4,,25.0,70.8,19.5,40.8,13.9,36.9,3.2,16.9,IL,Iroquois,26136,17075,Iroquois County,Illinois,0.2673,0.4092,0.6456,0.3388,0.0573,27043.0,2025,2022,16.0,31.3,6.7,9.2,13.2,3.8,5.1,26.0,17.2,16.8,14.0,,8.9,8.7,35.9,2023,2,Moderate
17077,8.7,25.4,18.0,34.5,59.5,7.1,10.9,,6.2,77.6,84.2,54.9,7.6,,,16.1,55.1,23.1,11.8,20.9,31.9,,25.2,69.6,18.7,42.8,13.8,39.8,3.4,19.5,IL,Jackson,52141,17077,Jackson County,Illinois,0.8479,0.8225,0.3452,0.6316,0.9863,53176.0,2025,2022,15.2,30.6,6.7,9.5,13.9,4.2,5.6,25.0,18.9,20.1,15.1,,10.1,10.8,34.6,2023,2,Moderate
17079,7.4,23.6,21.4,30.2,55.9,7.5,10.4,,5.3,75.2,84.7,58.2,6.4,,,14.6,66.2,24.2,9.1,16.6,31.6,,21.3,70.5,18.4,38.0,12.3,35.8,2.8,9.3,IL,Jasper,9144,17079,Jasper County,Illinois,0.0875,0.1352,0.3239,0.0115,0.1139,9295.0,2025,2022,14.1,27.6,6.1,7.6,11.1,3.0,3.9,24.3,12.2,11.6,10.7,,7.0,6.8,33.4,2023,0,Low
17081,8.8,24.5,20.3,33.3,57.4,7.2,10.7,,5.9,75.4,83.7,56.6,7.3,,,16.5,58.8,23.7,10.6,19.7,31.9,,23.8,70.5,19.1,39.8,13.4,38.5,3.2,15.5,IL,Jefferson,36320,17081,Jefferson County,Illinois,0.7117,0.503,0.8164,0.4445,0.8406,37043.0,2025,2022,15.3,30.2,6.5,8.9,12.8,3.7,4.8,26.1,16.4,16.3,13.6,,8.8,9.0,35.1,2023,2,Moderate
17083,7.4,23.8,21.0,30.5,56.0,7.4,10.5,,5.3,75.5,84.7,57.0,6.4,,,14.6,61.6,24.2,9.2,16.8,31.1,,21.7,73.1,18.5,39.2,12.4,36.9,2.8,13.7,IL,Jersey,21091,17083,Jersey County,Illinois,0.0318,0.0541,0.1152,0.0407,0.0986,21462.0,2025,2022,14.1,27.5,6.1,7.7,11.2,3.0,3.9,24.2,12.4,11.8,10.8,,7.0,6.9,34.4,2023,0,Low
17085,7.5,23.0,21.3,30.0,55.8,7.4,10.2,,5.2,75.3,85.0,58.1,6.1,,,13.9,65.8,23.2,9.0,16.4,31.1,,21.0,70.2,17.8,36.4,11.9,34.4,2.7,11.4,IL,Jo Daviess,21756,17085,Jo Daviess County,Illinois,0.076,0.092,0.272,0.1276,0.1295,21942.0,2025,2022,13.5,26.6,6.0,7.4,10.7,2.9,3.8,24.1,12.1,11.2,10.5,,6.9,6.7,33.3,2023,0,Low
17087,10.7,24.3,19.9,35.0,58.2,7.0,10.3,,6.3,75.3,82.9,51.6,7.7,,,17.4,58.8,22.0,11.3,21.6,32.1,,25.4,64.4,18.5,41.9,13.8,38.8,3.4,18.3,IL,Johnson,13326,17087,Johnson County,Illinois,0.3834,0.2969,0.3716,0.503,0.5259,13313.0,2025,2022,15.7,32.0,6.9,9.1,13.7,4.1,5.3,28.2,18.5,18.1,15.2,,9.8,10.0,35.4,2023,2,Moderate
17089,12.1,20.7,19.5,27.5,55.2,6.5,9.3,,4.9,74.4,85.7,55.6,5.0,,,11.0,65.2,19.0,10.1,17.3,30.3,,22.5,73.0,15.6,34.9,11.5,35.2,2.6,12.4,IL,Kane,514982,17089,Kane County,Illinois,0.5084,0.4823,0.5033,0.8263,0.3427,517254.0,2025,2022,12.6,25.1,5.6,6.8,10.4,3.0,4.5,25.1,14.8,12.0,13.3,,7.6,7.4,33.0,2023,2,Moderate
17091,10.3,23.7,18.8,34.2,58.4,6.8,10.8,,5.7,76.3,84.4,54.0,6.9,,,15.2,58.9,22.0,11.3,20.3,33.4,,24.2,69.8,18.7,40.2,13.4,41.0,3.2,18.0,IL,Kankakee,105940,17091,Kankakee County,Illinois,0.7241,0.5695,0.7206,0.6656,0.7652,107421.0,2025,2022,15.2,30.5,6.3,8.7,13.3,3.8,5.1,27.2,18.3,17.3,15.2,,9.4,9.7,36.0,2023,2,Moderate
17093,9.1,20.5,20.0,29.1,56.7,6.8,9.5,,4.5,76.5,87.0,61.0,4.6,,,10.7,68.8,19.4,9.1,14.9,30.7,,19.4,75.7,15.5,39.0,10.7,34.2,2.4,8.3,IL,Kendall,139976,17093,Kendall County,Illinois,0.0996,0.0694,0.4537,0.7251,0.0331,132795.0,2025,2022,11.6,23.7,5.2,6.2,9.6,2.6,3.7,24.8,12.0,9.5,11.2,,6.6,6.4,33.3,2023,0,Low
17095,9.8,24.6,19.3,33.2,57.9,7.1,10.7,,6.1,75.9,83.4,55.0,7.6,,,17.0,56.2,23.2,10.9,20.7,31.7,,25.9,65.9,19.2,39.9,14.0,38.6,3.3,11.5,IL,Knox,48411,17095,Knox County,Illinois,0.644,0.6074,0.4397,0.504,0.7731,49751.0,2025,2022,15.8,31.1,6.7,9.3,13.6,4.0,5.3,26.3,18.2,18.3,14.8,,9.5,9.8,34.4,2023,2,Moderate
17097,9.7,19.3,17.0,29.4,55.4,6.6,9.1,,4.6,75.1,87.0,57.1,4.7,,,10.5,63.6,18.5,9.8,15.4,32.7,,19.4,75.1,14.7,32.9,10.4,33.8,2.5,9.8,IL,Lake,708760,17097,Lake County,Illinois,0.475,0.3086,0.3847,0.7941,0.6118,713159.0,2025,2022,11.6,22.9,5.3,6.3,9.8,2.7,4.0,24.2,13.0,10.2,11.6,,6.8,6.6,31.5,2023,0,Low
17099,9.8,23.8,20.8,31.2,56.7,7.2,10.3,,5.6,75.4,84.0,57.3,6.7,,,15.3,60.3,23.4,10.0,18.6,31.5,,23.6,74.7,18.5,37.9,13.1,36.8,3.0,12.0,IL,LaSalle,108309,17099,LaSalle County,Illinois,0.3894,0.301,0.5142,0.4588,0.4556,109495.0,2025,2022,14.7,29.1,6.3,8.3,12.2,3.4,4.6,25.8,15.7,14.4,13.1,,8.1,8.1,35.3,2023,2,Moderate
17101,10.9,24.6,19.9,34.8,58.0,7.1,10.5,,6.2,75.0,82.6,53.2,8.0,,,17.9,53.8,22.5,11.2,21.9,32.2,,26.0,63.1,19.2,41.0,14.3,39.6,3.4,21.5,IL,Lawrence,14813,17101,Lawrence County,Illinois,0.5657,0.6039,0.4995,0.434,0.5533,15302.0,2025,2022,16.2,32.4,6.9,9.5,14.0,4.1,5.4,27.9,18.9,18.6,15.3,,9.9,10.0,35.4,2023,2,Moderate
17103,9.6,23.3,20.3,32.2,57.1,7.1,10.2,,5.7,75.5,84.0,53.8,6.8,,,15.6,59.3,22.4,10.2,18.9,31.4,,24.0,71.0,18.2,38.8,13.0,38.9,3.0,14.3,IL,Lee,33654,17103,Lee County,Illinois,0.3777,0.2501,0.3745,0.4222,0.6332,34221.0,2025,2022,14.7,29.4,6.4,8.2,12.2,3.5,4.6,25.7,15.6,14.5,13.3,,8.3,8.3,34.2,2023,2,Moderate
17105,9.3,23.6,20.3,31.5,56.9,7.2,10.6,,5.6,75.1,83.8,57.5,6.9,,,15.7,59.6,23.1,9.9,18.8,31.7,,23.9,67.8,18.7,36.0,13.1,37.5,3.0,13.6,IL,Livingston,35320,17105,Livingston County,Illinois,0.328,0.1842,0.5301,0.3248,0.5606,35771.0,2025,2022,14.9,29.3,6.4,8.4,12.3,3.4,4.5,25.8,15.4,14.8,13.0,,8.2,8.1,35.3,2023,2,Moderate
17107,8.8,23.6,20.3,31.8,57.3,7.2,10.5,,5.5,75.7,84.2,57.4,6.8,,,15.7,59.6,23.0,9.9,18.6,31.4,,23.3,72.7,18.6,38.9,12.8,37.7,3.0,16.3,IL,Logan,27590,17107,Logan County,Illinois,0.2921,0.1912,0.1409,0.3847,0.7238,28027.0,2025,2022,14.7,29.0,6.2,8.3,12.1,3.4,4.5,26.2,15.4,14.9,13.1,,8.3,8.4,34.9,2023,2,Moderate
17109,8.4,24.7,19.5,33.5,57.7,7.4,10.7,,6.0,76.0,84.0,52.5,7.5,,,16.1,57.1,24.3,10.8,19.7,32.6,,23.6,71.2,18.9,39.2,13.6,37.9,3.2,11.1,IL,McDonough,26839,17109,McDonough County,Illinois,0.539,0.6672,0.0646,0.3847,0.8123,27370.0,2025,2022,15.2,30.5,6.7,9.0,13.1,3.8,5.0,24.2,16.4,17.1,13.3,,8.9,9.2,34.0,2023,2,Moderate
17111,8.4,22.4,20.5,29.7,55.0,7.2,9.6,,4.7,75.2,86.2,58.0,5.0,,,11.4,64.9,22.3,8.8,15.4,30.7,,20.1,75.5,16.3,31.7,10.9,31.0,2.4,13.4,IL,McHenry,312800,17111,McHenry County,Illinois,0.0923,0.1403,0.2431,0.5472,0.041,311133.0,2025,2022,12.3,25.1,5.5,6.5,9.7,2.6,3.6,23.4,11.6,9.4,10.4,,6.4,6.0,33.1,2023,0,Low
17113,7.1,22.6,18.9,31.2,57.6,7.2,10.2,,5.0,77.0,86.1,58.4,5.5,,,12.2,62.6,22.2,9.5,15.8,32.7,,19.9,74.3,16.5,36.0,11.3,35.0,2.7,12.4,IL,McLean,170441,17113,McLean County,Illinois,0.1903,0.1168,0.0573,0.552,0.6029,171284.0,2025,2022,12.5,25.6,5.6,7.0,10.5,2.9,3.9,23.7,12.5,11.6,10.9,,6.9,7.1,32.7,2023,0,Low
17115,8.4,24.3,18.5,33.7,58.5,7.0,11.0,,5.6,76.5,84.5,56.9,7.0,,,15.7,58.3,22.9,10.8,19.7,32.3,,24.4,70.5,19.0,42.6,13.3,39.9,3.2,14.7,IL,Macon,100591,17115,Macon County,Illinois,0.5396,0.3971,0.511,0.6102,0.6755,103542.0,2025,2022,15.1,30.0,6.1,9.0,13.1,3.7,4.9,26.9,17.8,18.0,14.8,,9.3,9.9,35.7,2023,2,Moderate
17117,8.3,24.2,20.2,31.7,56.2,7.4,10.7,,5.7,75.2,83.7,54.6,7.2,,,16.3,59.8,24.5,9.9,18.7,31.6,,23.1,69.9,19.3,36.8,13.3,37.0,3.0,14.3,IL,Macoupin,44018,17117,Macoupin County,Illinois,0.1161,0.2386,0.2561,0.0525,0.1009,44907.0,2025,2022,15.3,29.9,6.5,8.7,12.5,3.5,4.5,24.9,14.7,14.7,12.1,,8.0,7.9,34.1,2023,0,Low
17119,7.6,24.0,20.0,31.5,56.8,7.3,10.6,,5.2,76.2,85.2,56.6,6.2,,,13.6,64.5,23.1,9.5,17.3,31.2,,21.1,73.6,18.3,38.8,12.6,36.5,2.8,8.5,IL,Madison,262752,17119,Madison County,Illinois,0.2561,0.2663,0.3175,0.4658,0.2625,265512.0,2025,2022,13.6,28.8,5.9,7.8,11.7,3.2,4.2,25.6,14.2,13.2,12.6,,7.6,7.8,34.5,2023,0,Low
17121,8.8,25.1,20.1,32.8,57.4,7.3,11.0,,6.0,75.5,83.2,55.6,7.8,,,17.5,57.0,24.8,10.6,20.5,31.5,,25.3,68.3,19.8,39.5,14.0,38.5,3.3,18.6,IL,Marion,36673,17121,Marion County,Illinois,0.6036,0.567,0.721,0.2816,0.6204,37543.0,2025,2022,16.2,31.5,6.7,9.4,13.4,3.9,5.0,25.2,16.7,17.3,13.5,,9.0,9.0,34.9,2023,2,Moderate
17123,8.7,24.0,21.1,31.3,56.4,7.4,10.6,,5.6,75.2,84.1,55.5,6.9,,,15.7,59.0,24.3,9.7,18.3,31.9,,22.9,67.3,18.9,38.6,13.0,37.7,2.9,11.5,IL,Marshall,11683,17123,Marshall County,Illinois,0.0894,0.1467,0.2536,0.1572,0.0993,11740.0,2025,2022,14.9,29.4,6.4,8.3,12.0,3.3,4.3,25.2,14.2,13.5,11.9,,7.7,7.5,34.8,2023,0,Low
17125,8.3,24.4,20.3,31.7,56.5,7.4,10.7,,5.8,75.2,83.6,56.5,7.3,,,16.5,63.3,24.4,10.0,18.9,31.7,,23.5,69.8,19.4,37.2,13.4,35.0,3.1,13.8,IL,Mason,12523,17125,Mason County,Illinois,0.1254,0.2568,0.1823,0.021,0.1409,13074.0,2025,2022,15.4,29.9,6.6,8.7,12.5,3.5,4.5,24.9,14.9,14.8,12.2,,8.1,8.0,34.2,2023,0,Low
17127,9.0,25.0,19.6,32.7,57.1,7.2,11.1,,5.9,75.2,83.4,52.3,7.7,,,17.2,59.7,24.6,10.8,20.3,31.9,,24.7,70.0,19.9,40.8,13.9,37.5,3.3,19.6,IL,Massac,13661,17127,Massac County,Illinois,0.5625,0.5476,0.6389,0.3977,0.5444,14135.0,2025,2022,16.1,31.5,6.6,9.4,13.5,3.9,5.0,25.7,17.2,17.4,13.9,,9.1,9.2,35.6,2023,2,Moderate
17129,7.2,23.6,20.8,30.4,56.1,7.5,10.5,,5.2,75.6,84.9,55.3,6.3,,,14.2,62.6,24.0,9.0,16.5,31.5,,20.9,71.9,18.2,37.4,12.2,36.6,2.7,9.6,IL,Menard,11954,17129,Menard County,Illinois,0.0283,0.0522,0.3834,0.0474,0.0162,12284.0,2025,2022,13.9,27.2,6.0,7.6,11.0,3.0,3.9,23.8,12.3,11.8,10.7,,7.0,6.9,33.7,2023,0,Low
17131,8.4,24.0,21.1,31.0,56.0,7.4,10.5,,5.5,75.2,84.0,56.1,6.8,,,15.7,62.8,24.0,9.6,18.0,31.2,,22.6,70.2,18.8,38.5,12.9,36.0,2.9,14.7,IL,Mercer,15487,17131,Mercer County,Illinois,0.064,0.1419,0.2762,0.0932,0.048,15692.0,2025,2022,14.8,29.3,6.3,8.2,11.9,3.2,4.3,25.2,13.9,13.3,11.8,,7.6,7.5,35.1,2023,0,Low
17133,6.0,21.8,21.9,28.2,55.1,7.6,10.0,,4.5,76.2,86.7,62.3,5.0,,,11.3,70.4,22.6,7.8,13.4,31.2,,17.2,68.7,16.5,34.9,10.6,34.7,2.3,7.3,IL,Monroe,34957,17133,Monroe County,Illinois,0.001,0.0016,0.0465,0.0299,0.0083,34905.0,2025,2022,11.8,23.5,5.3,6.1,9.1,2.3,3.0,22.3,8.9,7.8,8.5,,5.4,5.2,32.4,2023,0,Low
17135,9.1,23.9,20.9,32.0,57.1,7.3,10.4,,5.8,75.0,83.2,54.9,7.3,,,16.6,58.2,23.5,10.1,19.4,31.3,,23.9,65.9,19.0,39.2,13.4,36.1,3.1,14.6,IL,Montgomery,27663,17135,Montgomery County,Illinois,0.3191,0.343,0.1492,0.1861,0.6382,28352.0,2025,2022,15.2,30.3,6.6,8.6,12.6,3.5,4.6,26.0,15.5,15.3,12.8,,8.3,8.3,34.8,2023,2,Moderate
17137,9.0,24.3,20.1,33.0,57.6,7.2,10.6,,5.8,75.7,83.7,56.2,7.3,,,16.3,59.4,23.6,10.3,19.4,31.7,,23.5,68.0,18.9,40.3,13.3,38.5,3.1,9.3,IL,Morgan,32140,17137,Morgan County,Illinois,0.4935,0.5052,0.3156,0.3563,0.6421,32882.0,2025,2022,15.3,29.9,6.5,8.8,12.8,3.6,4.8,25.6,16.3,16.2,13.4,,8.7,8.7,34.5,2023,2,Moderate
17139,8.8,24.3,20.7,31.2,55.8,7.4,10.8,,5.5,74.6,83.6,54.5,7.2,,,16.4,61.3,25.0,9.5,18.9,31.5,,23.2,67.6,19.4,38.4,13.3,36.2,3.0,13.9,IL,Moultrie,14342,17139,Moultrie County,Illinois,0.4827,0.3926,0.4298,0.0229,0.8476,14531.0,2025,2022,15.5,29.7,6.3,8.6,12.3,3.4,4.4,25.8,14.8,13.9,12.1,,7.9,7.5,35.2,2023,2,Moderate
17141,9.4,23.1,20.9,31.2,56.2,7.3,10.2,,5.3,75.4,84.6,55.4,6.3,,,14.2,58.7,23.0,9.7,17.8,31.4,,22.5,70.9,18.0,40.9,12.5,37.0,2.8,8.7,IL,Ogle,51265,17141,Ogle County,Illinois,0.3131,0.2539,0.5982,0.4378,0.28,51672.0,2025,2022,14.3,28.1,6.1,7.8,11.6,3.2,4.3,24.7,14.0,12.9,12.1,,7.6,7.4,33.5,2023,2,Moderate
17143,8.1,23.3,18.2,33.3,58.9,6.9,10.6,,5.5,76.6,85.2,56.9,6.5,,,14.3,59.7,22.8,10.9,18.7,32.8,,22.6,70.6,17.9,35.1,12.5,38.3,3.1,11.4,IL,Peoria,177513,17143,Peoria County,Illinois,0.6656,0.5444,0.6446,0.6923,0.7041,181186.0,2025,2022,14.0,28.5,5.9,8.3,12.2,3.6,4.8,25.3,16.6,16.3,13.8,,8.9,9.3,35.3,2023,2,Moderate
17145,10.6,25.0,19.9,34.2,57.7,7.1,10.6,,6.3,75.2,82.6,54.8,8.0,,,18.1,53.8,23.1,11.2,21.7,31.9,,25.9,70.0,19.4,41.1,14.3,40.0,3.4,13.2,IL,Perry,20503,17145,Perry County,Illinois,0.6001,0.4677,0.545,0.4057,0.8263,20996.0,2025,2022,16.3,32.2,6.9,9.6,14.0,4.1,5.4,27.7,18.7,18.6,15.1,,9.9,9.9,35.8,2023,2,Moderate
17147,6.6,22.4,21.7,29.2,55.7,7.5,10.1,,4.9,75.7,85.7,59.3,5.5,,,12.7,67.5,23.1,8.4,14.8,31.2,,19.2,72.6,17.3,34.9,11.2,34.8,2.5,5.3,IL,Piatt,16714,17147,Piatt County,Illinois,0.0045,0.0745,0.042,0.0299,0.0086,16698.0,2025,2022,12.7,25.3,5.7,6.8,9.9,2.6,3.4,23.1,10.5,9.6,9.5,,6.1,6.0,33.2,2023,0,Low
17149,9.0,25.1,19.9,32.9,56.8,7.4,10.7,,6.0,75.2,82.9,55.9,7.8,,,17.4,59.2,24.8,10.4,20.1,32.0,,25.1,69.5,19.6,40.7,13.9,36.9,3.2,16.6,IL,Pike,14342,17149,Pike County,Illinois,0.2771,0.2988,0.8091,0.0337,0.1581,14776.0,2025,2022,15.9,31.1,6.8,9.3,13.3,3.8,4.9,25.0,16.4,17.0,13.1,,8.7,8.7,34.8,2023,2,Moderate
17151,8.2,24.2,20.5,31.5,56.6,7.4,10.7,,5.6,75.4,84.1,55.5,6.9,,,15.8,59.5,24.1,9.8,18.4,31.4,,22.9,67.2,19.2,39.6,13.1,37.5,3.0,18.0,IL,Pope,3707,17151,Pope County,Illinois,0.3277,0.391,0.2657,0.3086,0.4114,3799.0,2025,2022,15.0,29.5,6.4,8.4,12.1,3.3,4.4,25.6,14.5,13.9,12.2,,8.0,7.8,34.9,2023,2,Moderate
17153,11.7,26.7,17.2,38.7,60.8,6.3,11.7,,7.0,76.8,82.1,52.2,9.3,,,20.7,51.4,23.3,14.5,26.7,32.2,,30.9,66.5,20.9,45.7,16.0,42.7,4.4,20.0,IL,Pulaski,4911,17153,Pulaski County,Illinois,0.6357,0.5256,0.7111,0.749,0.5428,5177.0,2025,2022,18.4,36.5,7.1,12.0,17.5,5.7,7.5,29.8,27.3,30.2,21.1,,13.8,15.2,37.2,2023,1,Critical
17155,8.0,22.7,21.2,29.6,55.5,7.4,10.1,,5.1,75.3,85.1,57.4,5.9,,,13.6,64.1,23.0,8.9,16.2,31.4,,20.7,72.3,17.7,36.1,11.9,35.4,2.7,7.0,IL,Putnam,5561,17155,Putnam County,Illinois,0.0048,0.014,0.2269,0.2536,0.0032,5628.0,2025,2022,13.5,26.7,6.0,7.3,10.6,2.9,3.8,24.5,12.1,10.8,10.7,,6.8,6.6,33.8,2023,0,Low
17157,9.7,24.2,20.3,33.7,57.4,7.1,10.5,,5.8,75.2,83.3,55.5,7.3,,,16.8,58.9,22.9,10.5,20.1,31.7,,24.6,70.9,19.1,39.1,13.6,38.5,3.2,18.9,IL,Randolph,29815,17157,Randolph County,Illinois,0.4897,0.3077,0.6322,0.3939,0.6869,30413.0,2025,2022,15.5,30.7,6.5,8.8,12.9,3.7,4.8,27.3,16.9,16.3,14.1,,8.9,9.0,35.8,2023,2,Moderate
17159,8.1,24.6,20.9,31.4,56.5,7.4,10.7,,5.7,75.3,83.9,51.6,7.2,,,16.0,62.2,24.5,9.9,18.6,31.8,,23.0,72.0,19.2,39.5,13.2,37.2,3.0,11.5,IL,Richland,15488,17159,Richland County,Illinois,0.413,0.189,0.8995,0.0881,0.5577,15716.0,2025,2022,15.1,29.9,6.5,8.6,12.4,3.5,4.5,24.7,14.6,14.4,12.1,,8.0,7.9,34.4,2023,2,Moderate
17161,10.4,23.9,20.1,31.5,58.1,6.8,10.6,,5.7,75.7,84.6,56.2,6.7,,,15.1,62.6,21.3,10.8,19.7,31.4,,23.8,71.2,18.3,40.1,13.1,36.8,3.1,15.7,IL,Rock Island,141236,17161,Rock Island County,Illinois,0.7556,0.5816,0.8482,0.6701,0.7385,143819.0,2025,2022,14.6,29.1,6.3,8.6,12.7,3.7,5.1,25.7,17.6,16.8,14.6,,9.2,9.4,34.6,2023,2,Moderate
17163,8.2,24.5,18.7,35.1,60.3,6.6,11.1,,5.4,78.3,85.8,58.7,6.2,,,14.3,61.7,21.6,11.2,18.8,31.6,,24.0,75.7,18.0,38.6,12.4,38.8,3.2,12.2,IL,St. Clair,251018,17163,St. Clair County,Illinois,0.532,0.4438,0.5902,0.7821,0.4505,256791.0,2025,2022,13.9,28.6,5.6,8.4,12.6,3.6,4.8,27.3,17.3,17.2,15.0,,9.2,10.1,34.8,2023,2,Moderate
17165,8.8,25.1,20.2,32.9,57.3,7.4,11.0,,6.0,75.5,83.3,55.5,7.8,,,17.1,56.5,24.8,10.6,20.3,32.0,,24.4,65.4,19.7,40.1,14.0,39.3,3.3,15.1,IL,Saline,22873,17165,Saline County,Illinois,0.6557,0.5934,0.7372,0.2109,0.7506,23662.0,2025,2022,16.0,31.1,6.8,9.4,13.4,3.9,5.0,25.0,16.6,17.1,13.4,,8.9,9.0,34.6,2023,2,Moderate
17167,7.4,23.6,19.4,32.2,58.0,7.2,10.6,,5.2,77.2,85.6,58.9,6.1,,,13.5,62.1,22.0,9.8,17.1,30.6,,21.0,72.4,17.7,39.6,12.1,36.9,2.9,12.5,IL,Sangamon,193491,17167,Sangamon County,Illinois,0.4041,0.2437,0.4531,0.546,0.5978,196122.0,2025,2022,13.5,27.3,5.8,7.8,11.4,3.2,4.2,24.6,14.1,13.8,12.3,,7.8,8.1,34.3,2023,2,Moderate
17169,9.3,24.7,20.5,34.1,57.8,7.3,10.5,,6.2,75.4,83.1,53.1,7.7,,,17.6,58.6,23.6,11.0,20.6,32.2,,25.0,63.9,19.2,40.2,13.8,37.5,3.3,11.8,IL,Schuyler,6733,17169,Schuyler County,Illinois,0.4957,0.4674,0.7719,0.2323,0.4238,6879.0,2025,2022,15.7,31.2,6.9,9.1,13.3,3.9,5.1,25.9,16.9,17.2,13.7,,9.0,9.3,34.4,2023,2,Moderate
17171,7.9,24.0,20.5,30.7,56.2,7.4,10.6,,5.4,75.4,84.0,57.1,6.8,,,15.4,66.2,24.3,9.4,17.7,31.5,,22.3,68.6,18.8,38.3,12.7,35.2,2.9,10.1,IL,Scott,4710,17171,Scott County,Illinois,0.0512,0.0652,0.4976,0.0264,0.0455,4899.0,2025,2022,14.6,28.7,6.3,8.2,11.8,3.2,4.2,24.6,13.8,13.4,11.6,,7.5,7.4,34.4,2023,0,Low
17173,7.8,24.2,20.8,31.1,56.3,7.4,10.6,,5.6,75.2,84.1,54.3,6.9,,,15.8,57.8,24.3,9.6,17.8,31.6,,22.6,72.9,19.0,37.6,12.9,36.9,2.9,11.4,IL,Shelby,20568,17173,Shelby County,Illinois,0.1069,0.0935,0.259,0.0099,0.2953,21042.0,2025,2022,14.8,29.2,6.4,8.3,12.0,3.3,4.2,24.9,13.8,13.6,11.5,,7.6,7.5,34.6,2023,0,Low
17175,8.3,23.9,20.7,31.5,56.3,7.4,10.5,,5.6,75.1,84.0,59.7,6.9,,,15.7,61.0,24.0,9.7,18.1,31.6,,22.9,70.2,18.9,38.3,13.0,37.7,2.9,10.5,IL,Stark,5218,17175,Stark County,Illinois,0.0579,0.2059,0.2351,0.1457,0.014,5395.0,2025,2022,14.8,29.3,6.4,8.3,12.0,3.3,4.3,25.1,14.1,13.7,11.9,,7.7,7.6,34.2,2023,0,Low
17177,8.8,24.3,19.8,32.4,57.7,7.2,10.9,,5.6,76.2,84.6,54.5,7.0,,,15.8,58.7,24.3,10.4,19.2,31.5,,24.6,73.9,19.2,41.0,13.2,37.5,3.1,13.9,IL,Stephenson,43105,17177,Stephenson County,Illinois,0.5218,0.4668,0.6621,0.5119,0.4537,44482.0,2025,2022,15.0,29.9,6.3,8.7,12.7,3.6,4.7,26.0,16.5,16.2,13.8,,8.8,9.1,35.9,2023,2,Moderate
17179,7.2,23.3,20.2,30.3,56.1,7.5,10.4,,5.1,76.0,85.1,57.0,6.1,,,13.8,64.8,24.2,9.1,16.4,31.1,,21.0,71.9,17.7,36.2,11.9,36.9,2.7,15.5,IL,Tazewell,129541,17179,Tazewell County,Illinois,0.1085,0.1075,0.1311,0.1572,0.3204,131276.0,2025,2022,13.5,27.2,5.9,7.5,10.9,2.9,3.8,23.9,12.3,11.4,10.7,,6.9,6.8,33.7,2023,0,Low
17181,9.9,24.9,19.6,33.0,57.2,7.2,10.8,,6.2,75.2,82.9,53.2,8.0,,,17.6,60.0,24.4,10.9,21.2,32.0,,26.0,71.5,19.5,39.8,14.2,37.0,3.3,20.4,IL,Union,16667,17181,Union County,Illinois,0.602,0.6631,0.4378,0.265,0.7063,17122.0,2025,2022,16.3,31.9,7.0,9.5,13.8,4.0,5.3,25.8,17.9,18.2,14.1,,9.3,9.3,35.1,2023,2,Moderate
17183,10.2,25.2,18.9,36.7,58.0,6.9,11.0,,6.2,76.9,83.3,54.4,8.0,,,17.8,55.3,24.0,11.7,22.0,33.1,,27.5,69.9,19.8,44.1,14.5,38.4,3.5,17.4,IL,Vermilion,71652,17183,Vermilion County,Illinois,0.6806,0.5116,0.8231,0.5679,0.6904,74113.0,2025,2022,16.5,32.4,6.7,9.9,14.4,4.2,5.6,27.3,20.1,20.7,16.1,,10.3,10.7,35.1,2023,3,High
17185,8.3,24.6,20.6,32.2,57.1,7.4,10.7,,5.9,75.3,83.5,56.1,7.5,,,16.6,59.1,24.4,10.4,19.4,31.7,,23.9,70.8,19.3,40.2,13.6,37.6,3.2,18.9,IL,Wabash,10942,17185,Wabash County,Illinois,0.4209,0.2294,0.7712,0.1928,0.6045,11321.0,2025,2022,15.4,30.4,6.7,9.0,12.9,3.7,4.8,24.6,15.5,15.9,12.6,,8.5,8.5,34.3,2023,2,Moderate
17187,10.1,23.8,19.8,31.6,56.5,7.1,10.4,,5.6,75.1,84.0,53.8,6.8,,,15.4,58.7,23.3,10.3,19.4,31.6,,24.0,73.9,18.6,37.9,13.2,37.2,3.0,11.8,IL,Warren,16185,17187,Warren County,Illinois,0.5441,0.4661,0.7143,0.4973,0.4948,16760.0,2025,2022,15.0,30.0,6.4,8.5,12.5,3.5,4.7,26.1,15.9,14.8,13.2,,8.4,8.1,35.4,2023,2,Moderate
17189,7.2,23.5,21.3,30.0,55.9,7.5,10.3,,5.2,75.5,84.9,61.1,6.2,,,14.2,62.2,23.7,9.0,16.3,31.3,,20.6,73.4,18.2,36.7,12.1,36.0,2.7,11.4,IL,Washington,13536,17189,Washington County,Illinois,0.0347,0.0885,0.1168,0.0379,0.0585,13781.0,2025,2022,13.8,27.0,6.0,7.5,10.9,2.9,3.8,24.1,12.2,11.5,10.7,,6.9,6.8,33.6,2023,0,Low
17191,9.0,25.2,20.1,32.8,56.6,7.4,10.9,,6.1,75.1,83.0,56.8,7.9,,,17.6,61.2,25.0,10.5,20.3,32.2,,25.3,68.3,20.0,40.0,14.2,37.3,3.2,24.7,IL,Wayne,15761,17191,Wayne County,Illinois,0.4843,0.4811,0.6468,0.0229,0.5772,16127.0,2025,2022,16.1,31.4,6.9,9.4,13.4,3.8,4.9,25.5,16.3,16.5,13.1,,8.7,8.6,34.5,2023,2,Moderate
17193,9.5,25.7,19.7,33.4,57.2,7.4,11.2,,6.4,75.2,82.3,54.9,8.6,,,18.8,55.1,25.5,11.1,21.8,31.9,,26.3,70.1,20.4,39.3,14.8,37.7,3.4,18.5,IL,White,13401,17193,White County,Illinois,0.3999,0.4209,0.6577,0.0191,0.4193,13834.0,2025,2022,17.0,32.6,7.2,10.2,14.4,4.2,5.4,25.4,18.0,18.9,14.0,,9.5,9.4,34.9,2023,2,Moderate
17195,10.1,23.7,20.3,30.8,56.7,7.1,10.3,,5.5,75.0,84.1,57.7,6.6,,,15.1,62.1,22.9,10.2,19.0,32.1,,23.7,70.4,18.3,36.4,13.0,35.8,2.9,15.4,IL,Whiteside,54498,17195,Whiteside County,Illinois,0.3236,0.2669,0.7652,0.4814,0.1661,55569.0,2025,2022,14.8,29.0,6.3,8.2,12.1,3.4,4.6,25.2,15.3,14.3,13.0,,8.1,7.9,33.4,2023,2,Moderate
17197,9.5,21.4,19.9,29.5,58.3,6.4,9.7,,4.7,76.1,86.5,56.8,5.0,,,11.5,66.6,19.2,9.5,17.1,30.3,,23.5,68.3,16.3,37.7,11.1,38.0,2.6,7.8,IL,Will,700728,17197,Will County,Illinois,0.244,0.2062,0.3904,0.7706,0.1559,696774.0,2025,2022,12.3,24.8,5.2,6.7,10.5,2.8,4.0,25.9,13.5,11.4,12.3,,7.3,7.2,34.5,2023,0,Low
17199,7.9,24.3,20.4,32.0,57.1,7.4,10.6,,5.6,75.6,84.7,57.4,6.8,,,14.9,59.2,24.0,10.0,18.2,31.1,,22.8,70.2,18.4,39.9,12.8,38.5,3.0,7.5,IL,Williamson,66706,17199,Williamson County,Illinois,0.3948,0.3038,0.6192,0.3388,0.4553,67120.0,2025,2022,14.5,29.3,6.3,8.2,12.0,3.3,4.4,24.9,14.5,14.2,12.1,,7.9,7.9,34.2,2023,2,Moderate
17201,11.2,24.9,18.1,33.9,59.1,6.8,10.7,,5.8,76.7,84.3,55.2,7.0,,,15.9,55.4,23.4,11.7,21.2,32.8,,25.9,70.4,18.8,42.2,14.0,37.7,3.3,15.3,IL,Winnebago,280922,17201,Winnebago County,Illinois,0.7728,0.7502,0.8591,0.7127,0.5227,284591.0,2025,2022,15.3,31.4,6.4,9.2,13.8,4.0,5.5,27.5,19.5,18.6,16.0,,10.0,10.1,35.7,2023,3,High
17203,6.5,22.7,21.3,29.6,55.6,7.5,10.2,,4.9,76.0,85.8,58.0,5.6,,,12.6,63.4,23.2,8.6,15.0,31.4,,19.3,74.5,17.2,37.3,11.4,33.8,2.5,11.8,IL,Woodford,38285,17203,Woodford County,Illinois,0.0175,0.0515,0.0795,0.0675,0.057,38414.0,2025,2022,12.8,25.6,5.7,6.9,10.0,2.7,3.5,22.9,10.5,9.7,9.4,,6.2,6.0,33.3,2023,0,Low
18001,10.4,27.4,17.4,35.5,59.7,7.3,11.8,,6.6,77.6,82.1,58.7,9.1,,,20.1,51.8,27.9,12.1,23.1,33.1,,27.1,72.1,20.3,42.1,15.3,38.5,3.4,19.5,IN,Adams,36288,18001,Adams County,Indiana,0.5355,0.6411,0.2055,0.1654,0.7569,35827.0,2025,2022,18.2,34.5,7.3,9.7,14.8,4.1,5.5,24.0,17.8,11.5,13.2,,9.1,9.8,33.0,2023,2,Moderate
18003,9.1,23.8,17.9,34.5,60.0,6.9,11.3,,5.7,78.3,84.5,58.8,6.9,,,14.7,59.5,26.5,11.8,19.2,31.7,,22.4,73.8,18.0,39.5,12.3,36.0,3.0,16.4,IN,Allen,394545,18003,Allen County,Indiana,0.5374,0.4426,0.699,0.6468,0.4435,385456.0,2025,2022,15.4,29.3,6.1,7.9,12.1,3.5,4.8,23.5,15.3,8.9,12.2,,8.1,9.4,32.8,2023,2,Moderate
18005,8.6,25.1,17.2,34.0,60.0,7.2,10.6,,5.6,79.1,84.9,62.2,6.7,,,15.1,63.5,25.4,11.0,19.0,34.0,,23.3,75.3,18.0,38.9,12.6,36.5,2.8,22.3,IN,Bartholomew,84003,18005,Bartholomew County,Indiana,0.287,0.167,0.5492,0.5415,0.3484,82371.0,2025,2022,14.4,28.1,6.3,7.4,11.9,3.1,4.3,23.2,13.6,7.5,10.4,,7.2,7.6,32.3,2023,2,Moderate
18007,10.2,27.0,17.5,35.2,59.3,7.3,11.5,,6.4,77.2,82.6,59.1,8.5,,,19.1,55.0,27.6,11.9,22.4,33.9,,26.8,73.4,20.0,42.4,14.6,37.3,3.3,21.1,IN,Benton,8729,18007,Benton County,Indiana,0.3369,0.3738,0.9074,0.2587,0.0678,8709.0,2025,2022,17.5,33.7,7.2,9.2,14.2,3.9,5.2,24.3,16.6,10.3,12.7,,8.7,9.5,34.4,2023,2,Moderate
18009,10.0,28.0,17.2,36.9,60.2,7.4,11.8,,6.9,76.6,81.7,54.8,9.7,,,21.5,55.7,28.3,12.7,24.0,34.5,,28.7,72.3,21.0,44.2,15.6,38.8,3.6,22.6,IN,Blackford,11893,18009,Blackford County,Indiana,0.4801,0.6748,0.5972,0.0675,0.2975,12074.0,2025,2022,18.7,34.9,7.6,10.2,15.5,4.4,5.8,24.0,18.9,12.8,13.9,,9.7,10.8,33.7,2023,2,Moderate
18011,6.1,22.1,17.8,30.5,58.9,7.5,10.4,,4.7,79.3,87.1,65.4,5.2,,,11.4,65.1,22.1,9.3,14.4,32.8,,18.3,80.4,15.7,32.4,10.7,33.4,2.3,7.0,IN,Boone,76120,18011,Boone County,Indiana,0.0331,0.0251,0.2526,0.3446,0.0366,71235.0,2025,2022,12.1,24.1,5.4,5.8,9.5,2.3,3.1,20.6,9.1,4.5,7.9,,5.3,5.6,29.1,2023,0,Low
18013,7.6,25.1,18.5,33.3,59.2,7.5,11.1,,5.6,77.7,84.6,61.8,6.9,,,16.3,62.7,26.4,10.3,17.9,33.0,,22.7,78.0,18.5,35.6,12.7,34.0,2.8,16.8,IN,Brown,15653,18013,Brown County,Indiana,0.1712,0.2055,0.3261,0.0544,0.2542,15513.0,2025,2022,15.0,28.6,6.3,7.4,11.7,3.0,4.0,22.6,12.0,6.8,9.9,,6.7,7.2,32.2,2023,0,Low
18015,9.2,25.9,18.5,34.3,58.5,7.4,11.2,,6.0,77.7,83.6,59.6,7.7,,,17.8,61.3,26.5,10.9,20.2,33.5,,25.6,75.9,19.5,41.4,13.8,37.2,3.0,19.1,IN,Carroll,20525,18015,Carroll County,Indiana,0.0821,0.2097,0.2084,0.1753,0.0458,20397.0,2025,2022,16.3,30.9,6.7,8.2,12.6,3.3,4.5,24.2,14.2,8.0,11.3,,7.5,8.0,34.0,2023,2,Moderate
18017,13.0,26.1,16.7,35.9,59.9,7.0,11.1,,6.4,76.3,82.5,56.9,8.3,,,18.7,57.0,25.8,12.7,23.2,34.1,,29.8,72.2,19.4,47.3,14.8,36.7,3.3,21.1,IN,Cass,37666,18017,Cass County,Indiana,0.5587,0.4528,0.8479,0.5797,0.3961,37820.0,2025,2022,17.5,33.3,7.1,9.1,14.5,4.1,5.7,25.0,18.8,11.1,14.2,,9.4,10.1,33.9,2023,3,High
18019,8.5,26.2,17.9,36.4,60.4,7.2,11.4,,5.7,78.7,84.9,62.9,7.1,,,16.5,58.3,26.5,10.9,19.8,32.5,,24.0,77.8,18.2,43.5,13.1,37.1,3.0,19.7,IN,Clark,125467,18019,Clark County,Indiana,0.3093,0.2654,0.4171,0.504,0.3411,121484.0,2025,2022,15.4,31.8,6.2,7.8,12.7,3.3,4.4,25.2,14.3,8.0,11.6,,7.6,8.5,33.0,2023,2,Moderate
18021,8.5,27.3,18.5,36.0,58.7,7.4,11.5,,6.1,77.9,83.4,60.1,8.0,,,18.2,57.1,27.8,11.5,20.8,34.8,,26.1,75.3,19.5,42.9,14.1,37.2,3.1,25.2,IN,Clay,26460,18021,Clay County,Indiana,0.1718,0.1444,0.4496,0.0675,0.2873,26396.0,2025,2022,16.6,31.7,6.8,8.5,13.1,3.5,4.6,23.2,14.8,8.7,11.3,,7.8,8.4,35.0,2023,2,Moderate
18023,12.2,26.1,17.2,34.6,59.4,7.1,11.0,,6.0,77.3,83.2,60.2,7.7,,,17.8,60.7,25.3,11.7,21.9,35.1,,27.3,73.1,18.9,40.4,14.1,38.3,3.1,17.6,IN,Clinton,32730,18023,Clinton County,Indiana,0.3443,0.335,0.587,0.5202,0.2094,33020.0,2025,2022,16.7,31.5,6.8,8.5,13.5,3.6,5.1,24.0,16.9,9.3,13.4,,8.5,9.0,32.0,2023,2,Moderate
18025,11.1,28.9,16.9,37.9,60.7,7.3,12.0,,7.6,76.8,80.5,54.7,10.9,,,23.7,53.4,28.9,13.5,26.4,35.0,,30.9,70.4,21.8,43.0,16.7,38.8,3.9,22.3,IN,Crawford,10438,18025,Crawford County,Indiana,0.3124,0.5899,0.1247,0.0407,0.3449,10511.0,2025,2022,20.1,37.3,8.2,11.3,16.9,5.0,6.6,24.4,21.3,15.2,15.0,,10.8,11.9,34.1,2023,2,Moderate
18027,11.1,27.4,18.0,35.5,58.4,7.2,11.8,,6.5,76.3,81.7,57.8,9.0,,,20.3,54.6,28.0,12.0,23.6,34.6,,29.4,71.4,20.6,41.7,15.5,36.2,3.4,19.5,IN,Daviess,33656,18027,Daviess County,Indiana,0.6239,0.5304,0.4136,0.328,0.9077,33337.0,2025,2022,18.5,34.1,7.1,9.6,15.0,4.1,5.4,25.5,18.4,10.9,13.3,,9.1,9.5,36.6,2023,2,Moderate
18029,7.5,25.5,19.2,32.8,59.1,7.6,11.0,,5.5,77.8,84.7,62.9,6.8,,,16.5,66.0,26.4,9.9,17.9,33.1,,22.5,72.4,18.3,35.4,12.6,35.6,2.8,17.6,IN,Dearborn,51215,18029,Dearborn County,Indiana,0.0312,0.0662,0.1241,0.0337,0.071,50709.0,2025,2022,15.0,28.2,6.2,7.4,11.6,3.0,3.9,22.8,11.5,6.4,9.5,,6.5,6.9,31.9,2023,0,Low
18031,8.3,26.1,18.3,33.5,58.7,7.4,11.1,,5.7,76.8,84.0,64.3,7.3,,,16.8,62.7,27.0,10.4,19.0,33.3,,25.2,74.3,19.1,37.5,13.2,35.6,2.9,13.7,IN,Decatur,26399,18031,Decatur County,Indiana,0.0159,0.0725,0.0229,0.1094,0.0659,26432.0,2025,2022,15.8,30.5,6.4,7.8,12.1,3.1,4.2,23.3,13.1,7.3,10.5,,7.0,7.5,34.4,2023,0,Low
18033,8.4,25.5,18.7,34.1,58.6,7.5,11.2,,5.8,77.5,83.8,64.0,7.4,,,17.0,62.9,27.4,10.8,19.4,33.3,,24.6,70.9,19.2,43.5,13.4,37.4,2.9,18.0,IN,DeKalb,44198,18033,DeKalb County,Indiana,0.1384,0.1667,0.2138,0.0821,0.2934,43312.0,2025,2022,15.8,29.2,6.5,7.9,12.1,3.2,4.3,24.2,13.3,7.6,10.7,,7.2,7.8,33.8,2023,2,Moderate
18035,8.7,28.8,16.8,35.8,60.3,7.3,12.0,,6.5,78.4,83.4,63.0,8.7,,,19.0,55.5,29.6,12.9,22.7,35.1,,25.6,71.4,20.5,38.9,14.8,40.5,3.4,19.7,IN,Delaware,112321,18035,Delaware County,Indiana,0.6309,0.7226,0.2116,0.413,0.7903,112156.0,2025,2022,17.3,33.2,7.0,9.5,14.5,4.1,5.4,23.3,17.3,11.5,13.6,,9.3,10.5,34.1,2023,2,Moderate
18037,9.4,25.6,17.8,32.6,58.3,7.4,10.9,,5.7,77.4,84.2,64.1,7.0,,,15.7,60.6,24.5,10.7,19.3,34.0,,23.7,75.7,18.0,39.9,13.0,33.9,2.9,12.5,IN,Dubois,43546,18037,Dubois County,Indiana,0.1619,0.0697,0.461,0.335,0.3067,43584.0,2025,2022,15.4,29.0,6.4,7.6,12.1,3.2,4.3,23.7,13.2,7.4,10.8,,7.2,7.6,33.4,2023,0,Low
18039,12.9,25.1,17.3,35.7,58.1,6.8,11.3,,6.2,78.0,83.1,56.0,7.9,,,17.4,57.3,25.7,12.2,22.3,34.1,,25.9,74.7,19.6,44.1,14.6,36.9,3.3,15.6,IN,Elkhart,206409,18039,Elkhart County,Indiana,0.8132,0.7245,0.7852,0.6287,0.819,206841.0,2025,2022,17.5,33.8,6.9,8.9,14.3,4.0,5.6,25.7,18.2,10.7,14.8,,9.3,10.2,35.1,2023,3,High
18041,9.9,27.2,17.1,36.7,59.4,7.4,11.9,,6.8,77.2,81.9,55.2,9.4,,,20.8,50.4,28.6,12.3,23.4,34.7,,27.9,72.0,20.9,44.8,15.3,36.9,3.5,21.3,IN,Fayette,23362,18041,Fayette County,Indiana,0.6293,0.7022,0.8454,0.1037,0.4703,23391.0,2025,2022,18.4,34.1,7.4,9.9,14.8,4.2,5.5,23.6,17.8,11.9,13.2,,9.2,10.1,34.0,2023,2,Moderate
18043,7.6,25.4,18.6,34.7,59.4,7.5,11.4,,5.5,78.4,85.3,65.6,6.8,,,15.1,61.8,26.1,10.6,18.5,34.4,,23.9,76.5,18.7,37.4,12.6,38.2,2.8,10.9,IN,Floyd,80809,18043,Floyd County,Indiana,0.1915,0.1333,0.412,0.3888,0.2641,80191.0,2025,2022,14.9,29.8,6.1,7.6,12.0,3.0,4.0,23.6,12.9,7.0,10.5,,7.0,7.5,35.6,2023,2,Moderate
18045,9.0,26.9,18.2,34.8,59.0,7.4,11.7,,6.2,77.1,83.0,60.6,8.2,,,18.9,61.0,27.5,11.2,21.2,34.3,,26.4,67.6,19.9,42.4,14.5,37.4,3.1,19.1,IN,Fountain,16731,18045,Fountain County,Indiana,0.2924,0.4629,0.7318,0.0821,0.0795,16468.0,2025,2022,17.0,32.9,6.9,8.7,13.5,3.6,4.7,24.1,15.1,9.0,11.7,,8.0,8.6,34.3,2023,2,Moderate
18047,8.0,25.8,18.9,34.2,58.4,7.4,11.3,,5.7,77.7,83.9,61.3,7.4,,,17.1,64.3,26.8,10.7,19.2,33.4,,24.3,77.4,19.0,40.5,13.3,34.9,2.9,18.2,IN,Franklin,23096,18047,Franklin County,Indiana,0.1199,0.0872,0.2335,0.015,0.3996,22850.0,2025,2022,15.8,29.8,6.5,7.9,12.0,3.1,4.2,23.5,13.0,7.3,10.4,,7.1,7.5,33.5,2023,0,Low
18049,9.9,26.8,17.9,34.9,59.8,7.3,11.6,,6.3,77.1,82.8,58.7,8.3,,,19.1,58.4,27.0,11.5,21.6,33.3,,26.9,75.9,19.9,41.7,14.6,38.0,3.2,17.7,IN,Fulton,20358,18049,Fulton County,Indiana,0.5415,0.6577,0.6293,0.2854,0.3802,20420.0,2025,2022,17.4,33.2,7.1,9.0,13.9,3.7,5.0,23.5,15.9,9.5,12.3,,8.3,9.0,33.1,2023,2,Moderate
18051,8.4,26.7,18.0,33.9,59.9,7.4,11.3,,6.0,77.9,83.6,58.2,7.7,,,18.0,55.6,27.6,10.8,19.8,33.0,,24.6,75.8,19.5,39.4,13.7,41.3,3.0,18.3,IN,Gibson,32904,18051,Gibson County,Indiana,0.2342,0.0986,0.3548,0.2536,0.616,33006.0,2025,2022,16.4,31.6,6.7,8.2,12.9,3.4,4.5,23.5,14.2,8.3,11.4,,7.7,8.4,33.4,2023,2,Moderate
18053,9.7,27.8,17.2,37.3,61.4,7.3,11.8,,6.6,79.0,83.2,60.8,8.7,,,19.1,56.7,28.7,13.0,23.4,34.2,,28.3,73.6,20.3,42.2,15.0,40.6,3.5,23.4,IN,Grant,66200,18053,Grant County,Indiana,0.7649,0.6965,0.6666,0.4537,0.8683,66560.0,2025,2022,17.8,33.2,7.0,9.6,14.6,4.2,5.5,24.3,18.1,11.9,13.8,,9.3,10.7,34.9,2023,3,High
18055,9.2,27.0,19.5,35.4,59.7,7.5,11.6,,6.5,76.8,82.6,62.3,8.6,,,19.8,56.6,27.7,11.6,22.2,35.9,,26.6,73.9,20.2,40.4,14.5,35.9,3.3,22.3,IN,Greene,31196,18055,Greene County,Indiana,0.5275,0.6491,0.5514,0.0299,0.5332,30900.0,2025,2022,17.6,32.9,7.2,9.1,14.0,3.8,5.0,24.0,15.9,9.8,11.9,,8.3,9.0,33.7,2023,2,Moderate
18057,5.4,21.7,17.8,29.6,59.8,7.5,10.2,,4.4,79.8,88.3,64.3,4.3,,,9.3,74.6,22.9,8.6,12.3,33.3,,15.7,77.4,14.2,31.9,9.1,31.1,2.1,5.1,IN,Hamilton,371645,18057,Hamilton County,Indiana,0.0302,0.0064,0.2682,0.5081,0.034,349527.0,2025,2022,10.7,22.0,5.0,4.9,8.1,2.0,2.8,18.4,7.6,3.6,6.9,,4.8,4.9,29.0,2023,0,Low
18059,7.0,23.8,18.9,33.4,58.4,7.5,11.0,,5.0,77.0,86.0,66.2,5.8,,,13.6,65.4,25.2,9.5,16.6,31.0,,19.8,76.5,17.2,39.5,11.7,34.9,2.5,11.7,IN,Hancock,86166,18059,Hancock County,Indiana,0.0185,0.0598,0.1085,0.2781,0.0178,80170.0,2025,2022,13.5,26.9,5.6,6.5,10.5,2.6,3.5,21.4,10.1,5.5,9.1,,6.0,6.4,30.1,2023,0,Low
18061,7.8,26.1,19.0,33.4,58.6,7.5,11.3,,5.7,77.2,84.4,60.5,7.1,,,16.3,62.1,26.1,10.2,18.4,33.4,,23.0,76.1,19.0,42.2,12.8,40.3,2.8,9.9,IN,Harrison,40006,18061,Harrison County,Indiana,0.1009,0.1117,0.09,0.0544,0.3815,39684.0,2025,2022,15.5,30.1,6.4,7.6,12.1,3.1,4.1,22.6,12.4,7.0,10.2,,6.9,7.5,32.6,2023,0,Low
18063,7.1,24.2,17.7,32.6,60.6,7.2,10.7,,4.9,77.9,86.7,63.0,5.5,,,12.6,66.8,21.8,9.9,15.7,34.0,,19.3,77.8,16.0,36.0,11.2,38.7,2.5,11.3,IN,Hendricks,186387,18063,Hendricks County,Indiana,0.0904,0.0334,0.2819,0.5148,0.168,175639.0,2025,2022,12.8,25.2,5.5,6.3,9.8,2.6,3.5,20.8,10.6,5.6,9.4,,6.1,6.7,30.4,2023,0,Low
18065,8.9,26.8,18.1,36.0,59.8,7.4,11.4,,6.2,76.9,83.2,59.9,8.0,,,18.4,56.9,27.8,11.2,20.8,34.5,,27.6,73.0,19.8,43.6,14.1,43.0,3.1,19.7,IN,Henry,48929,18065,Henry County,Indiana,0.3045,0.3414,0.3121,0.1696,0.4521,48913.0,2025,2022,17.0,32.4,6.8,8.5,13.1,3.6,4.7,24.3,15.1,9.2,11.9,,8.1,8.8,35.4,2023,2,Moderate
18067,8.7,27.0,17.6,35.0,60.1,7.2,11.8,,6.0,77.5,84.0,58.1,7.8,,,18.6,60.1,26.5,11.8,21.0,32.8,,26.4,74.1,19.3,36.8,13.9,38.1,3.2,24.5,IN,Howard,83831,18067,Howard County,Indiana,0.4505,0.4193,0.7238,0.4604,0.28,83452.0,2025,2022,16.3,30.6,6.6,8.6,13.5,3.6,4.9,22.6,15.6,9.8,12.5,,8.4,9.3,31.8,2023,2,Moderate
18069,8.3,26.5,18.2,36.2,59.7,7.4,11.3,,5.9,78.3,83.9,57.8,7.5,,,17.1,62.4,26.8,11.1,19.6,32.2,,24.0,72.8,19.2,40.0,13.4,35.3,3.0,16.8,IN,Huntington,36781,18069,Huntington County,Indiana,0.1362,0.1766,0.2052,0.1152,0.2428,36699.0,2025,2022,16.0,30.7,6.6,8.1,12.7,3.3,4.4,23.6,13.9,8.1,10.7,,7.4,8.0,34.2,2023,2,Moderate
18071,10.6,25.7,17.6,33.8,59.5,7.1,10.8,,6.0,76.9,83.6,60.6,7.5,,,17.4,54.9,26.2,11.6,20.7,33.2,,25.9,74.4,18.5,39.4,13.5,37.1,3.1,13.7,IN,Jackson,46460,18071,Jackson County,Indiana,0.4556,0.3134,0.5956,0.4057,0.5972,46212.0,2025,2022,16.0,30.6,6.7,8.1,13.1,3.5,4.8,24.1,15.6,8.6,12.1,,7.9,8.4,34.0,2023,2,Moderate
18073,8.9,25.4,18.8,33.4,58.5,7.4,11.0,,5.7,75.8,84.3,60.4,6.9,,,16.0,63.0,25.9,10.3,19.1,33.6,,24.0,74.5,18.6,40.0,13.3,39.8,2.8,14.4,IN,Jasper,33535,18073,Jasper County,Indiana,0.1005,0.0939,0.4489,0.342,0.0659,33045.0,2025,2022,15.4,29.5,6.4,7.5,12.0,3.1,4.1,23.1,12.7,7.0,10.7,,7.0,7.5,33.0,2023,2,Moderate
18075,10.5,27.5,17.5,36.7,60.2,7.3,11.7,,6.7,76.7,81.9,59.4,9.2,,,20.7,54.4,27.7,12.2,23.1,35.0,,29.0,72.3,20.8,43.6,15.4,39.7,3.4,20.7,IN,Jay,20032,18075,Jay County,Indiana,0.4626,0.5762,0.5749,0.0881,0.3964,20451.0,2025,2022,18.4,34.6,7.4,9.8,14.9,4.2,5.5,23.9,17.6,11.4,13.1,,9.1,9.8,33.9,2023,2,Moderate
18077,8.8,26.2,18.2,34.5,59.4,7.4,11.6,,5.9,78.3,83.6,61.7,7.8,,,17.8,57.8,27.5,11.1,20.2,33.9,,24.2,75.6,19.6,36.8,14.0,35.5,3.0,15.3,IN,Jefferson,33056,18077,Jefferson County,Indiana,0.5832,0.4633,0.531,0.2062,0.8848,33057.0,2025,2022,16.6,30.9,6.6,8.4,13.0,3.4,4.6,23.6,14.6,8.7,11.5,,7.8,8.4,33.9,2023,2,Moderate
18079,9.4,27.6,17.6,36.1,59.9,7.4,11.6,,6.3,77.7,82.9,58.8,8.5,,,19.7,56.7,27.9,11.9,21.8,34.0,,26.8,71.8,20.2,40.8,14.7,38.6,3.2,23.1,IN,Jennings,27622,18079,Jennings County,Indiana,0.3573,0.4645,0.497,0.0932,0.308,27610.0,2025,2022,17.3,33.6,7.1,9.0,14.0,3.7,4.9,23.8,15.7,9.5,12.3,,8.3,8.9,34.4,2023,2,Moderate
18081,7.3,26.0,18.1,35.1,59.6,7.5,10.9,,5.2,79.7,85.8,67.0,6.3,,,14.2,62.3,25.8,10.7,17.3,33.2,,21.9,77.3,17.4,38.6,12.0,38.2,2.6,9.8,IN,Johnson,167819,18081,Johnson County,Indiana,0.1117,0.1451,0.1645,0.3977,0.1387,161952.0,2025,2022,14.1,28.2,5.8,6.8,10.9,2.7,3.7,22.5,11.7,6.1,9.8,,6.3,6.7,31.7,2023,0,Low
18083,8.7,26.2,17.3,35.1,60.3,7.5,11.4,,6.2,77.9,83.5,59.7,8.1,,,18.5,61.2,26.6,11.4,21.1,34.4,,24.5,77.9,19.7,37.7,14.3,34.2,3.2,17.9,IN,Knox,36070,18083,Knox County,Indiana,0.497,0.2953,0.7938,0.265,0.6561,36148.0,2025,2022,16.8,32.1,6.9,8.6,13.3,3.6,4.8,24.2,15.2,9.2,11.9,,8.1,8.9,33.9,2023,2,Moderate
18085,9.6,25.7,18.3,35.5,58.4,7.4,11.0,,5.8,76.6,83.7,59.3,7.3,,,17.1,62.9,26.1,10.9,19.2,34.1,,26.2,77.2,18.6,38.9,13.4,35.5,2.9,15.9,IN,Kosciusko,80364,18085,Kosciusko County,Indiana,0.3926,0.314,0.5797,0.3917,0.4311,80442.0,2025,2022,15.7,29.5,6.5,7.9,12.2,3.3,4.5,23.0,14.2,7.7,11.3,,7.6,8.0,32.5,2023,2,Moderate
18087,12.4,25.7,18.3,33.6,57.7,7.0,11.9,,6.3,74.8,81.0,59.3,8.9,,,20.3,56.0,27.8,11.1,23.6,33.9,,28.6,73.7,20.6,40.0,15.3,35.1,3.2,19.2,IN,LaGrange,40907,18087,LaGrange County,Indiana,0.3961,0.4251,0.4782,0.1152,0.4862,40364.0,2025,2022,19.3,35.2,7.1,9.6,14.5,3.9,5.1,26.9,17.2,9.3,12.9,,8.5,8.3,37.3,2023,2,Moderate
18089,11.1,24.3,18.3,34.9,60.9,6.4,11.5,,5.8,77.6,84.9,62.7,7.2,,,17.2,57.4,21.0,12.9,22.4,30.3,,26.9,76.7,18.1,39.9,14.0,43.4,3.3,17.0,IN,Lake,500598,18089,Lake County,Indiana,0.7031,0.6258,0.7824,0.8549,0.4731,497682.0,2025,2022,15.6,29.9,6.2,8.5,13.8,4.0,5.7,27.0,20.4,12.1,15.3,,9.8,11.8,33.0,2023,3,High
18091,9.9,26.7,16.7,36.9,60.7,7.2,11.0,,6.1,77.5,84.0,59.1,7.7,,,17.9,56.2,25.3,12.5,21.6,33.3,,26.8,74.3,19.0,37.1,14.1,38.9,3.2,15.5,IN,LaPorte,111706,18091,LaPorte County,Indiana,0.5046,0.4295,0.4155,0.5667,0.615,112215.0,2025,2022,16.4,33.7,6.8,8.5,14.2,3.7,5.1,25.1,16.9,10.1,13.4,,8.7,9.9,37.8,2023,2,Moderate
18093,8.4,26.9,17.8,34.2,59.8,7.5,11.5,,6.0,77.4,83.3,58.0,7.8,,,17.3,58.3,26.1,11.0,19.9,33.3,,25.1,72.5,19.1,41.8,13.8,39.4,3.0,15.7,IN,Lawrence,45084,18093,Lawrence County,Indiana,0.2981,0.2529,0.3866,0.0757,0.574,45113.0,2025,2022,16.2,30.5,6.8,8.3,12.6,3.4,4.5,22.7,13.5,8.2,10.7,,7.5,8.1,33.8,2023,2,Moderate
18095,9.3,27.4,16.2,36.3,60.7,7.2,11.5,,6.1,78.2,83.6,63.0,7.8,,,18.8,56.3,27.7,11.8,21.3,34.3,,27.9,75.1,19.5,36.3,13.9,38.3,3.2,18.8,IN,Madison,132504,18095,Madison County,Indiana,0.5985,0.5619,0.6643,0.4636,0.5689,130545.0,2025,2022,16.3,31.0,6.5,8.6,13.1,3.7,5.0,24.2,16.6,10.1,13.0,,8.6,9.6,34.2,2023,2,Moderate
18097,10.7,24.8,17.8,38.0,62.3,6.5,11.7,,5.8,79.0,85.2,61.8,7.1,,,15.2,59.6,25.3,12.8,21.0,33.7,,24.4,80.5,17.8,38.4,13.4,39.7,3.4,16.5,IN,Marion,968460,18097,Marion County,Indiana,0.826,0.8132,0.7814,0.8565,0.6287,971737.0,2025,2022,15.3,29.9,5.8,8.5,13.9,4.0,5.6,25.1,18.7,11.7,14.5,,9.6,11.3,35.5,2023,3,High
18099,10.9,25.8,18.1,35.0,60.0,7.1,11.2,,6.1,76.0,83.2,60.8,7.8,,,17.9,58.8,27.0,11.5,21.5,34.9,,27.4,70.5,19.4,43.4,14.1,39.0,3.1,16.2,IN,Marshall,46352,18099,Marshall County,Indiana,0.4493,0.4648,0.4617,0.3939,0.4473,46208.0,2025,2022,16.7,31.2,6.8,8.6,13.3,3.6,5.0,24.6,16.0,9.1,12.4,,8.3,8.8,34.5,2023,2,Moderate
18101,9.0,26.7,18.5,35.2,59.3,7.4,11.6,,6.4,77.1,82.9,59.7,8.4,,,19.3,53.9,27.3,11.5,21.1,34.2,,25.7,73.3,20.0,39.1,14.4,38.5,3.2,17.0,IN,Martin,9897,18101,Martin County,Indiana,0.1613,0.1909,0.1228,0.0675,0.4365,9863.0,2025,2022,17.1,32.1,7.1,8.8,13.5,3.7,4.8,23.8,15.1,9.1,11.8,,8.1,8.8,34.2,2023,2,Moderate
18103,10.1,26.5,17.7,36.2,60.4,7.3,11.2,,6.7,77.6,82.5,56.9,8.6,,,19.5,55.3,26.8,12.5,22.6,34.8,,27.2,75.9,19.6,44.2,14.6,38.1,3.4,13.4,IN,Miami,35402,18103,Miami County,Indiana,0.3904,0.5021,0.2479,0.3748,0.4038,35952.0,2025,2022,17.5,34.9,7.4,9.1,14.5,4.0,5.3,25.0,17.2,10.7,13.2,,9.0,9.9,34.6,2023,2,Moderate
18105,7.2,24.9,17.7,32.6,60.4,7.4,11.0,,5.8,79.0,85.3,59.2,6.9,,,14.3,60.1,26.7,11.0,18.6,35.1,,21.9,76.3,18.2,35.7,12.5,33.5,2.9,12.8,IN,Monroe,139342,18105,Monroe County,Indiana,0.4302,0.5619,0.0076,0.4779,0.8877,140065.0,2025,2022,14.5,28.1,6.3,7.5,11.9,3.3,4.4,21.3,13.2,7.9,10.2,,7.4,8.1,35.1,2023,0,Low
18107,9.6,26.7,18.1,35.0,59.0,7.3,11.2,,6.2,78.0,83.0,54.9,8.1,,,18.1,58.4,27.1,11.2,20.8,33.5,,27.2,73.5,19.1,39.5,14.0,40.6,3.1,15.3,IN,Montgomery,38573,18107,Montgomery County,Indiana,0.455,0.3948,0.6475,0.2816,0.4846,38018.0,2025,2022,16.5,31.5,6.9,8.6,13.4,3.6,4.8,23.7,15.5,9.2,12.0,,8.1,8.9,33.3,2023,2,Moderate
18109,8.1,25.4,17.8,33.8,58.7,7.5,11.1,,5.8,76.6,84.1,59.3,7.3,,,16.4,60.2,26.5,10.9,18.6,32.5,,23.1,75.8,18.8,37.3,13.3,35.7,2.9,10.7,IN,Morgan,73227,18109,Morgan County,Indiana,0.0538,0.1521,0.1712,0.0675,0.0566,71757.0,2025,2022,15.5,28.8,6.3,7.7,12.1,3.1,4.1,22.5,12.8,7.2,10.5,,7.0,7.5,33.5,2023,0,Low
18111,10.5,26.9,18.3,34.6,59.4,7.2,11.2,,6.2,76.3,82.7,60.9,8.1,,,18.6,57.8,26.1,11.4,22.0,33.1,,26.5,70.4,19.5,43.3,14.5,39.8,3.2,23.6,IN,Newton,13960,18111,Newton County,Indiana,0.3229,0.566,0.7331,0.3388,0.0226,13829.0,2025,2022,17.2,33.2,7.0,8.7,13.8,3.7,5.0,24.2,16.1,9.3,12.5,,8.3,8.9,33.3,2023,2,Moderate
18113,11.0,24.9,18.3,33.1,57.5,7.3,11.2,,5.9,77.0,83.3,61.3,7.6,,,17.2,60.4,25.3,11.1,20.7,33.2,,25.9,71.1,19.0,39.5,13.9,36.3,3.0,17.9,IN,Noble,47430,18113,Noble County,Indiana,0.5418,0.3828,0.5883,0.4085,0.7502,47431.0,2025,2022,16.8,31.3,6.7,8.3,12.9,3.5,4.8,23.9,15.3,8.4,12.1,,8.0,8.3,32.5,2023,2,Moderate
18115,8.0,25.7,18.5,33.4,58.7,7.5,11.2,,5.8,77.6,84.0,63.5,7.3,,,16.9,63.1,27.1,10.5,18.9,33.6,,23.9,74.8,19.1,39.2,13.2,36.0,2.9,20.8,IN,Ohio,6004,18115,Ohio County,Indiana,0.1734,0.0869,0.4031,0.0579,0.4785,5974.0,2025,2022,15.8,29.9,6.6,7.8,12.2,3.2,4.2,23.2,12.9,7.4,10.4,,7.1,7.6,33.4,2023,0,Low
18117,9.5,27.9,17.9,35.4,59.5,7.3,11.6,,6.3,77.3,82.5,56.6,8.5,,,19.6,59.1,28.4,11.5,21.7,34.9,,26.9,74.3,20.5,39.5,14.5,40.4,3.2,19.5,IN,Orange,19638,18117,Orange County,Indiana,0.5791,0.4601,0.8384,0.1339,0.692,19768.0,2025,2022,17.6,34.0,7.1,9.1,13.9,3.8,5.0,23.9,16.2,9.8,12.4,,8.4,9.0,34.3,2023,2,Moderate
18119,9.0,26.9,18.0,34.5,58.7,7.4,11.6,,6.2,77.1,82.7,59.1,8.3,,,18.7,56.3,28.2,11.1,21.2,34.0,,25.6,73.0,19.9,41.2,14.3,37.8,3.2,16.0,IN,Owen,21532,18119,Owen County,Indiana,0.238,0.574,0.188,0.0299,0.1241,21361.0,2025,2022,17.2,32.8,7.0,8.8,13.5,3.6,4.8,24.5,15.3,9.3,11.8,,8.1,8.6,34.1,2023,2,Moderate
18121,10.1,28.1,17.0,36.3,60.6,7.3,12.4,,6.8,77.5,82.1,55.0,9.7,,,21.3,58.1,28.8,12.2,24.0,34.4,,29.3,72.0,21.2,42.4,15.7,38.1,3.5,20.0,IN,Parke,16484,18121,Parke County,Indiana,0.6424,0.7038,0.2307,0.0757,0.9472,16327.0,2025,2022,19.2,35.5,7.5,10.3,15.5,4.3,5.7,24.5,18.8,12.6,13.9,,9.7,10.6,34.2,2023,2,Moderate
18123,8.9,26.1,18.7,35.8,59.9,7.4,11.0,,6.2,76.9,83.1,61.7,7.8,,,18.6,60.0,26.1,11.1,20.1,33.8,,24.5,75.0,19.2,37.5,13.7,35.8,3.1,14.8,IN,Perry,19209,18123,Perry County,Indiana,0.3182,0.2084,0.0426,0.1457,0.9682,19186.0,2025,2022,16.2,30.9,6.8,8.2,12.8,3.4,4.5,24.5,14.1,8.3,11.3,,7.7,8.4,33.8,2023,2,Moderate
18125,8.9,26.8,18.0,34.3,59.1,7.4,11.4,,6.2,77.1,83.0,60.9,8.2,,,18.9,58.9,27.0,11.2,20.6,33.9,,25.7,75.2,19.7,37.7,14.1,39.8,3.1,18.5,IN,Pike,12106,18125,Pike County,Indiana,0.0465,0.1056,0.0436,0.0264,0.1944,12227.0,2025,2022,16.9,31.9,6.9,8.6,13.4,3.5,4.7,23.7,14.9,9.0,11.5,,7.9,8.5,33.0,2023,2,Moderate
18127,8.7,24.8,17.3,34.3,57.4,7.0,11.0,,5.4,77.8,85.3,61.2,6.4,,,14.7,63.9,24.4,10.6,17.9,33.9,,24.5,78.3,17.7,39.8,12.6,38.1,2.7,12.5,IN,Porter,175335,18127,Porter County,Indiana,0.1374,0.1473,0.1152,0.5148,0.2218,173355.0,2025,2022,14.2,27.8,6.0,6.9,11.3,2.9,4.1,22.5,13.0,6.8,10.9,,6.9,7.7,32.1,2023,0,Low
18129,7.3,25.5,18.6,33.2,58.4,7.6,11.0,,5.5,78.1,84.7,62.9,6.8,,,15.6,66.4,26.4,10.0,17.8,32.3,,21.3,76.0,18.4,40.0,12.5,34.9,2.8,15.6,IN,Posey,25040,18129,Posey County,Indiana,0.0092,0.0331,0.0439,0.0525,0.0547,25226.0,2025,2022,14.9,28.2,6.3,7.3,11.3,2.9,3.9,22.3,11.6,6.6,9.9,,6.6,7.2,32.4,2023,0,Low
18131,9.5,26.3,18.2,35.1,58.8,7.4,11.4,,6.3,76.9,83.0,60.0,8.2,,,18.8,57.2,27.1,11.4,21.4,33.4,,26.6,73.4,19.8,38.7,14.3,37.3,3.2,21.3,IN,Pulaski,12385,18131,Pulaski County,Indiana,0.3866,0.4257,0.5711,0.1753,0.3573,12498.0,2025,2022,17.1,32.6,7.0,8.7,13.5,3.6,4.9,24.3,15.4,9.1,12.0,,8.1,8.8,33.5,2023,2,Moderate
18133,8.3,25.6,18.1,34.1,60.0,7.4,11.3,,5.9,77.4,84.0,58.6,7.4,,,17.3,61.4,26.4,11.1,19.2,34.0,,24.2,74.9,18.8,39.1,13.3,40.0,3.0,16.7,IN,Putnam,37567,18133,Putnam County,Indiana,0.1502,0.1129,0.0554,0.2364,0.6134,36942.0,2025,2022,15.7,30.4,6.6,7.9,12.3,3.3,4.4,23.2,13.6,7.8,11.1,,7.5,8.1,33.4,2023,2,Moderate
18135,9.7,27.0,17.4,34.9,59.6,7.3,11.4,,6.4,76.7,82.7,58.1,8.4,,,19.4,56.9,27.2,11.5,21.9,34.2,,27.2,73.3,20.0,38.7,14.5,38.8,3.2,16.8,IN,Randolph,24216,18135,Randolph County,Indiana,0.5113,0.4321,0.881,0.2164,0.4101,24586.0,2025,2022,17.3,32.7,7.1,9.0,14.0,3.8,5.0,23.9,16.1,10.0,12.6,,8.5,9.3,34.3,2023,2,Moderate
18137,8.2,25.8,18.6,33.2,58.7,7.5,11.3,,5.7,77.6,83.8,61.9,7.3,,,17.2,60.6,26.1,10.2,18.9,33.3,,23.6,74.9,19.1,36.1,13.1,38.6,2.9,14.1,IN,Ripley,29227,18137,Ripley County,Indiana,0.2062,0.2017,0.1654,0.0544,0.5447,28990.0,2025,2022,15.7,29.5,6.4,7.8,12.1,3.1,4.2,23.7,12.9,7.3,10.5,,7.1,7.6,33.4,2023,0,Low
18139,8.8,26.8,17.7,34.6,59.8,7.4,11.7,,6.3,77.8,83.1,58.5,8.4,,,19.0,59.8,27.9,11.5,21.3,34.4,,26.0,69.8,20.0,39.0,14.4,39.4,3.2,21.1,IN,Rush,16847,18139,Rush County,Indiana,0.2125,0.5791,0.1604,0.0525,0.0843,16716.0,2025,2022,17.1,32.1,7.0,8.9,13.7,3.7,4.9,23.1,15.6,9.7,11.9,,8.2,8.9,34.1,2023,2,Moderate
18141,9.2,25.1,17.1,35.1,60.7,7.1,11.2,,5.7,78.9,84.8,60.7,7.1,,,15.6,59.7,27.7,11.7,20.7,33.9,,26.1,72.0,19.3,36.0,13.0,38.3,3.1,12.6,IN,St. Joseph,272848,18141,St. Joseph County,Indiana,0.6134,0.5167,0.5358,0.6567,0.6882,272388.0,2025,2022,16.0,31.5,6.4,8.2,12.8,3.5,4.9,25.5,16.0,9.5,13.0,,8.5,9.7,34.9,2023,2,Moderate
18143,9.9,27.0,17.3,36.2,59.7,7.3,11.7,,6.4,76.9,82.2,58.6,8.9,,,20.0,53.6,28.2,11.8,22.8,34.7,,28.6,68.8,20.7,41.8,15.0,37.7,3.3,24.8,IN,Scott,24657,18143,Scott County,Indiana,0.5807,0.6723,0.5052,0.0983,0.6662,24403.0,2025,2022,18.0,33.3,7.1,9.5,14.3,3.9,5.2,23.9,16.9,10.7,12.7,,8.8,9.3,33.6,2023,2,Moderate
18145,9.0,26.4,17.9,35.1,60.1,7.3,11.3,,5.9,77.6,83.6,61.4,7.7,,,18.1,57.4,28.0,11.3,20.3,34.1,,24.8,74.1,19.4,41.0,13.9,35.9,3.0,18.3,IN,Shelby,45231,18145,Shelby County,Indiana,0.2832,0.2641,0.3427,0.2364,0.4528,44940.0,2025,2022,16.4,31.3,6.6,8.3,13.1,3.4,4.6,23.0,14.4,8.4,11.5,,7.6,8.3,33.7,2023,2,Moderate
18147,7.8,25.5,18.3,34.4,58.7,7.5,11.0,,5.7,77.8,84.7,61.9,6.9,,,16.2,61.8,27.3,10.4,18.1,33.9,,22.4,77.4,18.6,39.5,12.9,35.6,2.8,12.8,IN,Spencer,19910,18147,Spencer County,Indiana,0.0369,0.0665,0.1063,0.1037,0.097,19935.0,2025,2022,15.1,29.5,6.4,7.4,11.7,3.0,4.0,22.4,12.1,6.8,10.1,,6.8,7.4,33.1,2023,0,Low
18149,10.1,27.7,17.5,35.0,59.8,7.3,11.5,,6.5,76.3,82.1,59.2,8.9,,,20.3,58.4,27.9,11.8,22.5,33.9,,27.5,71.8,20.5,42.1,14.9,40.8,3.3,21.7,IN,Starke,23206,18149,Starke County,Indiana,0.2829,0.4658,0.4413,0.2109,0.1355,23308.0,2025,2022,18.1,34.2,7.3,9.5,14.6,4.0,5.3,24.5,17.0,10.5,12.8,,8.7,9.6,33.6,2023,2,Moderate
18151,8.4,25.3,18.7,33.3,58.2,7.4,11.2,,5.8,77.3,84.1,64.3,7.1,,,16.4,66.5,27.0,10.6,19.2,34.2,,23.3,73.8,18.7,35.4,13.2,36.6,2.9,13.4,IN,Steuben,34917,18151,Steuben County,Indiana,0.1651,0.2297,0.0538,0.1753,0.4582,34507.0,2025,2022,15.4,28.6,6.4,7.7,11.9,3.1,4.2,23.0,13.0,7.3,10.6,,7.1,7.6,33.2,2023,0,Low
18153,9.7,26.9,17.7,37.1,61.0,7.4,11.3,,6.7,77.2,82.2,60.4,8.9,,,20.2,56.4,26.0,12.0,22.8,34.9,,27.2,71.7,19.5,43.4,14.8,37.7,3.4,16.7,IN,Sullivan,20757,18153,Sullivan County,Indiana,0.574,0.4992,0.5476,0.2536,0.7887,20791.0,2025,2022,17.3,33.4,7.3,9.2,14.4,4.0,5.3,24.0,17.3,10.7,13.1,,9.0,10.0,32.9,2023,2,Moderate
18155,10.1,27.6,17.8,36.3,59.1,7.3,11.6,,6.6,76.6,81.9,59.7,8.9,,,20.5,56.6,28.4,11.7,22.7,33.8,,27.9,73.6,20.5,39.9,15.0,38.0,3.4,24.9,IN,Switzerland,10019,18155,Switzerland County,Indiana,0.5886,0.6379,0.7432,0.0757,0.5514,9896.0,2025,2022,18.2,34.3,7.3,9.4,14.4,3.9,5.2,25.1,16.9,10.4,12.8,,8.7,9.2,35.0,2023,2,Moderate
18157,8.8,24.8,16.2,33.5,60.8,7.2,10.8,,6.1,78.9,84.8,60.6,7.2,,,15.2,60.0,23.8,11.6,19.5,35.9,,22.6,76.2,17.5,30.8,12.9,37.6,3.1,9.6,IN,Tippecanoe,188792,18157,Tippecanoe County,Indiana,0.5087,0.5107,0.0477,0.6211,0.8594,186955.0,2025,2022,15.0,28.3,6.5,7.8,12.5,3.5,4.9,22.7,15.0,9.1,11.9,,8.0,9.2,32.1,2023,2,Moderate
18159,7.8,25.6,18.9,32.9,58.8,7.4,11.2,,5.7,77.7,84.4,60.0,7.0,,,16.2,63.9,26.7,10.4,18.3,33.4,,22.8,74.7,18.5,36.5,12.9,34.9,2.8,14.1,IN,Tipton,15256,18159,Tipton County,Indiana,0.0382,0.1849,0.0617,0.0821,0.0325,15328.0,2025,2022,15.3,29.5,6.4,7.6,12.0,3.1,4.1,22.5,12.6,7.0,10.2,,6.9,7.4,32.6,2023,0,Low
18161,7.6,25.6,18.9,32.7,58.4,7.4,11.3,,5.5,77.6,84.5,61.6,6.9,,,16.2,58.9,27.0,10.1,17.9,33.4,,22.5,73.3,18.9,37.4,12.8,36.8,2.8,16.2,IN,Union,6973,18161,Union County,Indiana,0.0897,0.3169,0.1903,0.0757,0.0267,7041.0,2025,2022,15.4,29.4,6.3,7.5,11.6,3.0,3.9,23.2,12.0,6.6,10.0,,6.7,7.1,33.4,2023,0,Low
18163,8.4,26.5,17.5,35.1,61.2,7.3,11.6,,6.0,80.5,84.4,58.5,7.6,,,16.8,62.4,27.9,11.2,20.5,33.6,,25.4,74.5,19.3,38.6,13.6,40.5,3.1,21.2,IN,Vanderburgh,179810,18163,Vanderburgh County,Indiana,0.5612,0.5415,0.4518,0.4948,0.636,179900.0,2025,2022,16.1,30.4,6.5,8.5,13.2,3.6,4.8,22.3,15.5,9.5,12.1,,8.3,9.4,32.0,2023,2,Moderate
18165,8.6,28.0,17.7,35.3,59.9,7.5,11.6,,6.4,78.0,83.0,58.2,8.4,,,19.0,55.8,27.6,11.5,21.4,33.9,,26.0,72.5,20.0,40.4,14.4,38.0,3.2,18.3,IN,Vermillion,15417,18165,Vermillion County,Indiana,0.391,0.3777,0.7626,0.0264,0.3598,15488.0,2025,2022,17.2,32.8,7.0,8.8,13.8,3.7,4.9,23.2,15.2,9.5,11.8,,8.1,9.0,34.1,2023,2,Moderate
18167,9.1,27.8,16.8,36.3,61.7,7.3,11.6,,6.6,78.4,83.3,58.7,8.9,,,19.1,56.3,26.9,12.8,23.0,35.2,,25.6,74.8,20.0,42.6,14.6,40.5,3.4,23.3,IN,Vigo,106153,18167,Vigo County,Indiana,0.7286,0.776,0.3185,0.434,0.8711,106355.0,2025,2022,17.2,32.7,7.0,9.4,14.3,4.1,5.4,22.8,17.5,11.3,13.6,,9.2,10.4,34.2,2023,2,Moderate
18169,8.5,26.6,18.1,33.7,59.5,7.5,11.5,,5.9,77.5,83.5,63.3,7.8,,,17.5,61.1,26.2,10.8,19.8,33.0,,24.8,70.4,19.4,38.4,13.5,33.7,3.0,17.5,IN,Wabash,30670,18169,Wabash County,Indiana,0.147,0.1775,0.1947,0.1276,0.2905,31032.0,2025,2022,16.3,31.1,6.7,8.2,12.8,3.4,4.5,22.4,14.3,8.3,11.1,,7.5,8.1,33.3,2023,0,Low
18171,8.4,26.2,18.4,33.7,59.2,7.5,11.4,,6.0,77.1,83.6,61.4,7.7,,,17.8,60.4,27.3,10.9,19.7,34.0,,24.7,75.3,19.5,41.4,13.6,40.3,3.0,12.6,IN,Warren,8518,18171,Warren County,Indiana,0.0315,0.0646,0.1849,0.0544,0.0477,8454.0,2025,2022,16.3,31.1,6.7,8.2,12.7,3.3,4.4,23.4,13.8,8.1,11.0,,7.5,8.1,34.5,2023,2,Moderate
18173,6.4,24.2,18.7,30.5,59.1,7.5,10.7,,5.0,78.7,86.1,62.6,5.7,,,13.1,68.8,25.9,9.5,15.5,34.2,,19.9,77.9,17.3,33.8,11.2,36.3,2.5,11.3,IN,Warrick,65867,18173,Warrick County,Indiana,0.0194,0.0099,0.2084,0.2587,0.0465,64065.0,2025,2022,13.1,25.6,5.7,6.3,9.9,2.5,3.3,21.0,9.5,5.1,8.4,,5.7,6.0,31.5,2023,0,Low
18175,9.4,27.1,17.9,36.9,59.4,7.4,11.7,,6.5,77.3,82.4,60.2,8.9,,,20.0,59.6,28.6,11.9,22.2,34.5,,27.1,71.3,20.2,41.0,14.9,36.9,3.3,21.3,IN,Washington,28205,18175,Washington County,Indiana,0.3382,0.4594,0.4696,0.0229,0.3268,28133.0,2025,2022,17.8,33.9,7.4,9.4,14.3,3.9,5.2,23.5,16.4,10.6,12.5,,8.7,9.3,33.5,2023,2,Moderate
18177,9.4,27.5,17.8,35.9,60.5,7.3,11.9,,6.5,77.7,82.9,58.5,8.7,,,19.8,54.7,28.4,12.1,22.4,33.6,,27.3,72.6,20.8,38.2,14.7,40.7,3.4,15.3,IN,Wayne,66127,18177,Wayne County,Indiana,0.7515,0.7035,0.9084,0.377,0.63,66522.0,2025,2022,18.0,34.6,7.2,9.5,14.5,4.1,5.4,25.3,17.6,11.3,13.4,,9.1,10.2,34.7,2023,3,High
18179,8.3,26.4,18.1,34.3,58.7,7.4,11.0,,5.7,77.1,84.1,63.6,7.1,,,16.8,60.1,26.9,10.4,18.8,32.8,,24.2,73.4,18.8,41.9,13.0,39.6,2.9,14.2,IN,Wells,28555,18179,Wells County,Indiana,0.0531,0.064,0.293,0.1457,0.0878,28167.0,2025,2022,15.5,30.2,6.4,7.7,12.4,3.1,4.2,23.1,13.1,7.3,10.6,,7.0,7.6,34.2,2023,2,Moderate
18181,10.1,26.5,17.9,33.7,59.2,7.3,11.1,,5.9,77.6,83.7,61.2,7.6,,,16.9,59.1,26.8,11.4,20.4,34.1,,26.1,77.1,18.9,44.7,13.7,39.0,3.0,16.6,IN,White,24917,18181,White County,Indiana,0.2221,0.2851,0.6058,0.3484,0.0773,24630.0,2025,2022,16.2,30.7,6.7,8.2,13.0,3.4,4.7,23.5,14.8,8.3,11.9,,7.8,8.3,33.8,2023,2,Moderate
18183,8.0,25.6,18.5,32.8,59.3,7.5,11.1,,5.7,77.6,84.2,63.6,7.1,,,16.1,62.7,25.8,10.2,17.9,32.8,,22.7,73.2,18.6,39.4,12.9,36.4,2.8,12.5,IN,Whitley,34742,18183,Whitley County,Indiana,0.0735,0.1588,0.2014,0.1339,0.0732,34259.0,2025,2022,15.2,28.1,6.4,7.6,11.8,3.1,4.1,22.7,12.5,7.2,10.4,,6.9,7.6,33.0,2023,0,Low
19001,7.6,24.1,22.4,32.4,59.0,7.4,10.2,,5.8,74.4,81.3,61.0,6.8,,,17.3,66.5,21.9,9.9,18.0,30.5,,25.9,74.1,18.3,40.1,12.7,33.2,3.0,11.1,IA,Adair,7389,19001,Adair County,Iowa,0.0554,0.1133,0.1861,0.0881,0.0872,7479.0,2025,2022,15.1,28.5,6.9,7.9,11.8,3.3,4.3,23.8,13.3,11.8,10.5,,7.5,7.4,33.1,2023,0,Low
19003,7.1,23.8,22.5,31.1,58.4,7.4,10.2,,5.5,75.4,82.0,61.3,6.3,,,16.4,66.0,22.2,9.5,17.1,30.9,,24.9,77.0,17.9,39.2,12.3,34.3,2.8,9.0,IA,Adams,3544,19003,Adams County,Iowa,0.091,0.1257,0.3484,0.0821,0.1098,3680.0,2025,2022,14.7,27.4,6.6,7.5,11.1,3.1,3.9,24.0,12.2,10.4,9.8,,7.0,6.8,33.8,2023,0,Low
19005,8.8,23.4,22.3,31.8,58.7,7.2,9.9,,5.8,73.4,81.4,60.2,6.5,,,16.8,64.6,21.7,9.8,18.3,30.2,,25.3,77.6,18.2,42.5,12.7,36.6,3.0,11.7,IA,Allamakee,14074,19005,Allamakee County,Iowa,0.2164,0.1505,0.5982,0.3166,0.2269,14046.0,2025,2022,14.9,27.0,6.8,7.7,11.6,3.3,4.3,24.8,13.7,11.7,11.1,,7.6,7.5,32.4,2023,0,Low
19007,8.8,25.8,21.5,35.2,59.9,7.4,10.9,,6.6,75.2,79.8,56.7,8.3,,,20.4,62.0,23.8,11.5,21.5,31.4,,29.0,73.5,19.6,43.5,14.5,33.5,3.5,15.0,IA,Appanoose,12119,19007,Appanoose County,Iowa,0.4547,0.6634,0.3783,0.1094,0.3738,12279.0,2025,2022,17.3,32.4,7.7,9.7,14.1,4.2,5.4,24.3,17.2,16.7,12.3,,9.2,9.1,33.6,2023,2,Moderate
19009,7.8,24.3,22.4,31.4,58.1,7.4,10.3,,5.8,74.7,81.5,58.8,6.7,,,17.0,63.2,21.9,9.8,18.0,30.0,,25.2,74.4,18.3,37.8,12.8,33.9,3.0,15.4,IA,Audubon,5534,19009,Audubon County,Iowa,0.0611,0.0846,0.3843,0.0579,0.0706,5651.0,2025,2022,15.2,28.5,6.9,8.0,11.8,3.4,4.3,23.9,13.4,11.8,10.7,,7.6,7.5,33.1,2023,0,Low
19011,6.5,22.9,23.4,30.1,58.2,7.5,9.9,,5.2,75.6,82.9,62.7,5.7,,,15.2,66.6,21.3,8.6,15.7,30.6,,22.1,82.0,17.2,40.6,11.6,34.7,2.6,8.8,IA,Benton,25796,19011,Benton County,Iowa,0.007,0.0092,0.125,0.0474,0.0283,25652.0,2025,2022,13.6,25.2,6.2,6.8,10.0,2.8,3.5,23.7,10.5,8.6,8.8,,6.3,6.0,31.8,2023,0,Low
19013,7.4,25.0,22.0,32.4,59.7,7.1,10.5,,5.7,77.8,83.1,66.4,6.4,,,16.9,63.4,21.6,10.8,18.5,33.3,,23.5,78.2,17.2,42.0,12.0,36.0,3.0,10.1,IA,Black Hawk,130471,19013,Black Hawk County,Iowa,0.5667,0.4308,0.441,0.5383,0.7992,131041.0,2025,2022,14.4,27.9,6.5,7.8,11.9,3.4,4.3,23.8,13.5,12.6,10.3,,8.0,7.7,31.8,2023,2,Moderate
19015,6.6,22.9,23.7,31.0,57.5,7.5,9.9,,5.1,75.4,82.9,60.7,5.5,,,14.4,67.9,21.3,8.9,15.5,31.0,,23.3,80.2,17.1,42.9,11.4,35.3,2.6,9.2,IA,Boone,26590,19015,Boone County,Iowa,0.0255,0.0204,0.0321,0.1152,0.252,26700.0,2025,2022,13.4,24.8,6.1,6.6,10.1,2.7,3.5,24.3,10.3,8.2,8.8,,6.2,6.0,33.7,2023,0,Low
19017,6.1,22.6,23.6,29.5,58.0,7.6,9.8,,5.0,75.4,83.6,63.6,5.4,,,14.2,68.6,20.5,8.4,14.7,29.0,,21.4,80.1,16.5,38.6,11.0,34.5,2.5,9.3,IA,Bremer,25307,19017,Bremer County,Iowa,0.021,0.0045,0.0894,0.1225,0.1766,25012.0,2025,2022,12.9,23.6,6.0,6.4,9.6,2.6,3.3,22.4,9.8,7.9,8.5,,6.0,5.8,30.8,2023,0,Low
19019,6.8,22.9,24.1,30.5,57.7,7.4,10.0,,5.2,74.9,82.4,62.6,5.8,,,15.6,69.7,21.3,8.9,15.7,29.8,,22.6,78.6,17.3,37.4,11.7,35.4,2.7,13.4,IA,Buchanan,20691,19019,Buchanan County,Iowa,0.0655,0.077,0.2549,0.0407,0.1537,20631.0,2025,2022,13.9,25.8,6.3,7.0,10.4,2.8,3.6,23.9,11.0,8.9,9.3,,6.4,6.2,32.4,2023,0,Low
19021,13.2,22.3,18.8,31.6,59.0,6.4,9.4,,6.0,75.4,81.0,55.3,6.4,,,16.2,62.4,18.3,11.7,22.1,32.1,,29.7,77.9,16.9,38.9,13.3,34.9,3.2,17.6,IA,Buena Vista,20567,19021,Buena Vista County,Iowa,0.6258,0.4123,0.6055,0.8263,0.7366,20687.0,2025,2022,15.3,28.7,6.8,8.2,13.0,3.9,5.6,28.2,19.1,14.9,14.8,,9.5,9.2,35.6,2023,2,Moderate
19023,7.3,24.6,24.2,31.6,58.1,7.4,10.1,,5.6,75.4,81.8,61.9,6.4,,,16.4,68.4,22.0,9.5,17.5,31.1,,25.7,78.4,17.9,39.3,12.5,31.3,2.9,13.1,IA,Butler,14172,19023,Butler County,Iowa,0.0325,0.0827,0.1747,0.0407,0.0375,14376.0,2025,2022,14.6,26.3,6.6,7.5,11.3,3.2,4.0,23.8,12.4,10.6,10.0,,7.1,6.9,32.1,2023,0,Low
19025,7.4,23.8,22.6,30.8,58.8,7.4,10.0,,5.6,74.9,81.9,56.5,6.3,,,16.4,66.9,21.1,9.6,17.2,30.6,,24.5,75.2,17.6,40.3,12.2,32.0,2.9,11.8,IA,Calhoun,9763,19025,Calhoun County,Iowa,0.092,0.036,0.3398,0.1696,0.2593,9893.0,2025,2022,14.5,27.1,6.6,7.4,11.1,3.1,4.0,24.5,12.4,10.5,10.2,,7.2,7.1,32.4,2023,0,Low
19027,7.3,23.6,23.0,30.8,58.5,7.4,10.0,,5.4,75.6,82.3,60.7,6.1,,,15.9,65.7,21.2,9.3,16.8,30.3,,25.2,79.6,17.6,40.0,12.3,32.4,2.8,12.2,IA,Carroll,20522,19027,Carroll County,Iowa,0.0815,0.0344,0.2736,0.1409,0.2819,20728.0,2025,2022,14.3,26.2,6.5,7.3,10.9,3.0,3.9,23.4,12.1,10.2,9.8,,7.0,6.8,31.9,2023,0,Low
19029,8.1,25.0,21.7,32.3,59.2,7.5,10.4,,6.0,75.4,80.9,60.2,7.2,,,18.2,61.3,22.8,10.5,19.1,30.9,,26.3,78.9,18.6,41.0,13.4,34.3,3.1,15.3,IA,Cass,13130,19029,Cass County,Iowa,0.2144,0.2609,0.3738,0.0881,0.2704,13116.0,2025,2022,15.8,30.3,7.0,8.4,12.8,3.6,4.6,25.6,14.4,13.2,11.1,,8.1,8.0,35.4,2023,2,Moderate
19031,6.9,22.7,23.4,30.2,58.3,7.3,10.1,,5.2,75.1,82.5,61.7,5.9,,,15.4,68.4,22.1,9.2,16.0,29.5,,23.6,80.5,17.7,40.5,11.9,34.6,2.7,14.0,IA,Cedar,18302,19031,Cedar County,Iowa,0.0089,0.0146,0.0694,0.0675,0.0496,18479.0,2025,2022,14.2,26.4,6.4,7.1,10.5,2.9,3.7,24.1,11.2,9.4,9.4,,6.6,6.4,34.1,2023,0,Low
19033,7.6,25.6,22.8,30.5,58.4,7.3,10.2,,5.5,74.5,81.9,64.1,6.2,,,16.3,66.3,22.9,9.5,17.0,29.9,,24.9,77.7,17.9,40.5,12.1,32.3,2.8,11.0,IA,Cerro Gordo,42406,19033,Cerro Gordo County,Iowa,0.1343,0.0738,0.14,0.314,0.4531,42979.0,2025,2022,14.4,27.6,6.6,7.4,11.0,3.1,4.0,25.2,12.4,10.7,10.2,,7.1,7.1,34.3,2023,0,Low
19035,8.4,23.5,21.7,32.1,59.0,7.3,10.2,,5.8,75.0,81.2,59.5,6.8,,,17.2,64.2,22.1,10.2,18.5,31.9,,27.4,75.8,18.3,41.0,12.9,32.2,3.0,15.8,IA,Cherokee,11605,19035,Cherokee County,Iowa,0.1546,0.1002,0.2103,0.265,0.4318,11601.0,2025,2022,15.2,27.8,6.9,8.1,12.0,3.5,4.5,24.7,14.2,12.3,11.1,,7.9,7.8,33.5,2023,0,Low
19037,8.3,23.4,24.0,31.2,57.5,7.4,9.9,,5.5,73.4,81.7,63.5,6.2,,,16.1,68.1,20.6,9.5,17.5,29.2,,25.3,79.7,17.7,39.6,12.3,32.8,2.8,13.3,IA,Chickasaw,11658,19037,Chickasaw County,Iowa,0.0433,0.0582,0.3961,0.0544,0.0436,11957.0,2025,2022,14.7,26.8,6.6,7.4,11.0,3.1,4.0,25.2,12.3,10.2,10.1,,7.0,6.8,32.8,2023,0,Low
19039,12.0,24.4,21.1,32.8,59.2,6.9,10.2,,6.4,74.0,79.5,53.6,7.7,,,19.2,58.3,21.6,11.6,22.3,31.2,,30.3,74.4,18.8,43.2,14.4,34.1,3.4,19.5,IA,Clarke,9588,19039,Clarke County,Iowa,0.8107,0.6262,0.9141,0.552,0.8371,9737.0,2025,2022,17.2,31.8,7.5,9.3,13.9,4.2,5.7,25.6,18.8,16.7,14.2,,9.7,9.6,34.3,2023,3,High
19041,7.3,23.2,22.4,30.5,58.3,7.4,10.1,,5.4,74.7,82.2,59.7,6.2,,,15.9,66.0,21.3,9.5,16.6,29.2,,24.7,77.0,17.5,35.5,12.2,31.8,2.8,9.8,IA,Clay,16511,19041,Clay County,Iowa,0.1826,0.14,0.7407,0.1985,0.1199,16423.0,2025,2022,14.2,26.6,6.5,7.3,11.2,3.1,3.9,24.1,12.1,10.5,9.9,,7.0,6.9,32.8,2023,0,Low
19043,8.3,23.8,23.2,32.6,58.0,7.3,10.3,,6.0,75.2,80.5,56.9,7.2,,,18.7,65.6,21.4,10.1,19.2,30.6,,27.9,74.5,18.7,41.2,13.4,33.3,3.2,16.2,IA,Clayton,16969,19043,Clayton County,Iowa,0.2752,0.2883,0.6048,0.0407,0.2981,17123.0,2025,2022,16.0,28.6,7.1,8.5,12.4,3.6,4.6,24.9,14.7,13.2,11.2,,8.1,7.9,33.8,2023,2,Moderate
19045,7.8,25.1,23.2,32.4,58.6,7.3,10.4,,5.8,74.7,81.5,58.9,6.9,,,17.3,64.3,21.7,10.0,18.0,31.0,,25.7,77.9,18.2,39.3,12.9,34.6,3.0,7.6,IA,Clinton,46158,19045,Clinton County,Iowa,0.3446,0.2949,0.6281,0.2914,0.3446,46488.0,2025,2022,15.2,28.0,6.8,8.1,12.1,3.4,4.4,23.8,13.8,12.4,10.8,,7.8,7.7,33.6,2023,2,Moderate
19047,14.3,23.0,21.0,33.2,59.6,6.7,9.6,,6.3,75.2,80.8,55.9,6.9,,,17.1,61.0,19.5,12.2,22.7,30.8,,31.5,78.9,17.6,43.1,13.9,35.6,3.3,22.2,IA,Crawford,16013,19047,Crawford County,Iowa,0.7563,0.5231,0.979,0.7448,0.5186,16450.0,2025,2022,16.2,30.5,7.3,8.6,13.6,4.1,5.8,26.6,19.8,15.7,14.9,,9.9,9.7,35.3,2023,3,High
19049,5.6,21.8,22.1,28.5,58.8,7.4,9.2,,4.4,75.5,85.2,64.9,4.3,,,10.7,75.3,19.2,8.5,12.9,30.8,,19.2,79.1,14.6,32.4,9.8,27.6,2.3,5.6,IA,Dallas,111092,19049,Dallas County,Iowa,0.0515,0.0121,0.2186,0.4814,0.1394,100367.0,2025,2022,11.1,22.4,5.3,5.4,8.4,2.2,2.9,21.4,8.3,6.2,7.7,,5.3,5.0,28.9,2023,0,Low
19051,9.3,24.2,22.0,31.8,58.0,7.3,10.5,,5.8,74.2,80.5,61.4,7.1,,,18.1,63.9,22.7,9.7,19.5,30.7,,26.8,77.1,18.8,37.8,13.4,33.0,3.0,10.7,IA,Davis,9169,19051,Davis County,Iowa,0.4585,0.4508,0.5329,0.0337,0.6437,9093.0,2025,2022,16.4,29.7,6.9,8.3,12.3,3.5,4.4,26.0,14.1,11.8,11.0,,7.7,7.1,34.8,2023,2,Moderate
19053,8.5,25.2,21.4,31.6,59.3,7.3,10.4,,6.1,74.1,80.8,60.3,7.3,,,18.0,62.6,22.4,10.6,19.7,31.1,,26.8,73.4,18.6,41.7,13.7,34.2,3.2,10.6,IA,Decatur,7665,19053,Decatur County,Iowa,0.524,0.5234,0.1705,0.2364,0.8705,7684.0,2025,2022,15.8,29.5,7.2,8.6,12.8,3.7,4.8,24.0,15.1,13.9,11.6,,8.4,8.3,34.1,2023,2,Moderate
19055,7.5,23.7,22.5,30.6,58.2,7.4,10.1,,5.6,74.6,81.3,61.9,6.5,,,16.9,68.6,21.3,9.5,17.4,30.4,,25.8,80.3,18.2,39.8,12.4,31.5,2.9,13.0,IA,Delaware,17600,19055,Delaware County,Iowa,0.0248,0.0309,0.0805,0.0379,0.1406,17523.0,2025,2022,15.1,27.6,6.8,7.7,11.3,3.2,4.0,24.3,12.7,10.8,10.0,,7.2,6.9,33.6,2023,0,Low
19057,7.8,24.0,22.3,29.8,58.7,7.3,10.2,,5.5,76.8,81.7,60.6,6.4,,,16.5,65.2,22.5,9.8,17.9,29.0,,26.5,74.3,18.2,34.8,12.6,32.6,2.9,17.2,IA,Des Moines,38253,19057,Des Moines County,Iowa,0.4174,0.2192,0.7967,0.4273,0.4655,38824.0,2025,2022,14.9,28.3,6.6,7.7,11.7,3.3,4.2,25.2,14.0,11.7,11.3,,7.7,7.6,33.9,2023,0,Low
19059,6.1,21.9,22.6,29.3,58.0,7.5,9.9,,5.0,74.7,83.4,58.6,5.4,,,13.9,65.9,20.6,8.5,14.7,29.2,,21.5,77.2,16.6,37.6,10.9,34.7,2.6,10.6,IA,Dickinson,18056,19059,Dickinson County,Iowa,0.055,0.0296,0.3395,0.1152,0.1505,17692.0,2025,2022,13.1,24.7,6.1,6.4,9.7,2.7,3.4,22.5,9.9,8.1,8.5,,6.0,5.8,31.5,2023,0,Low
19061,6.7,23.3,23.1,27.4,58.3,7.4,10.0,,5.1,75.9,82.8,60.7,5.7,,,14.3,63.6,20.3,8.8,15.5,28.4,,21.8,78.3,16.8,34.9,11.2,35.3,2.7,11.3,IA,Dubuque,98887,19061,Dubuque County,Iowa,0.2281,0.1422,0.2148,0.3058,0.5762,98812.0,2025,2022,13.4,25.5,6.3,6.9,10.2,2.9,3.7,22.5,11.6,9.5,9.4,,6.6,6.6,31.7,2023,0,Low
19063,9.5,23.5,22.6,32.1,58.1,7.3,10.1,,5.8,74.7,81.1,61.9,6.6,,,17.0,66.1,21.0,10.0,18.6,30.4,,26.2,79.7,18.1,43.2,13.0,34.2,3.0,15.5,IA,Emmet,9229,19063,Emmet County,Iowa,0.2494,0.1887,0.6338,0.4699,0.1791,9349.0,2025,2022,15.3,28.3,6.9,7.9,11.9,3.4,4.5,24.6,14.2,11.8,11.5,,7.9,7.6,33.5,2023,2,Moderate
19065,7.9,23.6,23.4,32.1,58.5,7.4,10.0,,5.8,75.9,81.0,61.0,6.8,,,17.9,60.1,21.5,10.1,18.7,31.0,,27.4,74.0,18.2,39.0,13.0,34.1,3.0,14.7,IA,Fayette,19210,19065,Fayette County,Iowa,0.2179,0.3583,0.2851,0.2294,0.1629,19519.0,2025,2022,15.3,27.9,6.8,8.0,12.0,3.4,4.4,25.1,14.2,12.3,11.2,,7.8,7.8,32.6,2023,0,Low
19067,7.8,23.7,21.7,31.0,58.6,7.2,10.2,,5.7,74.4,81.4,58.0,6.5,,,16.9,65.2,21.9,9.8,17.6,30.4,,25.4,76.6,18.2,40.0,12.5,32.5,2.9,10.2,IA,Floyd,15326,19067,Floyd County,Iowa,0.1196,0.0802,0.2542,0.3086,0.2501,15601.0,2025,2022,15.0,27.9,6.7,7.7,11.6,3.3,4.2,24.4,13.2,11.4,10.7,,7.5,7.4,34.4,2023,0,Low
19069,10.7,24.2,21.6,31.9,59.0,7.1,10.1,,6.1,74.4,81.0,59.7,7.0,,,17.4,62.3,21.7,10.9,20.1,30.4,,28.2,76.9,18.3,40.9,13.6,36.2,3.1,15.2,IA,Franklin,9875,19069,Franklin County,Iowa,0.2132,0.2797,0.6487,0.4613,0.0414,10015.0,2025,2022,15.8,29.6,7.1,8.3,12.6,3.7,5.0,25.3,16.0,13.4,12.6,,8.5,8.5,33.9,2023,2,Moderate
19071,7.1,23.8,22.5,30.6,57.9,7.4,10.2,,5.4,75.1,82.3,60.5,6.1,,,15.9,69.3,21.9,9.3,16.9,30.2,,23.4,77.3,17.8,40.0,12.1,32.7,2.8,12.8,IA,Fremont,6458,19071,Fremont County,Iowa,0.0146,0.0337,0.1896,0.1508,0.0124,6639.0,2025,2022,14.4,26.5,6.5,7.3,10.8,3.0,3.8,23.6,11.7,9.9,9.7,,6.8,6.7,33.2,2023,0,Low
19073,7.6,24.0,22.4,30.9,58.6,7.4,10.3,,5.6,74.8,81.4,61.1,6.6,,,17.3,65.5,22.2,9.8,18.1,29.8,,25.8,72.3,18.4,36.0,12.9,32.6,2.9,13.7,IA,Greene,8584,19073,Greene County,Iowa,0.1664,0.104,0.6214,0.1572,0.2125,8801.0,2025,2022,15.1,27.9,6.7,7.8,11.6,3.3,4.2,23.8,12.8,11.1,10.4,,7.4,7.2,33.5,2023,0,Low
19075,6.2,22.5,23.2,29.2,57.3,7.5,9.9,,5.0,75.3,83.3,64.4,5.4,,,14.3,70.2,21.0,8.6,14.6,30.1,,22.1,82.0,17.2,37.5,11.2,32.9,2.5,8.9,IA,Grundy,12384,19075,Grundy County,Iowa,0.0029,0.0029,0.0948,0.0379,0.0216,12351.0,2025,2022,13.1,24.9,6.1,6.4,9.8,2.6,3.3,23.1,9.7,7.7,8.5,,5.9,5.7,32.9,2023,0,Low
19077,6.9,22.3,23.0,30.0,57.6,7.4,10.0,,5.2,73.7,82.4,61.9,5.8,,,15.2,66.9,21.0,9.1,15.9,30.7,,23.9,77.1,17.4,37.2,11.8,34.1,2.7,10.0,IA,Guthrie,10722,19077,Guthrie County,Iowa,0.0178,0.0484,0.1203,0.1094,0.0353,10619.0,2025,2022,13.9,25.8,6.3,7.0,10.3,2.9,3.7,23.3,11.2,9.2,9.3,,6.6,6.4,32.2,2023,0,Low
19079,8.1,22.6,22.3,30.5,58.4,7.3,10.0,,5.3,76.0,82.5,62.2,5.8,,,15.2,68.4,20.9,9.5,16.5,29.2,,23.8,76.4,17.0,36.6,11.8,32.0,2.7,9.4,IA,Hamilton,14729,19079,Hamilton County,Iowa,0.1289,0.0862,0.4146,0.3675,0.1712,14979.0,2025,2022,14.0,25.4,6.3,7.0,10.5,3.0,3.9,24.0,12.0,9.4,9.9,,6.9,6.6,32.8,2023,0,Low
19081,8.0,23.9,23.3,30.8,58.3,7.3,10.0,,5.5,75.4,81.9,61.7,6.3,,,16.3,65.7,21.9,9.6,17.9,30.7,,26.5,77.1,17.6,42.5,12.5,34.1,2.8,7.3,IA,Hancock,10615,19081,Hancock County,Iowa,0.0713,0.0401,0.3392,0.2294,0.1467,10790.0,2025,2022,14.6,27.3,6.6,7.4,11.2,3.1,4.0,24.8,12.6,10.4,10.1,,7.1,6.9,34.1,2023,0,Low
19083,8.0,23.4,23.0,31.6,58.2,7.4,10.1,,5.6,75.0,81.6,58.8,6.5,,,16.9,64.1,21.6,9.9,17.8,29.8,,25.2,77.2,18.0,39.2,12.5,32.8,2.9,11.3,IA,Hardin,16463,19083,Hardin County,Iowa,0.1514,0.119,0.2825,0.2399,0.3061,16861.0,2025,2022,15.0,27.1,6.7,7.8,11.5,3.3,4.2,23.8,13.1,11.3,10.6,,7.5,7.4,32.7,2023,0,Low
19085,7.2,23.3,23.2,30.7,58.5,7.4,10.1,,5.5,75.7,82.1,57.1,6.2,,,16.1,62.3,21.6,9.7,16.7,31.2,,24.0,79.5,17.7,35.0,12.2,34.8,2.8,17.3,IA,Harrison,14670,19085,Harrison County,Iowa,0.0388,0.049,0.0643,0.0474,0.2024,14623.0,2025,2022,14.5,27.0,6.5,7.4,10.8,3.0,3.9,23.7,12.0,10.1,9.9,,6.9,6.7,32.2,2023,0,Low
19087,8.2,23.5,22.3,32.1,58.6,7.3,9.8,,5.7,74.5,81.4,60.2,6.5,,,16.7,62.2,21.2,10.2,18.1,30.6,,24.8,76.6,17.7,39.1,12.4,38.9,3.0,10.1,IA,Henry,19547,19087,Henry County,Iowa,0.2001,0.1174,0.4967,0.3847,0.273,20436.0,2025,2022,14.8,27.6,6.7,7.6,11.5,3.3,4.2,24.9,12.9,11.4,10.6,,7.5,7.4,31.6,2023,0,Low
19089,8.0,23.6,22.5,31.0,58.2,7.4,10.2,,5.7,74.4,81.2,58.1,6.6,,,17.2,67.0,21.8,9.7,18.0,30.3,,24.6,75.6,18.2,38.2,12.6,32.7,2.9,11.0,IA,Howard,9376,19089,Howard County,Iowa,0.0846,0.1282,0.2024,0.0474,0.1645,9479.0,2025,2022,15.2,27.9,6.8,7.8,11.5,3.2,4.2,24.5,12.9,11.0,10.3,,7.3,7.0,33.2,2023,0,Low
19091,8.1,24.3,22.5,32.0,58.7,7.4,10.3,,5.9,74.8,81.3,62.2,6.9,,,17.4,63.8,21.7,10.2,18.3,30.4,,25.5,78.1,18.4,41.6,12.9,35.3,3.1,10.0,IA,Humboldt,9500,19091,Humboldt County,Iowa,0.1941,0.0815,0.8285,0.2265,0.1868,9606.0,2025,2022,15.3,28.8,7.0,8.1,12.0,3.5,4.5,23.8,13.9,12.4,11.0,,7.9,7.8,32.3,2023,0,Low
19093,7.8,23.5,23.1,30.7,58.5,7.4,10.2,,5.6,74.0,81.6,56.8,6.5,,,16.7,67.8,21.7,9.6,17.6,30.4,,25.7,75.3,17.9,41.4,12.4,32.7,2.9,12.9,IA,Ida,6833,19093,Ida County,Iowa,0.0445,0.0496,0.1995,0.1457,0.0999,6969.0,2025,2022,14.9,27.4,6.7,7.7,11.4,3.2,4.1,24.6,13.0,11.2,10.5,,7.4,7.2,33.6,2023,0,Low
19095,7.0,22.6,22.7,30.5,58.0,7.4,10.0,,5.3,75.8,82.7,61.8,5.9,,,15.0,70.3,21.5,9.1,16.3,30.9,,23.1,76.7,17.6,43.1,11.8,29.6,2.7,12.1,IA,Iowa,16381,19095,Iowa County,Iowa,0.0484,0.0261,0.3245,0.1457,0.1228,16575.0,2025,2022,14.0,26.2,6.4,7.0,10.6,2.9,3.7,23.7,11.2,9.3,9.1,,6.6,6.3,33.1,2023,0,Low
19097,7.4,23.9,23.8,31.3,58.3,7.3,10.2,,5.6,74.7,81.5,59.0,6.5,,,16.8,64.9,22.2,9.6,17.5,30.5,,25.0,74.4,18.3,40.2,12.5,36.0,2.9,11.9,IA,Jackson,19342,19097,Jackson County,Iowa,0.078,0.1225,0.0999,0.0627,0.2265,19470.0,2025,2022,14.9,27.3,6.7,7.7,11.3,3.2,4.1,24.0,12.5,10.9,10.2,,7.2,7.1,33.9,2023,0,Low
19099,7.5,23.4,22.3,31.7,57.8,7.2,10.0,,5.5,75.6,81.8,59.7,6.3,,,16.9,67.1,21.5,9.7,17.4,30.4,,24.1,76.1,17.9,38.3,12.3,32.0,2.9,12.7,IA,Jasper,37919,19099,Jasper County,Iowa,0.2078,0.1693,0.4423,0.1985,0.3134,37808.0,2025,2022,14.7,27.9,6.5,7.5,11.4,3.1,4.0,24.4,12.4,10.3,10.3,,7.1,6.9,31.5,2023,0,Low
19101,7.0,23.1,20.4,31.9,58.2,7.4,9.7,,5.7,75.7,82.1,58.1,6.2,,,14.8,62.8,20.3,10.1,17.6,30.6,,24.1,78.4,16.4,39.7,12.0,34.4,2.9,11.2,IA,Jefferson,15440,19101,Jefferson County,Iowa,0.6774,0.5339,0.5463,0.4683,0.9001,15785.0,2025,2022,13.5,25.9,6.7,7.2,11.1,3.3,4.3,23.6,13.0,11.3,10.1,,7.4,7.3,34.0,2023,2,Moderate
19103,6.4,21.8,22.2,30.8,60.9,7.2,9.7,,5.2,77.5,84.0,60.2,5.4,,,12.3,70.0,20.4,9.7,15.1,29.4,,19.2,81.6,15.7,32.8,10.6,30.8,2.7,13.8,IA,Johnson,157528,19103,Johnson County,Iowa,0.3863,0.3408,0.0213,0.5829,0.8855,153360.0,2025,2022,12.4,23.7,6.0,6.6,10.2,3.0,3.9,22.7,11.2,9.5,9.5,,6.7,6.8,31.2,2023,0,Low
19105,7.4,23.1,23.5,30.6,58.3,7.3,9.9,,5.5,75.8,81.8,61.5,6.2,,,16.4,66.4,21.0,9.4,16.8,30.1,,24.0,77.0,17.7,39.6,12.1,35.6,2.9,10.7,IA,Jones,20900,19105,Jones County,Iowa,0.1082,0.0471,0.342,0.1985,0.2873,20733.0,2025,2022,14.4,26.8,6.6,7.3,11.0,3.1,3.9,24.2,12.4,10.4,10.1,,7.1,7.0,31.5,2023,0,Low
19107,7.8,24.3,22.3,32.8,58.7,7.4,10.3,,5.9,74.3,80.7,60.9,7.0,,,18.2,64.9,22.7,10.4,18.7,30.2,,26.7,75.0,18.8,41.5,13.2,33.2,3.1,15.9,IA,Keokuk,9914,19107,Keokuk County,Iowa,0.0633,0.1623,0.5542,0.0264,0.0095,10026.0,2025,2022,15.7,29.2,7.1,8.3,12.2,3.5,4.4,24.8,14.0,12.7,11.0,,7.8,7.8,34.4,2023,0,Low
19109,7.6,23.2,23.0,29.9,58.3,7.4,10.1,,5.5,75.3,82.2,58.9,6.2,,,15.9,64.6,21.8,9.7,17.1,29.7,,24.4,77.5,18.0,38.9,12.2,36.0,2.8,11.3,IA,Kossuth,14396,19109,Kossuth County,Iowa,0.203,0.085,0.7168,0.1696,0.3099,14718.0,2025,2022,14.6,27.1,6.6,7.4,11.0,3.1,4.0,23.2,12.5,10.5,10.1,,7.1,7.0,32.4,2023,0,Low
19111,7.8,24.8,21.1,31.2,58.6,7.4,10.3,,5.8,74.6,81.2,58.1,6.8,,,18.0,62.9,21.6,10.0,18.6,30.8,,26.1,77.9,18.4,37.5,13.3,36.5,3.1,16.1,IA,Lee,32565,19111,Lee County,Iowa,0.2631,0.2504,0.4114,0.2781,0.336,33442.0,2025,2022,15.2,28.7,6.8,8.1,12.4,3.5,4.4,24.5,13.8,12.6,11.0,,7.8,7.8,31.8,2023,0,Low
19113,6.6,23.3,22.0,28.2,59.2,7.4,10.4,,5.1,76.3,83.3,59.4,5.7,,,13.9,68.1,23.8,9.7,15.5,29.7,,21.8,78.5,17.1,35.6,11.5,32.0,2.7,12.9,IA,Linn,228972,19113,Linn County,Iowa,0.1944,0.1009,0.2984,0.4588,0.3999,229308.0,2025,2022,13.6,26.4,6.2,6.9,10.3,2.9,3.7,24.8,12.1,9.6,9.7,,6.8,6.9,33.9,2023,0,Low
19115,10.4,23.2,21.3,30.3,58.4,6.9,9.8,,5.5,75.1,81.7,63.8,6.1,,,16.0,64.3,20.7,10.1,18.6,30.5,,27.2,80.9,17.3,40.0,12.5,37.8,2.9,11.5,IA,Louisa,10513,19115,Louisa County,Iowa,0.2676,0.2106,0.5393,0.5679,0.2113,10823.0,2025,2022,14.8,28.0,6.6,7.4,11.6,3.3,4.4,25.9,14.5,11.1,11.7,,7.7,7.3,33.5,2023,2,Moderate
19117,8.6,24.9,21.9,32.5,59.1,7.3,10.4,,6.2,74.9,80.2,58.1,7.5,,,18.9,61.9,22.6,10.6,19.9,30.6,,26.9,80.8,19.0,39.8,13.6,34.8,3.2,16.8,IA,Lucas,8747,19117,Lucas County,Iowa,0.3458,0.3239,0.7302,0.0544,0.3328,8666.0,2025,2022,16.3,29.8,7.3,8.7,12.8,3.7,4.8,24.7,14.9,13.8,11.5,,8.2,8.2,33.1,2023,2,Moderate
19119,7.8,24.3,26.3,32.4,59.8,7.8,10.4,,5.5,76.6,83.1,61.4,6.1,,,16.6,68.5,22.2,9.8,17.4,31.9,,26.0,78.8,18.5,42.6,12.6,31.7,2.8,10.0,IA,Lyon,12324,19119,Lyon County,Iowa,0.0286,0.0105,0.2965,0.0675,0.0881,12023.0,2025,2022,14.8,28.9,6.7,7.3,11.4,3.0,3.8,24.1,11.0,9.0,9.3,,6.5,6.2,33.3,2023,0,Low
19121,6.3,22.4,23.5,28.8,56.7,7.5,9.8,,5.0,75.1,83.3,62.4,5.4,,,14.1,72.5,21.3,8.5,14.8,30.5,,21.6,81.8,17.1,36.6,11.3,31.3,2.5,7.6,IA,Madison,16971,19121,Madison County,Iowa,0.0035,0.006,0.0869,0.0821,0.0194,16609.0,2025,2022,13.4,24.7,6.0,6.5,9.7,2.6,3.3,23.7,9.8,7.8,8.5,,5.9,5.6,33.0,2023,0,Low
19123,7.4,24.3,21.8,31.6,58.9,7.3,10.2,,5.7,74.3,81.3,60.0,6.6,,,17.1,67.4,22.1,9.7,17.9,30.5,,27.1,75.3,18.2,39.0,12.7,35.1,3.0,16.7,IA,Mahaska,21874,19123,Mahaska County,Iowa,0.1575,0.099,0.5161,0.182,0.2488,22059.0,2025,2022,14.9,27.9,6.7,7.7,11.7,3.3,4.2,24.4,13.0,11.4,10.4,,7.4,7.3,33.0,2023,0,Low
19125,6.2,22.8,23.3,30.0,57.2,7.6,9.7,,5.0,75.5,83.4,62.3,5.4,,,14.0,71.8,22.1,8.7,15.1,29.7,,21.4,76.7,17.0,40.0,11.1,29.3,2.5,9.8,IA,Marion,33770,19125,Marion County,Iowa,0.099,0.0248,0.2784,0.1094,0.4375,33487.0,2025,2022,13.2,26.3,6.1,6.4,10.1,2.6,3.3,22.9,10.0,8.0,8.4,,5.9,5.7,31.7,2023,0,Low
19127,11.5,22.6,21.6,30.6,57.9,6.8,9.5,,5.6,76.6,82.0,56.9,6.1,,,15.5,63.2,20.0,10.8,19.4,31.0,,27.4,74.5,16.8,44.4,12.9,35.1,2.9,17.4,IA,Marshall,40014,19127,Marshall County,Iowa,0.6799,0.4149,0.6841,0.7003,0.8645,40049.0,2025,2022,14.8,28.7,6.8,7.6,12.0,3.5,4.8,24.7,15.7,12.2,12.7,,8.2,8.0,32.6,2023,2,Moderate
19129,6.3,22.7,23.1,29.8,57.9,7.5,9.9,,5.0,75.2,83.4,62.4,5.3,,,13.9,65.4,21.0,8.8,14.6,31.2,,21.4,79.6,16.9,38.8,11.1,31.8,2.6,10.3,IA,Mills,14633,19129,Mills County,Iowa,0.0811,0.07,0.3054,0.1276,0.1709,14605.0,2025,2022,13.0,24.5,6.1,6.5,9.9,2.7,3.4,22.5,9.8,7.9,8.6,,6.0,5.8,31.9,2023,0,Low
19131,7.3,23.5,23.3,31.0,58.8,7.4,10.1,,5.5,75.0,82.0,60.1,6.2,,,16.0,64.3,21.0,9.3,16.6,30.1,,24.3,78.2,17.6,40.4,12.1,34.2,2.8,9.9,IA,Mitchell,10518,19131,Mitchell County,Iowa,0.085,0.1028,0.3433,0.0169,0.1362,10537.0,2025,2022,14.4,26.4,6.5,7.4,11.0,3.1,3.9,23.2,11.8,10.0,9.7,,6.9,6.7,32.5,2023,0,Low
19133,7.7,24.3,21.6,32.0,58.7,7.4,10.3,,5.7,75.4,81.3,58.3,6.8,,,17.2,62.6,22.4,9.9,18.2,29.5,,26.0,75.3,18.7,42.7,12.8,34.4,3.0,12.6,IA,Monona,8493,19133,Monona County,Iowa,0.0951,0.0999,0.4066,0.0983,0.1234,8671.0,2025,2022,15.5,28.7,6.9,8.0,11.9,3.4,4.3,24.1,13.6,12.0,10.9,,7.7,7.5,34.3,2023,0,Low
19135,7.0,23.2,22.9,30.7,57.8,7.4,10.1,,5.4,75.1,82.2,57.7,6.1,,,15.9,66.6,21.8,9.1,16.4,30.7,,23.8,79.4,17.8,38.1,12.0,35.0,2.7,18.2,IA,Monroe,7504,19135,Monroe County,Iowa,0.1203,0.0932,0.1018,0.0675,0.5002,7574.0,2025,2022,14.3,26.5,6.4,7.2,10.7,2.9,3.7,24.1,11.6,9.6,9.5,,6.7,6.5,33.0,2023,0,Low
19137,7.9,23.8,22.1,31.8,58.4,7.4,10.3,,5.7,75.0,81.2,56.7,6.8,,,17.2,61.9,22.0,9.9,18.3,29.9,,26.2,75.5,18.4,39.7,12.9,38.3,3.0,16.7,IA,Montgomery,10139,19137,Montgomery County,Iowa,0.1432,0.1744,0.5406,0.2062,0.0869,10285.0,2025,2022,15.3,28.0,6.8,8.0,11.9,3.4,4.3,24.2,13.6,11.8,10.8,,7.6,7.5,32.6,2023,0,Low
19139,10.5,23.3,22.9,31.0,58.7,7.0,9.8,,5.6,74.3,81.8,57.4,6.2,,,16.2,65.4,20.1,10.3,18.9,29.6,,28.1,78.3,18.0,41.4,12.7,34.4,2.9,11.2,IA,Muscatine,42218,19139,Muscatine County,Iowa,0.4792,0.2173,0.8212,0.6077,0.5329,42968.0,2025,2022,15.1,28.3,6.7,7.6,11.9,3.4,4.6,25.1,15.0,12.1,12.0,,8.0,7.8,33.1,2023,2,Moderate
19141,8.7,23.9,21.8,31.3,57.4,7.3,10.2,,5.8,74.5,81.0,58.1,6.8,,,17.2,64.6,22.2,10.0,18.8,30.2,,26.2,78.9,18.3,39.3,13.0,35.4,3.0,15.6,IA,O'Brien,14012,19141,O'Brien County,Iowa,0.3681,0.1234,0.6026,0.2733,0.784,14138.0,2025,2022,15.5,29.3,7.0,8.1,12.1,3.5,4.5,23.9,14.2,12.3,11.1,,7.9,7.7,33.3,2023,2,Moderate
19143,10.3,23.7,21.5,31.8,58.3,7.1,10.2,,6.0,73.9,80.2,57.8,7.1,,,18.0,64.1,21.7,10.6,20.1,30.7,,27.8,80.2,18.3,40.1,13.5,33.8,3.2,11.4,IA,Osceola,5978,19143,Osceola County,Iowa,0.251,0.2593,0.776,0.3939,0.0665,6149.0,2025,2022,16.1,30.3,7.2,8.5,12.8,3.7,4.9,25.7,16.0,13.4,12.4,,8.5,8.2,34.3,2023,2,Moderate
19145,8.6,24.5,21.7,34.0,59.6,7.3,10.2,,6.1,74.9,80.6,57.1,7.2,,,18.6,62.5,21.4,10.6,19.4,30.4,,27.2,76.4,18.3,42.8,13.3,32.9,3.2,13.9,IA,Page,15014,19145,Page County,Iowa,0.3878,0.3904,0.4327,0.265,0.4623,15225.0,2025,2022,15.8,29.8,7.1,8.4,12.7,3.7,4.7,25.3,15.1,13.5,11.7,,8.4,8.3,32.5,2023,2,Moderate
19147,7.3,23.2,23.1,30.9,58.5,7.4,10.1,,5.5,75.1,82.0,57.6,6.2,,,15.9,67.3,21.5,9.4,16.7,30.0,,23.9,78.3,17.7,40.6,12.2,33.7,2.8,9.6,IA,Palo Alto,8810,19147,Palo Alto County,Iowa,0.1422,0.0745,0.371,0.2536,0.3188,8938.0,2025,2022,14.5,26.4,6.6,7.4,11.0,3.1,4.0,23.8,12.0,10.3,10.0,,7.1,6.9,32.1,2023,0,Low
19149,7.4,22.5,23.7,29.7,58.0,7.3,9.8,,5.1,74.8,82.9,61.1,5.5,,,14.9,67.0,20.0,9.0,15.5,29.4,,23.1,79.8,16.9,39.4,11.4,32.8,2.6,12.1,IA,Plymouth,25722,19149,Plymouth County,Iowa,0.0624,0.015,0.4664,0.3016,0.1158,25621.0,2025,2022,13.5,25.0,6.2,6.7,10.0,2.8,3.6,24.2,11.1,8.7,9.5,,6.5,6.3,32.9,2023,0,Low
19151,8.5,23.4,22.4,30.6,58.5,7.3,10.2,,5.6,75.1,81.6,59.2,6.5,,,16.7,67.9,21.4,9.8,18.1,30.4,,25.9,80.7,18.1,36.7,12.7,33.9,2.9,15.7,IA,Pocahontas,6976,19151,Pocahontas County,Iowa,0.1476,0.2631,0.4836,0.2323,0.0417,7061.0,2025,2022,15.1,28.0,6.7,7.8,11.6,3.3,4.3,24.9,13.6,11.4,11.0,,7.7,7.4,34.1,2023,0,Low
19153,7.6,24.0,21.3,30.1,59.3,7.0,9.8,,5.2,74.8,83.1,61.8,5.5,,,13.3,64.0,21.7,9.6,17.0,31.6,,23.5,77.5,17.4,36.9,12.2,35.3,2.7,11.9,IA,Polk,505255,19153,Polk County,Iowa,0.4477,0.2431,0.5947,0.5994,0.595,493378.0,2025,2022,13.5,25.9,5.9,6.7,10.4,2.9,3.8,24.0,12.7,10.3,10.7,,7.1,7.0,34.0,2023,0,Low
19155,8.6,23.0,22.7,30.8,59.3,7.2,10.4,,5.5,74.8,81.6,60.2,6.5,,,17.4,62.2,22.8,9.7,18.0,31.1,,26.2,74.0,18.3,39.2,12.6,35.5,2.9,14.0,IA,Pottawattamie,93179,19155,Pottawattamie County,Iowa,0.4944,0.2864,0.7448,0.4085,0.6312,93543.0,2025,2022,15.2,29.5,6.7,8.0,12.1,3.4,4.4,25.7,14.8,12.1,11.3,,7.9,7.6,35.9,2023,2,Moderate
19157,7.5,23.7,21.4,31.0,58.8,7.3,10.1,,5.5,74.6,82.0,60.2,6.4,,,16.2,65.1,22.8,9.5,17.3,30.4,,24.7,75.9,17.8,42.2,12.2,32.9,2.9,8.4,IA,Poweshiek,18453,19157,Poweshiek County,Iowa,0.2348,0.2132,0.0665,0.2364,0.6946,18608.0,2025,2022,14.6,27.5,6.6,7.6,11.3,3.2,4.1,24.4,12.8,10.9,10.3,,7.2,7.1,33.3,2023,0,Low
19159,6.9,23.1,23.4,30.4,58.2,7.4,10.1,,5.3,75.4,82.5,58.7,5.9,,,15.5,65.5,22.3,9.1,16.3,30.0,,23.6,77.0,17.6,43.0,11.9,35.5,2.7,16.0,IA,Ringgold,4642,19159,Ringgold County,Iowa,0.2176,0.1018,0.7556,0.0821,0.3261,4690.0,2025,2022,14.2,26.4,6.3,7.1,10.7,2.9,3.7,24.0,11.6,9.5,9.4,,6.6,6.4,33.7,2023,0,Low
19161,7.6,23.7,23.1,30.1,57.5,7.4,10.1,,5.5,74.7,82.0,61.3,6.1,,,15.8,67.8,21.5,9.2,17.0,30.0,,24.1,74.5,17.8,41.6,12.2,35.8,2.8,10.9,IA,Sac,9686,19161,Sac County,Iowa,0.0614,0.0605,0.1941,0.1152,0.1814,9778.0,2025,2022,14.5,27.2,6.6,7.3,10.9,3.1,3.9,23.9,12.0,10.0,9.9,,7.0,6.8,32.6,2023,0,Low
19163,7.2,25.1,23.0,29.3,59.4,7.2,10.6,,5.2,76.9,83.1,63.8,5.8,,,14.3,69.8,21.2,9.4,16.8,30.1,,23.2,83.3,17.2,40.6,11.9,35.5,2.8,9.6,IA,Scott,174270,19163,Scott County,Iowa,0.3252,0.1896,0.482,0.5581,0.4534,174315.0,2025,2022,13.3,24.6,6.1,6.9,10.6,3.0,3.9,23.9,13.3,11.1,11.2,,7.2,7.4,34.2,2023,0,Low
19165,7.5,23.8,23.2,29.8,58.3,7.4,10.2,,5.4,75.1,82.2,57.4,6.0,,,15.9,66.4,21.6,9.3,17.1,30.5,,24.4,74.7,17.7,38.1,12.2,32.1,2.8,14.4,IA,Shelby,11806,19165,Shelby County,Iowa,0.029,0.0783,0.1193,0.1654,0.036,11737.0,2025,2022,14.2,27.5,6.6,7.3,10.9,3.0,3.9,24.3,11.9,10.0,9.9,,6.9,6.7,32.6,2023,0,Low
19167,8.3,21.1,22.1,30.5,57.1,7.3,9.7,,5.1,75.5,83.1,56.9,5.4,,,14.0,67.3,20.8,8.9,15.5,31.3,,23.0,80.1,16.4,34.5,11.5,27.8,2.6,9.2,IA,Sioux,36246,19167,Sioux County,Iowa,0.1311,0.0509,0.2625,0.4057,0.3458,35815.0,2025,2022,13.5,24.5,6.1,6.6,10.0,2.8,3.7,24.0,11.3,8.5,9.7,,6.5,6.2,33.5,2023,0,Low
19169,6.3,22.6,22.5,31.0,57.5,7.4,9.7,,5.4,76.4,83.2,65.4,5.6,,,13.8,69.0,20.9,9.8,15.9,32.7,,22.2,79.3,16.1,35.0,11.3,29.1,2.8,12.2,IA,Story,98566,19169,Story County,Iowa,0.2364,0.4521,0.001,0.4839,0.6974,98573.0,2025,2022,12.9,25.3,6.4,6.7,10.3,3.0,3.8,21.2,11.4,9.4,9.4,,6.8,6.8,32.1,2023,0,Low
19171,10.0,24.0,21.6,31.4,58.4,7.2,10.3,,6.0,74.4,80.9,59.2,7.0,,,17.8,62.8,21.4,10.7,20.2,30.2,,27.8,76.2,18.4,40.4,13.5,35.3,3.2,13.6,IA,Tama,16833,19171,Tama County,Iowa,0.4384,0.35,0.7292,0.5476,0.293,17017.0,2025,2022,15.9,30.6,7.2,8.5,12.8,3.7,5.0,25.8,16.2,13.8,12.7,,8.8,8.7,33.9,2023,2,Moderate
19173,9.0,24.2,22.1,32.3,58.8,7.2,10.0,,5.7,74.7,81.4,58.4,6.6,,,17.0,63.8,22.1,10.0,18.5,31.3,,26.4,78.1,17.9,40.0,13.0,34.8,2.9,9.4,IA,Taylor,5924,19173,Taylor County,Iowa,0.1292,0.1187,0.567,0.3503,0.0741,5916.0,2025,2022,15.2,28.8,6.8,7.8,11.9,3.3,4.3,24.8,13.5,11.3,11.0,,7.5,7.3,33.9,2023,0,Low
19175,7.8,23.8,21.6,31.9,58.7,7.4,10.2,,5.6,75.6,81.8,60.0,6.5,,,16.5,63.5,21.8,9.8,17.7,30.9,,25.6,76.8,18.0,37.6,12.6,32.8,2.9,10.9,IA,Union,11906,19175,Union County,Iowa,0.3767,0.3233,0.5991,0.1339,0.4887,12107.0,2025,2022,14.8,27.8,6.8,7.8,11.6,3.3,4.2,23.8,13.1,11.5,10.5,,7.5,7.3,32.6,2023,0,Low
19177,8.6,24.8,21.9,32.8,58.8,7.4,10.6,,6.2,74.2,80.2,55.2,7.6,,,19.2,61.6,22.9,10.5,20.4,30.2,,27.3,72.0,19.1,39.5,13.9,34.8,3.2,13.9,IA,Van Buren,7266,19177,Van Buren County,Iowa,0.3608,0.5724,0.4292,0.0229,0.2424,7207.0,2025,2022,16.5,30.7,7.3,8.8,13.0,3.8,4.8,25.0,15.1,13.9,11.4,,8.3,8.1,33.7,2023,2,Moderate
19179,10.4,24.5,20.3,31.8,60.4,7.0,10.3,,6.1,75.1,80.6,61.4,7.3,,,18.3,58.4,21.1,11.5,21.0,32.0,,29.6,71.9,18.3,41.9,14.0,38.4,3.3,15.7,IA,Wapello,35166,19179,Wapello County,Iowa,0.7852,0.6478,0.922,0.5383,0.728,35292.0,2025,2022,16.2,31.2,7.3,8.8,13.5,4.0,5.3,25.6,17.0,15.2,13.3,,9.2,9.2,34.8,2023,2,Moderate
19181,6.0,22.7,23.6,29.0,58.6,7.6,9.7,,4.7,75.2,84.1,64.4,5.0,,,12.8,67.1,21.1,8.4,13.8,30.9,,21.0,79.7,16.3,38.7,10.7,33.2,2.4,8.0,IA,Warren,55205,19181,Warren County,Iowa,0.0741,0.0137,0.2389,0.1654,0.3761,52709.0,2025,2022,12.5,23.7,5.8,6.1,9.3,2.5,3.1,22.1,9.1,7.1,7.9,,5.6,5.4,31.7,2023,0,Low
19183,8.2,23.6,23.0,31.6,59.2,7.3,9.9,,5.4,75.1,82.1,61.3,6.2,,,15.6,68.2,21.9,9.6,17.1,30.6,,24.6,78.7,17.5,38.8,12.4,31.7,2.8,10.5,IA,Washington,22560,19183,Washington County,Iowa,0.1397,0.0948,0.6548,0.3016,0.1034,22534.0,2025,2022,14.4,26.9,6.4,7.4,11.3,3.1,4.1,23.8,12.2,10.4,10.0,,7.1,6.9,33.8,2023,0,Low
19185,8.2,24.6,22.0,31.6,58.1,7.3,10.5,,6.0,74.7,80.6,56.8,7.1,,,18.2,58.5,22.5,10.0,19.1,30.7,,27.0,74.5,18.9,41.2,13.4,33.4,3.1,15.2,IA,Wayne,6557,19185,Wayne County,Iowa,0.4168,0.3105,0.8626,0.0881,0.405,6484.0,2025,2022,16.0,28.9,7.0,8.4,12.2,3.5,4.4,24.9,13.9,12.4,11.0,,7.8,7.6,34.0,2023,2,Moderate
19187,8.3,24.1,23.0,33.1,58.7,7.3,10.2,,5.7,75.8,81.6,59.5,6.6,,,17.1,67.6,21.3,10.1,18.0,30.0,,26.6,76.7,18.0,42.2,12.5,37.7,3.0,12.6,IA,Webster,36485,19187,Webster County,Iowa,0.3439,0.2039,0.2844,0.4273,0.6977,36986.0,2025,2022,14.9,27.2,6.7,7.7,11.6,3.4,4.3,24.9,14.1,11.6,11.1,,7.8,7.8,34.8,2023,2,Moderate
19189,7.5,23.4,22.7,31.0,58.3,7.4,10.0,,5.4,75.4,82.4,60.7,6.0,,,15.4,71.2,21.5,9.3,16.5,30.3,,23.4,78.4,17.4,39.3,12.0,31.1,2.8,14.0,IA,Winnebago,10571,19189,Winnebago County,Iowa,0.1403,0.0286,0.6258,0.2914,0.2832,10704.0,2025,2022,14.0,26.0,6.4,7.2,10.7,3.0,3.9,23.2,11.8,9.9,9.9,,7.0,6.8,32.0,2023,0,Low
19191,6.3,22.0,22.9,28.6,57.4,7.5,9.7,,5.1,75.8,83.2,62.1,5.4,,,13.7,71.0,20.6,8.5,14.4,29.3,,21.5,77.6,16.7,36.1,11.0,28.8,2.6,8.4,IA,Winneshiek,19815,19191,Winneshiek County,Iowa,0.0522,0.0337,0.0821,0.0735,0.3423,20050.0,2025,2022,13.0,23.6,6.1,6.4,9.6,2.7,3.4,22.2,9.6,7.9,8.4,,6.0,5.8,31.1,2023,0,Low
19193,10.9,22.5,20.9,32.3,60.5,6.7,9.8,,5.8,75.7,81.6,54.9,6.6,,,16.5,60.3,20.3,11.0,20.3,30.2,,28.4,76.2,18.1,39.5,13.6,32.0,3.1,10.1,IA,Woodbury,105951,19193,Woodbury County,Iowa,0.7197,0.4804,0.8766,0.6752,0.7276,105526.0,2025,2022,15.2,28.4,6.8,8.1,12.3,3.7,5.0,26.1,15.8,13.5,12.9,,8.8,8.5,33.7,2023,2,Moderate
19195,7.3,23.8,22.6,31.0,57.7,7.4,10.0,,5.4,75.4,82.3,62.1,6.1,,,15.9,69.7,21.6,9.4,16.8,30.9,,24.0,78.4,17.6,40.4,12.0,33.5,2.8,11.5,IA,Worth,7297,19195,Worth County,Iowa,0.0232,0.0585,0.0802,0.1037,0.0675,7417.0,2025,2022,14.3,26.5,6.5,7.2,10.8,3.0,3.8,23.9,11.6,9.7,9.8,,6.8,6.7,32.5,2023,0,Low
19197,10.6,23.7,22.2,31.5,59.1,7.1,10.0,,6.0,75.1,81.3,57.0,6.8,,,16.8,61.8,20.9,10.9,19.7,31.1,,27.0,77.3,17.5,41.3,13.2,33.4,3.1,14.6,IA,Wright,12656,19197,Wright County,Iowa,0.3971,0.1464,0.9742,0.4814,0.2351,12897.0,2025,2022,15.4,29.3,7.1,8.2,12.6,3.7,5.0,24.3,16.1,13.6,12.4,,8.6,8.5,32.7,2023,2,Moderate
20001,9.6,24.6,17.7,31.4,60.2,7.3,10.5,,5.9,74.8,81.5,52.9,7.0,,,17.4,58.1,23.9,10.1,18.8,31.1,,27.7,68.5,18.6,38.0,13.0,38.5,3.0,14.1,KS,Allen,12412,20001,Allen County,Kansas,0.5854,0.5702,0.6433,0.3217,0.6115,12554.0,2025,2022,16.6,31.9,7.2,8.5,13.0,3.5,4.5,21.7,14.3,8.9,12.2,,7.9,9.4,31.5,2023,2,Moderate
20003,10.3,24.7,18.1,32.8,58.8,7.2,10.5,,6.1,73.1,80.2,50.0,7.5,,,18.8,59.1,22.9,10.2,19.7,32.1,,28.0,71.0,19.0,40.3,13.4,35.5,3.2,14.1,KS,Anderson,7838,20003,Anderson County,Kansas,0.4085,0.5854,0.7595,0.1928,0.105,7799.0,2025,2022,17.3,32.9,7.5,9.0,13.7,3.7,4.7,23.1,15.2,9.3,12.5,,8.1,9.4,32.2,2023,2,Moderate
20005,9.3,24.4,17.8,32.6,59.8,7.0,10.4,,5.8,73.6,81.4,56.0,6.8,,,17.0,60.7,22.3,10.0,18.6,31.0,,27.4,68.9,18.5,38.8,12.6,36.3,3.0,14.9,KS,Atchison,16016,20005,Atchison County,Kansas,0.4728,0.3859,0.3535,0.3824,0.7181,16309.0,2025,2022,16.2,31.5,7.0,8.3,12.8,3.4,4.4,21.9,13.8,8.4,12.2,,7.7,9.3,32.4,2023,2,Moderate
20007,9.3,24.3,18.0,32.3,59.5,7.2,10.4,,6.0,73.5,81.4,52.1,7.0,,,17.1,58.9,22.6,10.0,18.5,31.7,,27.1,71.9,18.2,38.6,12.8,34.6,3.0,15.6,KS,Barber,4071,20007,Barber County,Kansas,0.5107,0.42,0.7531,0.3847,0.476,4081.0,2025,2022,16.3,31.7,7.3,8.4,13.1,3.5,4.6,20.9,13.8,8.7,12.1,,7.7,9.3,29.9,2023,2,Moderate
20009,12.3,24.4,16.9,32.5,59.1,6.9,10.2,,6.1,74.8,81.2,56.1,7.2,,,16.9,60.8,21.5,10.8,20.2,32.4,,28.7,68.0,17.7,39.2,13.2,34.6,3.1,15.6,KS,Barton,24899,20009,Barton County,Kansas,0.7006,0.5562,0.9847,0.5269,0.3716,25477.0,2025,2022,16.8,33.4,7.4,8.7,13.7,3.8,5.1,21.8,16.5,9.9,14.0,,8.6,10.4,31.1,2023,2,Moderate
20011,9.5,25.8,17.6,33.3,60.6,7.2,10.5,,6.1,75.2,81.1,51.5,7.4,,,17.8,56.0,22.8,10.4,19.5,32.6,,29.5,69.1,18.5,37.3,13.5,40.8,3.2,14.3,KS,Bourbon,14408,20011,Bourbon County,Kansas,0.5126,0.4057,0.707,0.328,0.5647,14405.0,2025,2022,16.8,32.5,7.3,8.8,13.9,3.8,4.8,21.7,14.8,9.6,12.5,,8.2,9.9,31.5,2023,2,Moderate
20013,9.6,25.3,17.4,33.3,59.5,7.1,10.7,,6.0,74.9,81.5,54.2,7.1,,,18.2,61.3,22.6,10.3,18.7,31.3,,27.2,71.1,18.8,39.6,13.1,33.3,3.1,13.1,KS,Brown,9250,20013,Brown County,Kansas,0.1893,0.3188,0.3258,0.5183,0.0544,9486.0,2025,2022,16.6,31.7,7.4,8.7,13.3,3.6,4.7,22.2,14.9,9.2,12.8,,8.3,9.8,31.5,2023,2,Moderate
20015,8.6,23.4,17.6,31.3,59.8,7.3,10.2,,5.3,75.2,83.3,57.6,5.8,,,14.5,65.3,21.8,9.3,16.2,32.1,,22.5,71.1,17.4,38.8,11.8,37.3,2.7,12.2,KS,Butler,68632,20015,Butler County,Kansas,0.1295,0.0818,0.2173,0.3917,0.2927,67618.0,2025,2022,14.9,29.3,6.7,7.3,11.6,2.9,3.8,21.1,11.9,6.6,10.9,,6.7,7.9,32.7,2023,0,Low
20017,11.3,24.6,17.3,33.1,60.4,7.2,10.2,,6.3,74.5,81.1,53.7,7.3,,,17.3,60.8,21.7,10.8,19.7,31.7,,27.6,74.1,17.8,38.8,13.1,34.9,3.2,17.1,KS,Chase,2579,20017,Chase County,Kansas,0.2358,0.2246,0.482,0.3503,0.216,2570.0,2025,2022,16.4,32.4,7.5,8.7,13.8,3.8,5.0,21.3,15.4,9.7,13.0,,8.5,10.1,30.9,2023,2,Moderate
20019,11.5,25.4,17.1,34.3,59.7,7.0,10.9,,6.8,73.4,79.9,52.0,8.3,,,20.1,56.3,23.2,11.3,22.0,31.5,,30.6,69.1,19.7,40.9,14.5,37.0,3.5,13.9,KS,Chautauqua,3347,20019,Chautauqua County,Kansas,0.5781,0.6557,0.5186,0.4613,0.4881,3389.0,2025,2022,18.4,35.4,8.2,10.0,15.3,4.3,5.7,22.8,18.0,11.8,14.6,,9.8,11.5,31.8,2023,2,Moderate
20021,10.1,25.7,16.8,32.8,59.9,7.1,11.0,,6.4,74.7,80.5,53.0,7.9,,,19.3,58.3,23.8,10.6,21.0,32.0,,28.8,70.8,19.3,43.7,14.1,37.0,3.3,14.3,KS,Cherokee,19054,20021,Cherokee County,Kansas,0.4718,0.4598,0.5816,0.4018,0.4346,19380.0,2025,2022,17.9,35.4,7.9,9.6,14.5,4.0,5.2,22.4,16.4,10.7,13.4,,9.2,10.5,32.5,2023,2,Moderate
20023,11.9,24.7,17.2,32.9,59.7,7.0,10.4,,6.4,73.8,80.3,52.4,7.7,,,18.6,58.8,22.9,11.1,21.0,31.6,,30.8,70.8,18.8,38.5,13.9,34.9,3.3,14.9,KS,Cheyenne,2636,20023,Cheyenne County,Kansas,0.2953,0.4858,0.8056,0.3058,0.0213,2619.0,2025,2022,17.5,33.5,7.8,9.3,14.3,4.1,5.3,22.5,16.7,10.6,13.7,,9.0,10.5,33.9,2023,2,Moderate
20025,10.3,23.2,18.4,31.1,58.9,7.1,10.0,,5.4,74.3,82.7,55.1,6.0,,,14.5,62.8,21.1,9.5,17.0,31.1,,25.1,71.4,16.9,37.2,11.9,35.4,2.8,16.9,KS,Clark,1847,20025,Clark County,Kansas,0.2354,0.0528,0.9424,0.4445,0.1604,1977.0,2025,2022,14.8,28.8,6.7,7.5,11.8,3.1,4.2,20.9,12.7,7.0,11.5,,7.1,8.3,31.5,2023,0,Low
20027,9.2,24.5,18.8,32.3,59.6,7.3,10.3,,5.8,73.8,81.6,55.2,6.8,,,17.3,59.2,23.3,9.7,18.0,30.8,,25.8,72.5,18.0,39.8,12.6,35.5,3.0,11.1,KS,Clay,8007,20027,Clay County,Kansas,0.4636,0.1814,0.8743,0.1985,0.7086,8088.0,2025,2022,16.0,31.4,7.2,8.2,12.8,3.4,4.3,22.1,13.2,8.0,11.7,,7.5,9.0,32.9,2023,2,Moderate
20029,9.1,24.5,17.9,33.3,59.3,7.3,10.3,,5.8,73.9,81.5,53.5,6.9,,,16.8,61.4,23.1,10.0,17.9,30.9,,27.4,72.6,18.4,42.1,12.8,35.8,3.0,16.4,KS,Cloud,8854,20029,Cloud County,Kansas,0.3427,0.4454,0.3611,0.2692,0.3137,9008.0,2025,2022,16.2,31.7,7.2,8.3,12.9,3.5,4.4,21.9,13.2,8.2,11.8,,7.6,9.0,31.3,2023,2,Moderate
20031,9.2,24.4,18.6,31.5,59.5,7.3,10.4,,5.7,74.6,81.8,55.0,6.7,,,16.8,55.9,22.4,9.7,17.3,30.9,,25.4,67.4,18.1,36.9,12.5,35.8,2.9,15.6,KS,Coffey,8251,20031,Coffey County,Kansas,0.2743,0.2599,0.7477,0.1985,0.1798,8334.0,2025,2022,16.1,30.9,7.1,8.1,12.3,3.3,4.2,21.5,12.7,7.6,11.3,,7.2,8.4,31.0,2023,2,Moderate
20033,9.7,24.3,18.2,31.7,59.3,7.3,10.3,,5.7,74.7,82.2,57.9,6.5,,,16.1,64.4,22.8,9.7,17.6,31.9,,26.5,76.4,18.1,39.8,12.6,35.3,2.9,12.9,KS,Comanche,1655,20033,Comanche County,Kansas,0.2577,0.125,0.8594,0.0264,0.3344,1825.0,2025,2022,15.7,30.6,7.0,8.0,12.3,3.3,4.2,21.5,12.8,7.4,11.6,,7.3,8.7,31.1,2023,2,Moderate
20035,11.2,25.2,16.4,33.4,60.4,6.9,10.3,,5.9,73.9,81.6,53.5,6.8,,,16.4,59.1,22.4,10.9,19.7,33.5,,27.4,65.5,18.3,41.5,13.3,37.7,3.1,16.9,KS,Cowley,34157,20035,Cowley County,Kansas,0.7871,0.5441,0.9411,0.5616,0.8164,34661.0,2025,2022,16.2,31.7,7.2,8.5,13.5,3.6,4.8,22.5,15.4,9.1,13.3,,8.3,9.8,32.6,2023,2,Moderate
20037,10.2,25.8,17.0,34.9,61.2,7.3,10.5,,6.4,75.0,81.2,54.0,7.6,,,18.1,59.1,22.8,10.8,19.9,33.3,,27.9,69.9,18.5,38.8,14.0,35.3,3.3,14.5,KS,Crawford,38764,20037,Crawford County,Kansas,0.7213,0.6023,0.4108,0.42,0.965,39012.0,2025,2022,17.1,33.6,7.6,9.2,14.3,4.0,5.2,20.7,15.8,10.7,13.5,,8.8,10.9,34.9,2023,2,Moderate
20039,8.7,23.3,18.2,30.2,58.8,7.3,10.2,,5.5,73.0,82.6,54.2,6.0,,,15.1,60.4,21.7,9.4,16.4,31.3,,24.7,70.1,17.2,37.3,11.8,34.5,2.7,12.0,KS,Decatur,2712,20039,Decatur County,Kansas,0.0681,0.1747,0.3913,0.1985,0.0115,2771.0,2025,2022,14.8,28.8,6.8,7.4,11.5,3.0,3.9,21.0,11.6,6.7,10.6,,6.8,8.0,30.8,2023,0,Low
20041,9.1,24.0,18.4,30.9,58.2,7.4,10.3,,5.5,74.3,82.2,56.1,6.2,,,15.3,64.1,22.0,9.3,17.5,31.3,,26.4,75.4,17.8,39.4,12.3,34.7,2.8,7.1,KS,Dickinson,18445,20041,Dickinson County,Kansas,0.1884,0.168,0.4569,0.3166,0.1969,18492.0,2025,2022,15.5,30.8,6.8,7.7,12.3,3.1,4.0,22.1,12.1,6.8,11.1,,6.9,8.0,32.1,2023,0,Low
20043,8.8,23.9,18.9,31.3,59.2,7.2,10.3,,5.6,74.6,82.3,54.5,6.3,,,16.0,60.0,22.4,9.4,17.0,30.9,,25.7,68.5,17.9,38.0,12.2,36.5,2.8,13.2,KS,Doniphan,7493,20043,Doniphan County,Kansas,0.1861,0.238,0.0185,0.3166,0.5921,7501.0,2025,2022,15.5,29.6,6.8,7.8,11.9,3.1,4.0,21.7,12.1,7.0,11.1,,7.0,8.2,31.7,2023,0,Low
20045,7.8,23.2,18.8,29.2,59.7,7.2,10.1,,5.2,77.4,83.7,57.2,5.7,,,13.3,62.6,24.0,9.2,15.6,31.4,,20.0,75.3,16.5,33.1,11.4,34.7,2.7,10.9,KS,Douglas,120553,20045,Douglas County,Kansas,0.3602,0.4738,0.007,0.574,0.7964,119094.0,2025,2022,14.1,27.9,6.6,7.2,11.4,3.0,4.0,21.0,11.4,6.8,10.5,,6.8,8.5,28.9,2023,0,Low
20047,14.5,23.8,17.1,32.9,59.7,6.8,10.1,,6.1,73.7,81.0,55.6,6.8,,,17.1,61.5,21.1,11.1,20.9,31.2,,30.4,68.7,17.8,40.2,13.4,35.1,3.1,9.8,KS,Edwards,2733,20047,Edwards County,Kansas,0.4639,0.3726,0.9615,0.6179,0.0923,2849.0,2025,2022,16.9,33.1,7.5,8.7,14.0,3.9,5.4,23.1,17.3,9.9,14.9,,9.0,10.5,32.4,2023,2,Moderate
20049,10.5,25.5,17.3,33.5,59.5,7.2,10.7,,6.5,74.0,80.3,48.1,8.0,,,19.3,55.2,23.4,11.0,20.9,32.0,,31.8,69.3,19.3,40.5,14.2,39.4,3.4,20.4,KS,Elk,2467,20049,Elk County,Kansas,0.336,0.4922,0.7041,0.3446,0.0624,2453.0,2025,2022,17.7,34.9,7.9,9.5,14.8,4.1,5.3,22.5,16.4,10.9,13.7,,9.1,10.8,32.7,2023,2,Moderate
20051,8.9,24.2,19.5,32.1,60.8,7.3,9.9,,5.8,75.9,82.4,58.1,6.5,,,14.9,66.5,20.7,9.7,17.0,31.1,,24.3,75.9,17.1,38.9,12.1,35.5,2.9,7.3,KS,Ellis,28810,20051,Ellis County,Kansas,0.2393,0.3557,0.0331,0.3446,0.4951,28921.0,2025,2022,14.9,27.8,7.0,7.8,12.1,3.4,4.3,20.3,12.4,7.7,11.1,,7.2,8.8,30.2,2023,0,Low
20053,9.9,23.1,18.5,32.4,59.8,7.1,9.5,,5.5,73.8,81.9,53.9,6.0,,,15.6,59.4,19.5,9.6,17.3,30.2,,25.7,70.8,16.6,39.9,11.9,35.5,2.8,15.5,KS,Ellsworth,6357,20053,Ellsworth County,Kansas,0.1731,0.1721,0.0563,0.4356,0.4572,6374.0,2025,2022,14.8,29.8,6.8,7.3,11.8,3.1,4.0,23.0,12.1,6.7,11.2,,7.0,8.3,31.2,2023,0,Low
20055,21.3,21.9,15.8,32.9,60.7,5.8,9.7,,6.1,72.7,81.1,49.5,6.3,,,15.7,52.9,18.1,12.9,24.2,31.3,,33.2,69.5,17.0,37.7,14.4,37.0,3.2,16.2,KS,Finney,37466,20055,Finney County,Kansas,0.8966,0.8346,0.7366,0.9224,0.895,38187.0,2025,2022,17.0,33.8,7.4,8.9,15.3,4.4,6.6,25.5,21.7,11.5,18.2,,10.4,11.7,33.6,2023,3,High
20057,22.2,23.0,16.3,33.1,59.4,5.8,9.2,,6.3,72.1,80.4,51.1,6.5,,,15.8,53.2,17.9,12.9,24.5,31.1,,34.2,69.9,16.6,39.6,14.2,38.3,3.3,10.8,KS,Ford,33980,20057,Ford County,Kansas,0.7359,0.5492,0.7283,0.9294,0.7187,34212.0,2025,2022,17.4,34.7,7.5,9.0,15.7,4.6,6.9,25.2,23.4,12.4,19.4,,10.8,12.5,31.7,2023,3,High
20059,9.2,25.3,17.4,31.9,59.9,7.2,10.5,,5.7,73.9,81.8,56.7,6.5,,,16.5,65.2,22.1,9.6,17.8,31.2,,26.2,74.5,17.9,40.3,12.6,32.9,2.9,12.5,KS,Franklin,26125,20059,Franklin County,Kansas,0.224,0.2472,0.3347,0.3058,0.2558,25968.0,2025,2022,15.7,31.0,7.0,8.0,12.4,3.3,4.2,21.8,12.5,7.6,11.1,,7.2,8.3,32.4,2023,0,Low
20061,12.0,25.3,15.6,35.5,61.5,6.4,10.4,,6.3,76.3,81.6,55.5,7.2,,,17.6,58.0,20.7,12.2,21.3,31.4,,31.8,70.2,18.1,36.1,13.9,37.4,3.5,12.5,KS,Geary,35047,20061,Geary County,Kansas,0.7353,0.5832,0.8556,0.8279,0.5797,36247.0,2025,2022,16.9,34.0,7.4,9.3,15.2,4.4,5.8,22.9,18.9,12.3,16.3,,10.1,12.6,33.1,2023,3,High
20063,8.8,23.3,18.0,30.3,59.3,7.2,10.1,,5.4,72.7,82.0,57.4,6.2,,,16.0,62.8,21.5,9.2,16.6,31.5,,25.9,72.7,17.7,37.7,11.9,33.2,2.8,9.7,KS,Gove,2735,20063,Gove County,Kansas,0.0372,0.1441,0.3516,0.0821,0.0045,2758.0,2025,2022,15.2,29.0,6.7,7.5,11.6,3.0,3.9,21.5,11.4,6.5,10.5,,6.6,7.7,31.2,2023,0,Low
20065,9.1,24.5,17.3,32.8,60.4,7.1,10.3,,5.9,74.4,81.9,54.8,6.8,,,16.4,65.1,21.8,10.2,18.3,31.9,,27.0,66.5,17.9,37.3,12.6,32.9,3.0,14.7,KS,Graham,2376,20065,Graham County,Kansas,0.2765,0.49,0.6147,0.3697,0.0344,2430.0,2025,2022,15.7,31.0,7.2,8.3,12.9,3.5,4.5,21.3,13.7,8.5,11.9,,7.7,9.2,31.7,2023,2,Moderate
20067,18.0,20.1,17.8,29.0,57.6,6.0,9.0,,5.1,72.5,82.8,54.5,4.9,,,12.9,58.9,17.6,10.6,19.2,30.6,,28.8,71.4,15.2,35.7,12.0,33.4,2.6,14.7,KS,Grant,7147,20067,Grant County,Kansas,0.3363,0.3646,0.2208,0.8804,0.2332,7336.0,2025,2022,14.7,29.4,6.5,6.9,12.0,3.2,4.9,24.3,15.7,7.0,14.7,,7.8,8.6,32.3,2023,2,Moderate
20069,13.3,23.3,17.2,30.5,58.9,6.9,10.2,,5.8,72.6,81.0,50.8,6.6,,,16.1,61.2,21.7,9.8,19.6,32.2,,28.4,74.6,17.8,39.9,12.8,32.0,2.9,16.6,KS,Gray,5743,20069,Gray County,Kansas,0.2816,0.2685,0.35,0.5371,0.2825,5719.0,2025,2022,16.5,31.9,7.2,8.3,13.0,3.5,4.8,22.8,15.0,8.3,12.9,,7.9,8.9,32.0,2023,2,Moderate
20071,10.9,22.2,18.0,29.6,58.5,7.0,9.6,,5.2,74.5,83.4,58.3,5.4,,,13.5,66.3,20.7,9.3,16.4,30.8,,25.0,72.4,16.2,36.9,11.4,31.5,2.6,9.2,KS,Greeley,1181,20071,Greeley County,Kansas,0.2689,0.1241,0.8969,0.5727,0.1254,1279.0,2025,2022,14.2,28.1,6.5,6.9,11.2,3.0,4.0,21.2,12.0,6.3,11.2,,6.7,7.7,31.0,2023,0,Low
20073,9.9,25.0,18.4,32.7,59.4,7.2,10.5,,6.2,73.0,81.2,50.3,7.3,,,18.1,59.1,23.1,10.2,19.1,32.0,,27.1,71.0,18.9,40.7,13.0,36.4,3.1,15.3,KS,Greenwood,5870,20073,Greenwood County,Kansas,0.2978,0.3229,0.7919,0.2536,0.1209,6001.0,2025,2022,16.8,32.0,7.5,8.7,13.2,3.7,4.7,21.4,14.6,9.3,12.4,,8.1,9.6,31.7,2023,2,Moderate
20075,17.5,21.6,17.0,30.8,58.3,6.4,9.2,,5.6,73.2,82.0,54.4,5.7,,,14.3,59.3,18.9,10.6,19.9,31.6,,29.5,69.9,16.1,40.0,12.6,36.5,2.8,17.6,KS,Hamilton,2437,20075,Hamilton County,Kansas,0.3398,0.3334,0.433,0.7251,0.2062,2520.0,2025,2022,15.5,31.2,6.9,7.5,12.7,3.4,5.0,23.7,16.7,8.1,15.1,,8.3,9.4,32.1,2023,2,Moderate
20077,12.0,26.1,17.3,33.5,60.3,7.1,10.5,,6.6,73.3,79.5,52.8,8.3,,,19.9,52.1,23.2,11.4,22.3,33.0,,30.8,71.8,19.0,42.1,14.3,36.8,3.4,19.5,KS,Harper,5435,20077,Harper County,Kansas,0.6316,0.5431,0.9905,0.363,0.2307,5457.0,2025,2022,18.1,35.0,8.0,9.9,15.2,4.3,5.6,22.6,17.9,11.9,14.3,,9.5,11.1,32.5,2023,2,Moderate
20079,10.3,22.1,17.8,29.8,58.8,7.0,10.1,,5.4,75.3,82.6,57.5,6.0,,,14.5,64.9,21.5,10.0,16.9,31.7,,26.7,69.1,17.1,37.2,12.0,35.3,2.8,11.8,KS,Harvey,33504,20079,Harvey County,Kansas,0.4193,0.2739,0.6223,0.5119,0.4795,33959.0,2025,2022,15.1,28.6,6.6,7.5,11.9,3.1,4.1,21.8,12.9,7.2,11.5,,7.0,8.3,30.8,2023,2,Moderate
20081,16.8,23.0,16.7,31.6,58.7,6.5,10.0,,6.1,72.6,80.4,53.2,6.9,,,16.9,57.1,20.7,11.5,21.9,32.8,,32.1,69.6,17.6,42.4,13.8,35.1,3.1,17.7,KS,Haskell,3630,20081,Haskell County,Kansas,0.4143,0.5132,0.2574,0.72,0.2625,3735.0,2025,2022,17.4,33.4,7.4,8.9,14.4,4.0,5.7,23.6,18.6,10.2,15.3,,9.2,10.2,32.8,2023,2,Moderate
20083,8.7,22.3,18.3,30.0,59.0,7.2,9.7,,5.1,74.5,83.3,57.2,5.4,,,13.6,65.0,20.4,8.8,15.1,31.4,,23.5,72.0,16.4,36.4,11.1,35.9,2.6,10.2,KS,Hodgeman,1655,20083,Hodgeman County,Kansas,0.0646,0.0786,0.7404,0.2587,0.007,1770.0,2025,2022,13.8,26.7,6.4,6.7,10.5,2.7,3.6,21.4,10.7,5.6,10.1,,6.2,7.2,31.1,2023,0,Low
20085,9.3,23.8,18.3,30.6,59.1,7.1,10.4,,5.7,74.1,82.1,57.7,6.4,,,16.3,64.2,22.1,9.7,17.2,32.0,,25.5,74.1,18.0,37.7,12.5,37.3,2.9,11.2,KS,Jackson,13368,20085,Jackson County,Kansas,0.2472,0.1371,0.8005,0.4741,0.1511,13274.0,2025,2022,15.8,30.4,7.0,7.9,12.2,3.2,4.2,21.8,12.9,7.4,11.6,,7.4,8.6,31.5,2023,2,Moderate
20087,8.2,22.7,19.7,29.2,58.9,7.2,10.0,,5.2,75.3,82.9,58.4,5.7,,,14.7,66.9,22.1,8.7,15.7,30.3,,23.5,71.2,17.1,34.4,11.4,33.4,2.6,11.6,KS,Jefferson,18327,20087,Jefferson County,Kansas,0.0197,0.1072,0.0522,0.1928,0.0261,18387.0,2025,2022,14.6,29.0,6.5,7.0,11.0,2.8,3.5,21.0,10.4,5.6,9.9,,6.2,7.2,32.0,2023,0,Low
20089,9.9,25.1,17.6,33.4,60.2,7.3,10.5,,6.5,74.4,80.5,54.5,7.7,,,18.7,59.5,23.1,10.7,20.2,32.0,,28.9,70.3,18.8,39.8,13.7,36.1,3.3,16.4,KS,Jewell,2847,20089,Jewell County,Kansas,0.0455,0.1572,0.1677,0.1696,0.021,2929.0,2025,2022,17.2,33.0,7.8,9.1,13.9,3.9,4.9,21.6,15.1,9.9,12.6,,8.4,10.0,31.6,2023,2,Moderate
20091,6.8,20.2,18.4,29.3,58.5,7.3,9.4,,4.4,77.8,86.7,63.1,4.1,,,9.7,74.2,18.8,8.3,11.8,33.7,,18.7,76.8,13.7,30.9,9.1,30.8,2.2,8.6,KS,Johnson,622237,20091,Johnson County,Kansas,0.0605,0.0439,0.1976,0.5542,0.0808,610742.0,2025,2022,11.5,23.6,5.5,5.4,8.7,2.2,2.9,17.1,7.7,3.8,8.1,,4.9,5.8,28.5,2023,0,Low
20093,16.9,22.6,16.7,30.9,59.1,6.3,9.7,,5.8,72.0,80.7,49.2,6.3,,,16.1,54.1,19.6,11.2,21.2,31.4,,31.1,74.0,17.3,37.9,13.5,35.9,3.0,16.7,KS,Kearny,3823,20093,Kearny County,Kansas,0.5358,0.5641,0.9198,0.7591,0.0792,3964.0,2025,2022,16.8,32.5,7.2,8.5,14.0,3.8,5.5,24.0,17.9,9.6,15.5,,9.0,10.2,32.2,2023,3,High
20095,9.4,23.7,18.0,31.6,59.0,7.3,10.3,,5.7,74.0,81.9,56.8,6.7,,,16.4,61.3,22.5,9.6,17.7,31.0,,26.3,74.9,18.0,39.3,12.4,35.5,2.9,22.0,KS,Kingman,7066,20095,Kingman County,Kansas,0.1079,0.2631,0.0897,0.2485,0.1018,7369.0,2025,2022,15.9,30.8,7.1,8.0,12.3,3.3,4.2,21.9,12.7,7.5,11.2,,7.2,8.4,31.5,2023,0,Low
20097,9.1,23.4,17.7,31.1,59.0,7.2,10.0,,5.5,74.6,82.7,55.6,6.1,,,15.1,65.8,22.0,9.3,16.9,31.5,,25.0,74.5,17.3,40.2,11.9,32.0,2.8,14.5,KS,Kiowa,2374,20097,Kiowa County,Kansas,0.2879,0.2749,0.5425,0.3446,0.2498,2445.0,2025,2022,14.9,28.6,6.7,7.5,11.7,3.1,4.0,21.8,12.4,6.9,11.0,,7.0,8.0,31.9,2023,0,Low
20099,10.7,25.6,17.2,34.4,59.0,7.1,10.9,,6.3,73.8,80.8,53.6,7.6,,,18.4,58.1,22.2,10.7,20.3,32.0,,30.3,73.0,18.8,41.4,13.6,38.3,3.3,21.0,KS,Labette,19728,20099,Labette County,Kansas,0.4941,0.3341,0.8317,0.4445,0.4502,20096.0,2025,2022,17.4,32.9,7.5,9.2,14.2,4.0,5.1,22.3,16.4,10.4,13.4,,8.8,10.5,30.7,2023,2,Moderate
20101,10.0,23.9,17.8,30.9,59.2,7.2,10.3,,5.6,74.5,82.8,54.0,6.2,,,15.1,63.3,22.2,9.6,17.4,31.5,,26.1,67.5,17.7,37.0,12.3,36.6,2.8,15.6,KS,Lane,1529,20101,Lane County,Kansas,0.0716,0.1384,0.4502,0.4613,0.0073,1528.0,2025,2022,15.4,29.7,6.8,7.8,12.1,3.2,4.2,21.1,12.9,7.3,11.9,,7.4,8.7,31.3,2023,0,Low
20103,8.7,23.1,17.0,30.2,60.0,7.1,10.0,,5.2,74.7,83.6,59.1,5.4,,,13.6,66.0,21.3,9.6,15.5,31.4,,22.5,74.6,16.4,39.5,11.2,37.3,2.6,11.1,KS,Leavenworth,83518,20103,Leavenworth County,Kansas,0.2475,0.2068,0.146,0.5581,0.4416,82050.0,2025,2022,13.8,28.1,6.5,6.8,10.7,2.8,3.7,21.8,10.9,6.1,10.8,,6.6,7.8,30.0,2023,0,Low
20105,9.2,24.9,17.8,32.8,59.4,7.3,10.4,,6.1,74.4,81.4,58.4,7.1,,,17.2,63.9,22.8,10.2,18.7,31.8,,27.1,71.3,18.5,40.5,13.1,34.2,3.1,13.6,KS,Lincoln,2920,20105,Lincoln County,Kansas,0.1021,0.1581,0.3481,0.1508,0.0805,2929.0,2025,2022,16.3,31.9,7.5,8.6,13.3,3.6,4.6,21.5,13.7,8.7,11.9,,7.8,9.4,31.5,2023,0,Low
20107,9.0,24.0,18.3,29.9,58.7,7.2,10.3,,5.6,74.1,81.9,54.5,6.4,,,16.5,61.5,21.9,9.2,17.4,31.1,,25.5,73.8,18.2,36.9,12.3,34.5,2.8,17.0,KS,Linn,9860,20107,Linn County,Kansas,0.2733,0.461,0.3315,0.2265,0.1731,9696.0,2025,2022,15.5,29.5,6.9,7.8,12.1,3.2,4.1,21.4,12.3,7.2,10.9,,7.0,8.2,30.6,2023,0,Low
20109,10.2,23.7,17.3,31.4,59.3,7.2,10.3,,5.9,73.8,81.5,54.9,6.8,,,16.4,61.1,22.5,10.0,18.5,31.3,,27.7,72.9,17.8,40.1,12.7,34.2,3.0,14.8,KS,Logan,2665,20109,Logan County,Kansas,0.28,0.16,0.9787,0.3058,0.062,2752.0,2025,2022,16.0,30.9,7.2,8.2,12.7,3.5,4.5,22.1,13.6,8.3,11.9,,7.7,9.0,32.2,2023,2,Moderate
20111,13.7,24.3,16.4,33.7,59.9,6.6,9.9,,6.1,74.4,81.4,56.8,6.8,,,16.3,57.7,21.5,11.2,21.1,33.5,,29.7,71.1,17.7,39.9,13.2,36.6,3.1,17.4,KS,Lyon,32172,20111,Lyon County,Kansas,0.7222,0.6153,0.3325,0.6656,0.9376,32182.0,2025,2022,16.8,31.9,7.3,8.7,14.0,3.9,5.5,23.1,17.0,10.1,14.6,,8.9,10.5,31.7,2023,2,Moderate
20113,8.2,23.3,17.6,30.8,59.4,7.3,10.1,,5.2,74.4,83.1,56.0,5.8,,,14.6,65.5,22.2,8.8,15.9,31.2,,25.3,72.3,17.0,38.0,11.6,33.9,2.6,13.2,KS,McPherson,30091,20113,McPherson County,Kansas,0.1635,0.1311,0.2469,0.2781,0.3462,30085.0,2025,2022,14.5,28.4,6.6,7.2,11.1,2.9,3.7,20.8,10.9,6.1,10.0,,6.4,7.4,31.0,2023,0,Low
20115,9.1,23.4,17.6,31.2,59.4,7.3,10.2,,5.7,73.3,81.8,56.8,6.5,,,16.2,65.5,22.4,9.5,17.1,31.3,,26.1,73.2,17.6,39.7,12.2,31.5,2.9,10.5,KS,Marion,11690,20115,Marion County,Kansas,0.1355,0.1619,0.3233,0.2234,0.1569,11867.0,2025,2022,15.5,29.2,6.9,8.0,12.0,3.3,4.2,21.0,12.4,7.3,11.0,,7.1,8.3,30.6,2023,0,Low
20117,9.6,23.9,18.6,31.4,59.4,7.2,10.4,,6.0,73.7,80.9,56.5,7.1,,,18.0,62.6,23.1,9.8,18.5,31.3,,26.8,73.9,18.7,37.5,12.9,36.1,3.0,14.5,KS,Marshall,9933,20117,Marshall County,Kansas,0.181,0.1397,0.4391,0.1339,0.308,10014.0,2025,2022,16.6,30.8,7.3,8.5,12.8,3.5,4.4,22.3,13.8,8.3,11.8,,7.6,8.9,33.1,2023,2,Moderate
20119,13.4,23.2,17.3,31.6,58.6,6.8,10.1,,5.9,73.2,81.2,57.3,6.6,,,16.2,59.0,21.2,10.3,19.8,31.6,,29.2,69.5,17.5,37.0,13.1,35.9,3.0,10.0,KS,Meade,3911,20119,Meade County,Kansas,0.2628,0.2119,0.6697,0.6204,0.1174,4019.0,2025,2022,16.5,31.6,7.2,8.4,13.2,3.6,4.9,23.0,15.7,8.7,13.8,,8.3,9.5,32.8,2023,2,Moderate
20121,8.2,23.7,17.6,28.8,59.0,7.4,9.9,,5.1,73.7,83.2,59.8,5.6,,,13.9,68.3,22.0,8.8,15.3,31.2,,22.6,73.9,16.9,34.7,11.0,33.3,2.6,9.4,KS,Miami,35320,20121,Miami County,Kansas,0.0757,0.0729,0.2927,0.2294,0.1215,34312.0,2025,2022,14.1,27.9,6.4,6.9,10.7,2.7,3.5,20.0,10.1,5.6,9.7,,6.1,7.0,30.2,2023,0,Low
20123,8.9,24.2,18.3,31.9,59.5,7.3,10.3,,5.8,73.9,81.8,53.9,6.7,,,16.4,59.6,22.4,9.8,17.7,31.3,,26.4,71.7,18.2,39.3,12.6,36.1,2.9,11.2,KS,Mitchell,5719,20123,Mitchell County,Kansas,0.1285,0.1101,0.3815,0.1572,0.2059,5829.0,2025,2022,15.8,30.6,7.2,8.0,12.4,3.3,4.2,21.8,12.6,7.6,11.1,,7.2,8.5,31.3,2023,0,Low
20125,11.2,25.7,17.4,34.4,60.7,7.0,10.8,,6.3,73.7,80.6,53.4,7.7,,,18.6,56.1,22.9,11.1,20.6,32.3,,27.8,70.9,19.2,39.3,13.8,38.8,3.4,22.3,KS,Montgomery,30568,20125,Montgomery County,Kansas,0.8209,0.6993,0.8785,0.5616,0.825,31448.0,2025,2022,17.6,33.7,7.7,9.5,14.3,4.2,5.4,23.1,17.3,11.0,14.2,,9.4,11.1,33.6,2023,3,High
20127,9.1,24.1,18.3,31.6,59.2,7.2,10.2,,5.7,74.2,81.9,55.0,6.5,,,16.0,59.8,21.8,9.6,17.6,30.7,,27.1,74.7,17.9,36.9,12.5,34.8,2.9,14.3,KS,Morris,5334,20127,Morris County,Kansas,0.1569,0.1534,0.5364,0.3016,0.1164,5385.0,2025,2022,15.7,30.4,7.0,8.0,12.3,3.3,4.2,21.5,12.6,7.6,11.1,,7.2,8.4,30.7,2023,0,Low
20129,15.2,23.8,16.7,31.6,59.3,6.6,10.1,,6.0,73.5,80.6,52.3,6.9,,,17.2,59.1,21.0,11.1,21.3,32.1,,30.8,72.8,17.9,38.4,13.6,37.7,3.1,23.6,KS,Morton,2580,20129,Morton County,Kansas,0.3077,0.3411,0.8549,0.6567,0.0245,2688.0,2025,2022,17.2,33.1,7.3,8.8,14.1,3.9,5.5,24.0,17.8,10.0,15.1,,9.0,10.4,32.6,2023,2,Moderate
20131,8.5,23.4,19.2,31.1,58.9,7.3,10.1,,5.4,73.8,82.4,57.3,6.2,,,15.5,61.5,22.0,9.0,16.5,31.7,,24.4,67.7,17.4,39.3,11.8,33.8,2.7,14.6,KS,Nemaha,10114,20131,Nemaha County,Kansas,0.057,0.0426,0.181,0.0881,0.2106,10219.0,2025,2022,15.0,29.5,6.8,7.5,11.6,3.0,3.9,21.2,11.4,6.7,10.1,,6.6,7.6,31.5,2023,0,Low
20133,9.9,24.1,17.1,32.8,60.1,7.2,10.4,,6.1,74.3,81.3,52.9,7.3,,,17.4,58.9,22.0,10.6,19.1,32.0,,27.1,73.7,18.6,39.9,13.0,36.4,3.1,19.1,KS,Neosho,15420,20133,Neosho County,Kansas,0.6911,0.5367,0.8759,0.3503,0.7311,15826.0,2025,2022,16.6,31.5,7.3,8.7,13.4,3.7,4.8,21.5,14.9,9.4,12.8,,8.2,9.9,30.8,2023,2,Moderate
20135,11.4,23.7,17.9,31.1,59.3,7.2,10.0,,5.6,73.7,81.8,55.3,6.5,,,16.0,60.7,21.5,9.9,18.2,31.9,,27.5,69.6,17.4,36.1,12.4,36.3,2.9,12.2,KS,Ness,2618,20135,Ness County,Kansas,0.0999,0.1126,0.4858,0.4973,0.027,2677.0,2025,2022,15.7,29.8,7.0,7.9,12.4,3.3,4.5,21.6,13.9,7.9,12.2,,7.6,8.9,30.9,2023,0,Low
20137,11.0,24.6,18.3,33.4,60.1,7.1,9.8,,6.4,73.7,80.4,54.9,7.2,,,17.8,60.6,21.3,10.8,19.7,31.9,,28.6,73.1,17.7,42.9,13.2,36.3,3.2,13.1,KS,Norton,5330,20137,Norton County,Kansas,0.223,0.3045,0.3277,0.3917,0.1546,5431.0,2025,2022,16.3,31.8,7.6,8.4,13.4,3.8,4.8,22.9,15.0,9.1,12.8,,8.3,9.9,31.8,2023,2,Moderate
20139,9.2,24.7,18.3,32.4,59.1,7.3,10.3,,5.7,74.5,81.8,56.6,6.7,,,16.7,62.7,22.6,9.6,17.9,32.4,,26.4,73.4,18.2,41.5,12.4,32.1,2.9,16.5,KS,Osage,15824,20139,Osage County,Kansas,0.1909,0.2784,0.4302,0.182,0.1269,15787.0,2025,2022,16.1,32.0,7.1,8.0,12.5,3.3,4.2,21.6,12.8,7.5,11.2,,7.1,8.5,30.4,2023,0,Low
20141,8.8,23.9,18.0,31.4,59.9,7.3,10.3,,6.0,74.7,81.4,54.8,6.8,,,16.6,61.7,22.3,10.0,18.2,31.2,,26.9,73.4,18.2,39.2,12.7,33.7,3.0,10.4,KS,Osborne,3427,20141,Osborne County,Kansas,0.0687,0.0716,0.517,0.1572,0.0515,3493.0,2025,2022,15.9,30.9,7.3,8.2,12.7,3.4,4.4,21.7,13.1,8.1,11.5,,7.4,8.9,30.3,2023,0,Low
20143,8.5,23.7,18.8,31.2,59.1,7.3,10.1,,5.7,74.1,82.2,59.3,6.5,,,16.1,61.2,22.2,9.4,16.9,31.3,,25.0,74.4,17.6,38.3,12.1,33.9,2.9,14.1,KS,Ottawa,5818,20143,Ottawa County,Kansas,0.042,0.1336,0.1817,0.1409,0.0232,5768.0,2025,2022,15.3,29.4,7.0,7.8,12.0,3.2,4.1,20.9,12.1,7.2,10.7,,7.0,8.4,31.0,2023,0,Low
20145,10.9,22.8,18.2,32.1,59.5,6.9,9.8,,5.8,73.4,81.3,57.1,6.4,,,16.8,62.8,20.5,10.0,18.4,31.4,,26.8,73.1,17.0,38.0,12.4,36.3,3.0,14.6,KS,Pawnee,6126,20145,Pawnee County,Kansas,0.3019,0.2475,0.1734,0.4658,0.5727,6288.0,2025,2022,15.6,31.2,7.1,7.8,12.3,3.4,4.4,22.8,13.6,7.6,12.4,,7.6,8.9,32.1,2023,2,Moderate
20147,9.6,25.0,17.5,31.6,59.7,7.2,10.4,,5.9,73.9,81.3,54.6,7.0,,,17.2,60.1,22.5,9.9,18.3,31.8,,27.3,70.3,18.2,40.9,13.0,36.8,3.0,13.6,KS,Phillips,4761,20147,Phillips County,Kansas,0.3137,0.3423,0.6484,0.1753,0.2374,4960.0,2025,2022,16.3,31.0,7.3,8.5,12.9,3.5,4.5,21.7,13.9,8.6,11.9,,7.7,9.1,31.0,2023,2,Moderate
20149,7.9,22.1,18.9,30.2,58.6,7.3,9.8,,5.1,73.6,83.1,57.2,5.4,,,13.7,69.3,20.5,8.5,14.2,30.9,,23.1,72.4,16.5,35.8,10.9,35.4,2.5,12.1,KS,Pottawatomie,26382,20149,Pottawatomie County,Kansas,0.0544,0.0191,0.0993,0.3322,0.2889,25482.0,2025,2022,13.7,26.8,6.3,6.7,10.3,2.7,3.5,20.3,9.9,5.5,9.6,,6.0,7.1,30.9,2023,0,Low
20151,9.8,23.4,18.7,30.9,59.6,7.1,10.0,,5.7,74.7,82.1,56.2,6.4,,,16.0,62.1,22.0,9.9,17.7,30.3,,27.1,73.3,17.5,37.6,12.4,33.8,2.9,14.1,KS,Pratt,9082,20151,Pratt County,Kansas,0.3341,0.252,0.7754,0.3917,0.2234,9175.0,2025,2022,15.5,30.4,6.9,7.9,12.3,3.3,4.3,20.9,13.1,7.6,11.7,,7.3,8.7,31.3,2023,2,Moderate
20153,10.1,24.7,17.8,31.7,59.7,7.2,10.4,,6.1,73.8,81.4,54.3,7.1,,,17.7,61.1,22.9,10.4,19.0,31.4,,27.7,68.6,18.8,42.4,13.3,37.0,3.1,15.3,KS,Rawlins,2463,20153,Rawlins County,Kansas,0.3958,0.1928,0.8772,0.335,0.4123,2544.0,2025,2022,16.5,32.1,7.5,8.6,13.3,3.7,4.7,21.6,14.4,9.0,12.7,,8.1,9.8,30.6,2023,2,Moderate
20155,10.7,24.5,17.3,30.6,59.7,7.0,10.3,,6.1,75.9,81.9,55.7,6.9,,,17.6,58.9,23.2,10.9,19.0,30.7,,28.4,75.1,17.7,44.5,12.6,39.9,3.1,13.7,KS,Reno,61497,20155,Reno County,Kansas,0.5011,0.4314,0.6153,0.4725,0.5072,61881.0,2025,2022,16.5,31.9,7.1,8.5,13.4,3.6,4.7,22.3,15.5,9.0,13.3,,8.1,10.0,30.1,2023,2,Moderate
20157,9.1,24.6,18.1,32.6,60.3,7.4,10.4,,6.2,74.6,81.4,57.6,7.3,,,17.3,64.3,22.6,10.3,18.7,31.1,,27.6,70.5,18.4,41.6,13.1,32.2,3.1,15.1,KS,Republic,4627,20157,Republic County,Kansas,0.041,0.0445,0.2918,0.0881,0.0655,4686.0,2025,2022,16.4,31.5,7.5,8.7,13.3,3.7,4.7,21.0,14.2,9.2,12.1,,8.0,9.7,31.1,2023,0,Low
20159,10.5,23.8,18.0,31.8,59.6,7.0,10.0,,5.6,75.0,82.3,57.1,6.2,,,15.4,62.6,21.2,10.0,17.7,31.9,,27.4,69.0,17.3,40.6,12.5,33.7,2.8,10.3,KS,Rice,9260,20159,Rice County,Kansas,0.1823,0.1387,0.5927,0.5148,0.1031,9441.0,2025,2022,15.5,31.1,6.9,7.7,12.5,3.3,4.3,21.5,13.0,7.4,11.9,,7.4,8.7,31.4,2023,2,Moderate
20161,9.3,24.0,17.6,30.8,61.3,6.9,10.1,,5.9,74.9,82.0,58.9,6.6,,,15.0,58.5,21.9,10.4,17.8,30.0,,25.3,74.6,16.9,30.9,12.5,37.7,3.1,12.5,KS,Riley,71402,20161,Riley County,Kansas,0.567,0.5733,0.0503,0.5978,0.9287,72105.0,2025,2022,15.0,30.2,7.1,8.0,13.2,3.6,4.7,20.3,13.8,8.9,12.7,,8.0,10.2,31.3,2023,2,Moderate
20163,9.1,24.0,18.8,30.8,59.3,7.2,10.1,,5.4,74.6,82.2,59.7,6.3,,,15.6,65.0,23.0,9.2,17.0,32.2,,26.2,75.9,17.5,40.6,12.0,36.2,2.8,12.6,KS,Rooks,4778,20163,Rooks County,Kansas,0.071,0.0277,0.224,0.1037,0.3185,4925.0,2025,2022,15.5,29.5,6.8,7.7,11.7,3.1,4.0,22.3,12.2,7.0,10.9,,6.9,8.1,31.9,2023,0,Low
20165,9.8,24.6,17.8,32.1,59.2,7.3,10.4,,6.0,73.7,81.3,55.6,7.0,,,17.0,61.2,22.8,10.0,18.4,30.7,,27.9,64.9,18.2,38.8,12.9,35.1,3.0,13.1,KS,Rush,2830,20165,Rush County,Kansas,0.0916,0.2844,0.1164,0.3446,0.0296,2939.0,2025,2022,16.2,31.3,7.3,8.3,12.9,3.5,4.5,21.5,13.7,8.3,11.9,,7.7,9.0,31.5,2023,0,Low
20167,10.2,25.3,17.1,32.7,60.1,7.1,10.7,,6.1,73.9,81.1,56.2,7.4,,,18.1,62.5,22.7,10.2,19.6,32.6,,28.3,70.6,19.1,41.8,13.4,34.1,3.2,12.7,KS,Russell,6723,20167,Russell County,Kansas,0.3226,0.5857,0.3703,0.2914,0.1133,6702.0,2025,2022,17.2,32.9,7.5,9.0,13.8,3.8,4.8,22.2,14.7,9.3,12.7,,8.3,9.8,31.7,2023,2,Moderate
20169,10.6,23.3,18.3,30.9,58.8,7.0,10.0,,5.6,74.0,81.9,58.0,6.4,,,15.6,62.9,21.7,10.1,18.4,31.5,,27.5,76.5,17.6,41.5,12.1,33.7,2.9,12.2,KS,Saline,53098,20169,Saline County,Kansas,0.5008,0.3691,0.7248,0.5406,0.4642,54160.0,2025,2022,15.3,29.4,6.8,8.0,12.7,3.4,4.5,22.2,13.9,8.1,12.2,,7.6,9.2,32.0,2023,2,Moderate
20171,11.6,22.4,17.6,30.1,58.6,7.0,9.6,,5.4,74.1,82.9,52.9,5.7,,,13.8,57.4,20.0,9.5,17.0,31.0,,25.2,72.6,16.2,38.6,11.7,35.6,2.7,17.9,KS,Scott,4922,20171,Scott County,Kansas,0.4349,0.2841,0.9176,0.5953,0.1893,5128.0,2025,2022,14.4,28.2,6.6,7.2,11.6,3.1,4.2,21.2,12.7,6.8,11.5,,7.0,8.0,31.5,2023,2,Moderate
20173,11.6,22.8,16.5,32.5,61.1,6.7,10.0,,5.7,72.3,82.0,56.8,6.4,,,15.5,63.5,23.0,10.9,19.4,32.6,,25.8,72.9,17.5,38.9,12.4,37.2,3.0,7.9,KS,Sedgwick,528469,20173,Sedgwick County,Kansas,0.7292,0.6596,0.8123,0.7098,0.5562,522700.0,2025,2022,15.3,29.8,6.7,8.1,13.0,3.6,4.8,24.7,15.9,9.2,14.0,,8.2,10.3,34.1,2023,2,Moderate
20175,25.1,21.5,15.1,32.2,59.4,5.5,9.1,,6.2,72.5,80.5,49.9,6.1,,,15.4,52.8,17.6,13.6,26.0,33.0,,38.1,70.1,16.7,43.4,14.5,39.7,3.2,15.0,KS,Seward,21067,20175,Seward County,Kansas,0.8578,0.7871,0.7429,0.966,0.7954,21942.0,2025,2022,17.6,35.6,7.6,9.0,15.8,4.6,7.3,26.7,24.5,12.7,21.1,,11.4,13.1,34.5,2023,3,High
20177,10.0,23.2,16.5,34.3,59.7,7.0,10.6,,5.6,77.1,83.9,65.8,6.2,,,15.7,65.8,24.0,10.3,18.8,35.3,,24.6,78.3,16.8,38.5,12.1,36.6,2.9,10.8,KS,Shawnee,177746,20177,Shawnee County,Kansas,0.6137,0.3869,0.7095,0.6398,0.7486,178625.0,2025,2022,15.7,30.9,6.5,7.9,12.7,3.3,4.5,21.2,14.7,8.5,12.6,,7.7,9.5,32.0,2023,2,Moderate
20179,8.3,23.3,19.3,29.7,58.5,7.3,10.1,,5.3,74.2,82.9,59.0,5.8,,,14.7,68.4,21.8,8.9,15.8,30.5,,24.2,72.9,17.3,34.8,11.7,32.7,2.6,13.6,KS,Sheridan,2423,20179,Sheridan County,Kansas,0.0706,0.0404,0.5355,0.2234,0.0757,2450.0,2025,2022,14.6,28.4,6.7,7.1,11.0,2.9,3.7,20.2,10.7,6.0,10.1,,6.3,7.5,30.4,2023,0,Low
20181,10.8,23.4,18.5,32.4,59.5,7.0,10.1,,5.8,73.4,81.8,53.4,6.4,,,16.2,59.3,21.4,10.1,18.2,31.0,,28.9,66.8,17.7,39.3,12.6,35.1,2.9,8.4,KS,Sherman,5844,20181,Sherman County,Kansas,0.4992,0.4082,0.8956,0.4741,0.2494,5940.0,2025,2022,15.9,31.1,7.0,8.0,12.6,3.4,4.5,21.7,13.6,7.9,12.2,,7.6,9.0,31.1,2023,2,Moderate
20183,8.5,23.4,18.5,30.6,59.3,7.3,10.1,,5.5,74.4,82.3,56.0,6.2,,,15.9,63.4,21.7,9.2,16.3,31.5,,26.4,74.2,17.6,39.6,12.0,35.8,2.8,13.2,KS,Smith,3590,20183,Smith County,Kansas,0.0404,0.0792,0.3128,0.1152,0.029,3561.0,2025,2022,15.2,29.4,6.9,7.6,11.6,3.1,3.9,20.9,11.5,6.8,10.5,,6.8,7.9,30.4,2023,0,Low
20185,11.0,24.1,17.6,31.5,59.4,7.1,10.2,,5.7,74.1,82.1,60.0,6.6,,,16.0,59.7,21.9,10.1,18.8,32.5,,27.4,72.5,17.5,41.5,12.8,36.3,2.9,15.5,KS,Stafford,3909,20185,Stafford County,Kansas,0.2272,0.1782,0.8031,0.4814,0.0671,4054.0,2025,2022,15.8,31.4,7.0,8.1,12.8,3.4,4.5,21.3,14.0,8.1,12.4,,7.7,9.0,31.5,2023,2,Moderate
20187,20.2,23.0,15.9,31.8,59.5,6.2,9.8,,6.3,73.0,80.4,49.1,6.9,,,16.8,55.4,19.9,12.5,24.4,32.1,,34.1,71.7,17.2,40.2,14.4,36.7,3.3,14.7,KS,Stanton,1901,20187,Stanton County,Kansas,0.3786,0.5603,0.3999,0.8225,0.063,2060.0,2025,2022,17.9,35.0,7.7,9.4,15.4,4.5,6.7,24.5,22.1,12.3,18.3,,10.6,12.1,33.1,2023,3,High
20189,19.9,23.9,16.0,33.5,59.9,6.3,10.1,,6.7,73.7,79.4,50.0,7.8,,,18.6,56.1,20.8,12.8,25.7,32.4,,35.5,69.8,18.4,41.7,15.2,37.9,3.5,19.0,KS,Stevens,5077,20189,Stevens County,Kansas,0.6879,0.63,0.7257,0.797,0.4992,5275.0,2025,2022,19.0,36.3,8.0,10.1,16.2,4.8,6.9,24.5,22.7,13.5,18.6,,11.0,12.6,33.3,2023,3,High
20191,9.4,24.2,17.5,31.8,58.5,7.2,10.2,,5.8,75.5,81.7,55.8,6.8,,,17.2,59.2,22.5,9.9,18.0,32.9,,25.7,70.1,18.0,39.8,12.7,38.4,3.0,15.7,KS,Sumner,22334,20191,Sumner County,Kansas,0.3322,0.3783,0.3929,0.3535,0.3124,22517.0,2025,2022,16.0,29.8,7.1,8.2,12.8,3.5,4.5,21.3,13.5,8.4,11.8,,7.6,9.1,31.2,2023,2,Moderate
20193,8.6,22.9,18.1,30.1,58.8,7.3,10.0,,5.2,73.9,83.3,56.6,5.7,,,13.9,65.1,21.6,9.0,15.7,30.4,,24.4,72.8,17.2,36.5,11.5,35.8,2.7,13.9,KS,Thomas,7865,20193,Thomas County,Kansas,0.1247,0.1021,0.3948,0.2628,0.1572,7907.0,2025,2022,14.1,27.7,6.6,7.1,11.1,2.9,3.7,20.2,10.9,6.1,10.2,,6.5,7.6,30.1,2023,0,Low
20195,7.9,23.6,18.8,29.9,58.8,7.4,9.9,,5.2,74.6,83.1,56.7,5.7,,,14.3,64.6,21.6,8.7,15.1,30.2,,24.0,74.8,17.0,40.3,11.3,36.4,2.6,13.6,KS,Trego,2731,20195,Trego County,Kansas,0.0105,0.0506,0.0417,0.0089,0.0563,2798.0,2025,2022,14.1,27.6,6.5,6.9,10.8,2.8,3.5,20.8,10.5,5.7,9.7,,6.1,7.2,31.5,2023,0,Low
20197,8.5,23.2,18.6,29.8,58.8,7.2,10.1,,5.3,73.9,82.7,59.5,5.8,,,14.8,65.0,21.5,8.9,16.0,30.3,,24.0,71.9,17.2,35.3,11.6,34.7,2.7,12.8,KS,Wabaunsee,7057,20197,Wabaunsee County,Kansas,0.0636,0.0458,0.3761,0.2733,0.0859,6922.0,2025,2022,14.7,28.1,6.6,7.1,11.2,2.9,3.7,21.6,11.1,6.1,10.2,,6.4,7.5,31.0,2023,0,Low
20199,10.3,24.5,18.0,31.6,59.8,7.2,10.3,,5.9,74.4,81.8,54.3,6.8,,,16.6,62.8,22.3,10.2,18.4,31.5,,27.3,70.1,18.0,37.3,12.8,35.9,3.0,12.0,KS,Wallace,1509,20199,Wallace County,Kansas,0.1756,0.0891,0.7865,0.3166,0.1219,1489.0,2025,2022,16.0,31.1,7.2,8.2,12.8,3.5,4.5,21.1,13.7,8.3,12.1,,7.7,9.2,31.2,2023,2,Moderate
20201,8.8,22.8,19.1,29.8,58.9,7.2,9.9,,5.4,73.9,82.2,57.6,6.1,,,15.7,63.7,21.3,8.9,16.1,31.1,,26.1,75.5,17.4,34.4,11.7,35.9,2.7,14.0,KS,Washington,5504,20201,Washington County,Kansas,0.0802,0.029,0.6013,0.1928,0.1126,5529.0,2025,2022,14.9,28.4,6.7,7.3,11.5,3.0,3.8,23.1,12.3,6.8,11.1,,6.9,8.1,33.7,2023,0,Low
20203,15.7,23.2,16.9,32.4,59.6,6.6,9.6,,6.2,72.9,80.9,54.0,6.7,,,16.5,60.2,20.2,11.4,21.2,31.1,,32.0,70.5,17.4,42.2,13.3,34.1,3.1,17.1,KS,Wichita,2082,20203,Wichita County,Kansas,0.4858,0.3455,0.9583,0.6437,0.1473,2131.0,2025,2022,16.7,33.3,7.6,8.5,13.9,4.0,5.5,23.5,17.7,9.9,15.2,,9.1,10.7,31.4,2023,2,Moderate
20205,10.1,25.1,17.1,33.0,59.6,7.2,10.6,,6.2,73.7,80.6,56.3,7.6,,,18.4,60.7,23.0,10.4,19.9,32.3,,28.0,68.9,18.8,39.9,13.5,36.1,3.2,18.8,KS,Wilson,8382,20205,Wilson County,Kansas,0.4566,0.3898,0.8533,0.2485,0.3207,8667.0,2025,2022,17.3,32.9,7.6,9.1,13.8,3.8,4.9,22.0,15.2,9.6,12.8,,8.4,9.9,31.8,2023,2,Moderate
20207,9.4,24.3,18.0,32.1,59.0,7.2,10.4,,6.0,74.2,81.5,54.5,7.0,,,17.2,58.4,22.7,9.8,18.3,31.3,,26.7,69.9,18.3,39.5,12.8,36.4,3.0,16.3,KS,Woodson,3115,20207,Woodson County,Kansas,0.2491,0.4174,0.5877,0.1861,0.0681,3134.0,2025,2022,16.5,31.4,7.2,8.4,12.8,3.5,4.4,21.4,13.4,8.2,11.6,,7.6,8.8,31.3,2023,2,Moderate
20209,17.6,22.4,15.5,35.9,60.6,5.5,10.0,,6.4,75.2,80.8,53.4,7.0,,,17.7,53.4,17.8,13.9,24.9,32.2,,34.6,73.3,17.3,40.7,14.0,37.4,3.7,18.3,KS,Wyandotte,165281,20209,Wyandotte County,Kansas,0.9386,0.9612,0.8941,0.9227,0.678,167989.0,2025,2022,17.2,32.1,6.7,9.9,15.4,4.9,6.9,27.2,22.9,14.3,19.1,,11.9,14.4,34.0,2023,3,High
22001,10.8,29.1,18.8,40.8,63.0,6.8,10.8,,7.3,78.7,82.2,57.9,9.8,,,22.2,53.9,31.4,14.3,27.9,34.2,,35.0,75.4,22.8,41.7,17.3,38.0,4.2,18.9,LA,Acadia,56489,22001,Acadia Parish,Louisiana,0.8832,0.8867,0.8781,0.5759,0.7935,57674.0,2025,2022,22.5,41.8,8.5,12.5,18.8,5.6,7.5,29.0,27.1,24.5,19.0,,13.3,14.3,37.6,2023,3,High
22003,11.9,27.5,19.1,42.3,62.5,6.5,10.1,,7.4,78.3,82.2,58.0,9.1,,,21.6,52.9,27.6,14.3,27.3,34.9,,34.4,75.7,21.2,43.9,16.5,39.4,4.2,24.0,LA,Allen,22112,22003,Allen Parish,Louisiana,0.903,0.7525,0.9354,0.6647,0.944,22798.0,2025,2022,21.4,40.9,8.4,11.4,17.8,5.4,7.4,31.1,26.7,22.3,19.3,,13.0,14.1,36.9,2023,1,Critical
22005,8.2,25.5,19.0,37.0,61.9,6.7,9.7,,5.6,80.7,86.2,65.4,6.1,,,15.1,64.5,27.2,11.2,19.6,35.2,,25.7,79.6,19.2,35.0,13.0,39.8,3.1,14.5,LA,Ascension,131632,22005,Ascension Parish,Louisiana,0.384,0.2259,0.6717,0.7105,0.3274,126973.0,2025,2022,17.0,32.8,6.5,8.3,13.0,3.6,4.9,27.3,17.3,13.0,14.1,,9.0,9.8,35.1,2023,2,Moderate
22007,10.6,27.2,18.3,39.4,63.0,6.4,10.8,,6.8,79.7,83.2,56.6,8.6,,,20.9,51.5,28.5,13.4,26.1,34.6,,33.4,76.9,21.6,38.3,15.8,39.5,4.0,20.1,LA,Assumption,20160,22007,Assumption Parish,Louisiana,0.7296,0.7719,0.5854,0.7226,0.5635,21067.0,2025,2022,21.2,40.5,7.8,11.4,17.3,5.1,6.9,30.9,25.9,22.2,19.2,,12.7,13.7,38.8,2023,3,High
22009,11.7,29.2,17.9,44.1,64.2,6.5,11.2,,7.8,79.1,81.8,58.7,10.4,,,23.7,48.5,28.9,15.2,30.1,35.1,,36.6,73.6,23.1,43.2,17.8,41.4,4.6,24.6,LA,Avoyelles,38408,22009,Avoyelles Parish,Louisiana,0.9682,0.9545,0.9383,0.7299,0.9084,39529.0,2025,2022,23.3,42.3,8.6,13.4,19.8,6.4,8.6,32.1,30.9,28.9,22.5,,15.5,17.1,38.7,2023,1,Critical
22011,8.8,27.6,19.4,36.5,60.8,7.1,10.3,,6.4,79.0,83.7,60.0,7.9,,,18.7,56.3,29.5,11.8,22.7,35.5,,28.8,77.4,20.9,40.5,15.0,36.7,3.5,14.9,LA,Beauregard,36827,22011,Beauregard Parish,Louisiana,0.5498,0.4744,0.5377,0.5415,0.6131,36553.0,2025,2022,19.2,36.8,7.7,9.9,15.0,4.2,5.6,28.1,19.5,15.7,14.6,,10.1,10.4,36.4,2023,2,Moderate
22013,11.5,30.6,15.9,45.6,66.0,6.1,11.4,,8.0,80.8,82.3,56.7,10.8,,,24.5,44.8,28.7,17.5,32.1,35.5,,40.0,77.1,23.2,47.6,18.2,45.3,5.1,30.8,LA,Bienville,12366,22013,Bienville Parish,Louisiana,0.9755,0.8944,0.9612,0.8492,0.9695,12958.0,2025,2022,23.5,45.0,8.4,14.3,21.7,7.2,9.5,31.6,35.1,34.5,25.0,,17.3,20.3,39.9,2023,1,Critical
22015,8.3,25.5,18.0,37.0,62.4,6.7,10.1,,6.0,80.7,85.9,63.2,6.9,,,16.3,58.0,27.2,12.1,21.6,33.4,,29.3,76.6,19.2,40.9,13.7,42.9,3.4,15.0,LA,Bossier,129795,22015,Bossier Parish,Louisiana,0.7773,0.721,0.7381,0.7359,0.7019,128877.0,2025,2022,17.5,33.2,7.0,9.0,13.9,4.1,5.5,27.7,19.4,15.5,15.6,,10.1,11.2,36.5,2023,3,High
22017,9.2,27.8,16.0,42.5,65.6,6.0,10.9,,6.7,82.2,85.1,60.3,8.0,,,18.6,54.1,27.6,14.5,26.0,34.7,,31.8,76.0,20.8,42.3,15.4,40.0,4.2,23.0,LA,Caddo,226386,22017,Caddo Parish,Louisiana,0.9329,0.9033,0.8202,0.9017,0.8963,236259.0,2025,2022,20.0,39.0,7.0,11.3,17.5,5.5,7.3,31.7,28.8,25.0,21.9,,14.0,16.5,39.0,2023,1,Critical
22019,8.6,26.8,18.3,39.0,62.3,6.7,10.3,,6.2,79.8,84.7,60.5,7.2,,,17.3,58.6,28.1,12.5,22.7,34.4,,32.0,77.8,19.8,42.9,14.0,39.4,3.6,14.6,LA,Calcasieu,203761,22019,Calcasieu Parish,Louisiana,0.7149,0.616,0.5673,0.7105,0.7693,210770.0,2025,2022,18.6,37.2,7.1,9.6,14.8,4.3,5.7,28.1,20.5,17.0,15.7,,10.7,11.7,36.7,2023,3,High
22021,11.0,28.9,19.1,41.0,62.5,6.8,10.6,,7.7,78.6,81.5,56.9,10.1,,,23.6,50.9,30.1,14.2,28.3,35.1,,34.3,72.0,22.7,38.8,17.1,41.6,4.3,25.2,LA,Caldwell,9389,22021,Caldwell Parish,Louisiana,0.9052,0.8568,0.6777,0.5775,0.986,9658.0,2025,2022,22.6,42.6,8.7,12.5,18.7,5.7,7.6,30.2,27.0,24.2,19.3,,13.5,14.5,38.0,2023,3,High
22023,8.1,26.1,21.0,35.5,60.0,7.3,9.9,,6.1,78.5,84.5,59.2,7.2,,,17.4,57.8,29.6,10.6,20.3,34.0,,26.4,76.6,20.4,36.3,14.1,38.5,3.2,20.0,LA,Cameron,4768,22023,Cameron Parish,Louisiana,0.2984,0.2644,0.5415,0.377,0.2899,5447.0,2025,2022,18.4,35.0,7.5,8.9,13.6,3.6,4.8,26.6,16.2,12.3,12.7,,8.7,8.8,36.4,2023,2,Moderate
22025,12.5,28.5,17.8,42.1,63.7,6.4,10.7,,7.6,78.8,81.8,57.6,9.9,,,22.8,54.1,27.7,15.0,29.6,34.7,,35.7,76.0,22.0,41.6,17.4,42.3,4.5,26.8,LA,Catahoula,8414,22025,Catahoula Parish,Louisiana,0.8581,0.8374,0.2911,0.7121,0.9876,8895.0,2025,2022,22.6,43.0,8.5,12.7,19.4,6.1,8.3,31.8,30.0,26.9,21.7,,14.9,16.1,38.0,2023,1,Critical
22027,13.6,30.4,15.5,48.6,66.9,5.9,11.1,,8.7,80.8,81.0,53.0,11.6,,,26.6,42.2,26.2,18.8,35.3,35.1,,41.5,73.6,23.0,48.9,19.0,47.9,5.6,28.6,LA,Claiborne,13670,22027,Claiborne Parish,Louisiana,0.8069,0.7636,0.2876,0.8899,0.9395,14203.0,2025,2022,24.7,47.8,8.9,15.3,23.4,8.2,10.9,34.9,40.0,39.4,28.4,,19.8,23.3,39.2,2023,1,Critical
22029,11.5,30.0,16.0,45.6,65.6,6.3,11.2,,8.0,80.6,82.3,57.8,10.5,,,23.6,46.6,28.4,16.8,31.0,35.6,,37.7,74.5,22.8,45.9,17.8,43.8,4.9,22.9,LA,Concordia,17688,22029,Concordia Parish,Louisiana,0.9949,0.9561,0.9924,0.8088,0.9577,18677.0,2025,2022,23.0,43.7,8.4,13.8,20.9,6.9,9.2,32.0,33.7,32.3,24.4,,16.7,19.5,39.7,2023,1,Critical
22031,9.9,28.4,17.4,42.0,64.2,6.4,11.0,,6.9,80.6,83.8,57.6,8.8,,,21.0,55.4,28.4,14.6,26.8,34.1,,32.7,75.8,21.9,44.2,16.2,42.9,4.2,17.7,LA,De Soto,27114,22031,De Soto Parish,Louisiana,0.8101,0.7397,0.8988,0.7929,0.5784,26821.0,2025,2022,21.2,40.7,7.6,11.8,18.1,5.5,7.3,30.4,27.5,24.1,20.1,,13.7,15.2,38.3,2023,1,Critical
22033,7.8,26.2,17.2,40.3,64.8,6.2,10.3,,5.9,81.5,87.1,62.3,6.6,,,15.0,59.4,25.9,13.6,21.6,33.3,,24.9,81.8,18.9,36.6,13.2,43.0,3.7,15.5,LA,East Baton Rouge,448467,22033,East Baton Rouge Parish,Louisiana,0.846,0.7903,0.6347,0.9017,0.8546,454369.0,2025,2022,17.7,34.1,6.3,9.2,14.6,4.4,6.0,28.8,21.9,18.9,17.9,,11.5,13.5,36.2,2023,3,High
22035,16.0,30.3,14.5,52.5,67.1,5.3,11.6,,9.5,81.0,80.2,51.7,12.7,,,29.1,38.7,25.0,21.3,39.7,35.4,,44.1,75.4,23.5,51.7,20.2,48.4,6.5,43.5,LA,East Carroll,6829,22035,East Carroll Parish,Louisiana,0.8781,0.9469,0.4897,0.9672,0.7496,7371.0,2025,2022,26.4,50.1,8.8,17.2,26.3,10.0,13.1,37.8,46.8,46.6,33.6,,23.5,27.8,41.8,2023,1,Critical
22037,9.3,26.1,19.0,42.4,64.0,6.2,10.1,,6.4,79.9,84.6,59.7,7.2,,,18.4,57.1,25.3,13.2,24.0,34.8,,32.1,79.9,20.0,41.9,14.4,43.9,3.8,21.1,LA,East Feliciana,19229,22037,East Feliciana Parish,Louisiana,0.5937,0.4741,0.056,0.8403,0.9609,19452.0,2025,2022,18.9,37.5,6.9,9.8,15.7,4.5,6.1,31.5,23.2,18.4,18.7,,11.7,13.3,38.5,2023,3,High
22039,12.0,29.0,18.4,42.2,63.7,6.5,11.0,,7.5,79.7,82.1,55.0,9.9,,,22.5,45.5,28.9,15.0,29.1,35.3,,35.8,74.9,22.2,44.9,17.5,43.0,4.4,29.3,LA,Evangeline,31754,22039,Evangeline Parish,Louisiana,0.999,0.9841,0.9955,0.7261,0.9895,32335.0,2025,2022,22.4,43.4,8.5,12.7,19.3,6.0,8.1,30.3,29.3,26.5,21.2,,14.4,16.0,36.9,2023,1,Critical
22041,11.1,29.3,16.6,42.7,64.2,6.5,11.3,,7.6,79.7,82.2,55.8,10.4,,,23.4,48.8,29.4,15.1,30.1,35.4,,36.0,75.4,22.8,42.2,17.8,41.8,4.6,31.1,LA,Franklin,19285,22041,Franklin Parish,Louisiana,0.8053,0.9122,0.7525,0.7178,0.4337,19752.0,2025,2022,23.1,43.3,8.4,13.5,20.2,6.3,8.4,30.6,30.8,29.2,21.7,,15.3,16.8,38.2,2023,1,Critical
22043,10.9,26.9,19.4,40.1,61.8,6.8,9.8,,6.8,78.4,83.0,55.5,8.3,,,20.1,52.5,27.2,12.7,24.9,35.0,,30.7,71.1,20.7,39.6,15.5,42.6,3.7,20.7,LA,Grant,21911,22043,Grant Parish,Louisiana,0.7219,0.6163,0.5908,0.6045,0.8231,22185.0,2025,2022,20.1,38.1,8.0,10.3,16.0,4.6,6.2,30.5,22.3,17.6,16.7,,11.2,11.9,38.5,2023,3,High
22045,10.8,27.8,16.4,40.9,64.9,6.3,10.8,,7.1,81.3,83.6,57.6,9.0,,,20.7,52.1,28.6,14.7,27.7,34.1,,34.2,78.0,21.7,42.4,16.3,40.9,4.2,20.2,LA,Iberia,67659,22045,Iberia Parish,Louisiana,0.936,0.8409,0.9351,0.8059,0.9115,69958.0,2025,2022,21.4,41.5,7.8,12.0,18.2,5.6,7.5,31.5,27.4,24.5,20.1,,13.8,15.1,40.4,2023,1,Critical
22047,10.4,27.1,17.3,41.0,63.9,6.0,10.7,,6.6,80.4,84.7,60.7,7.8,,,19.1,52.5,25.9,14.4,26.0,34.2,,33.2,79.7,20.8,42.9,15.3,43.1,4.1,19.5,LA,Iberville,29617,22047,Iberville Parish,Louisiana,0.8501,0.7308,0.7222,0.8842,0.8953,30210.0,2025,2022,20.0,39.5,6.9,10.9,17.3,5.2,7.0,32.9,27.1,22.8,21.2,,13.4,15.1,38.4,2023,1,Critical
22049,10.3,27.8,17.9,42.0,63.3,6.5,10.6,,7.2,79.7,82.8,55.3,9.2,,,21.3,49.5,27.9,14.4,27.3,35.1,,35.0,74.3,21.6,45.1,16.5,41.7,4.2,25.8,LA,Jackson,14746,22049,Jackson Parish,Louisiana,0.8301,0.6192,0.9173,0.7003,0.8524,15093.0,2025,2022,21.3,40.2,8.1,11.8,17.9,5.5,7.3,30.3,26.7,23.8,19.4,,13.3,14.7,36.9,2023,1,Critical
22051,10.4,25.0,18.2,38.0,63.4,6.2,9.8,,6.0,81.3,86.3,61.0,6.5,,,15.0,57.2,25.1,13.6,22.2,33.0,,29.0,80.0,19.0,41.5,13.4,41.5,3.4,15.2,LA,Jefferson,421777,22051,Jefferson Parish,Louisiana,0.8295,0.8288,0.8559,0.8673,0.5148,436171.0,2025,2022,17.6,33.6,6.7,9.1,14.4,4.2,6.0,28.6,21.5,16.3,17.3,,10.9,12.2,38.1,2023,3,High
22053,9.4,26.8,19.6,38.7,62.5,7.0,10.4,,6.7,78.7,83.4,59.2,8.6,,,20.1,57.1,29.3,12.6,24.7,34.9,,32.2,74.9,21.8,42.5,16.0,38.5,3.8,20.8,LA,Jefferson Davis,31553,22053,Jefferson Davis Parish,Louisiana,0.5549,0.5113,0.7079,0.5759,0.4203,32277.0,2025,2022,20.8,39.7,7.9,10.9,16.8,4.7,6.3,28.9,22.2,19.0,16.4,,11.3,12.0,38.2,2023,3,High
22055,8.0,24.3,19.1,37.1,62.7,6.7,9.7,,5.9,81.0,86.1,60.3,6.7,,,15.9,58.6,26.2,11.9,20.7,33.3,,23.9,81.6,18.7,34.3,13.1,38.1,3.4,12.1,LA,Lafayette,249750,22055,Lafayette Parish,Louisiana,0.735,0.6344,0.5205,0.7321,0.8285,243175.0,2025,2022,17.2,33.6,6.8,9.0,14.0,4.0,5.4,26.0,19.4,15.7,15.1,,10.2,10.9,36.3,2023,2,Moderate
22057,9.6,27.9,20.1,39.5,61.6,6.8,10.2,,6.7,78.9,83.7,56.7,8.3,,,19.4,54.2,30.8,12.7,23.3,34.7,,31.7,78.2,21.5,47.2,15.5,42.3,3.6,19.5,LA,Lafourche,95056,22057,Lafourche Parish,Louisiana,0.7416,0.6815,0.5609,0.5915,0.8384,97220.0,2025,2022,20.2,39.5,7.9,10.6,16.4,4.6,6.2,29.2,22.2,18.1,16.4,,11.2,11.6,36.1,2023,3,High
22059,11.2,26.0,20.3,37.2,61.1,6.9,9.7,,6.4,78.0,83.4,59.4,7.9,,,19.1,54.5,27.2,12.4,23.9,35.0,,30.0,79.1,20.2,38.9,15.0,40.3,3.5,14.9,LA,LaSalle,14800,22059,LaSalle Parish,Louisiana,0.4648,0.3274,0.4547,0.5326,0.6456,14764.0,2025,2022,19.5,37.9,7.7,9.8,15.5,4.3,5.9,29.6,20.9,16.1,15.8,,10.6,10.8,37.7,2023,2,Moderate
22061,8.7,28.3,16.5,42.7,64.9,6.5,10.8,,7.1,80.8,84.6,58.6,8.6,,,18.9,53.6,27.8,15.1,26.4,34.3,,32.5,77.1,20.9,46.3,15.9,43.7,4.3,20.1,LA,Lincoln,47962,22061,Lincoln Parish,Louisiana,0.7786,0.7544,0.1712,0.8524,0.9507,48323.0,2025,2022,20.0,40.0,7.6,11.7,18.2,5.6,7.4,28.6,26.6,25.3,20.2,,13.9,16.3,35.8,2023,1,Critical
22063,8.5,26.7,19.5,38.3,61.4,7.2,9.9,,6.1,80.5,84.9,64.2,7.2,,,17.0,59.1,29.9,11.7,21.2,35.1,,26.9,77.4,20.1,38.6,14.4,38.4,3.2,14.9,LA,Livingston,150145,22063,Livingston Parish,Louisiana,0.4709,0.3344,0.6933,0.4378,0.5135,143425.0,2025,2022,18.7,36.9,7.6,9.2,14.1,3.8,5.2,26.7,18.7,14.4,14.0,,9.1,9.6,34.6,2023,2,Moderate
22065,13.3,30.9,14.3,49.6,67.5,5.6,12.2,,8.6,82.0,82.1,53.1,11.8,,,26.2,43.5,27.2,19.6,36.4,35.4,,42.5,72.9,23.8,50.1,19.3,47.1,5.9,31.5,LA,Madison,9246,22065,Madison Parish,Louisiana,1.0,0.9663,0.964,0.9459,1.0,10028.0,2025,2022,25.3,47.3,8.3,16.4,24.5,8.9,11.7,34.8,42.6,43.1,30.9,,21.5,25.5,40.3,2023,1,Critical
22067,11.3,30.1,15.8,47.5,66.3,6.1,11.6,,7.8,81.1,83.0,57.3,10.3,,,23.5,45.3,27.7,16.8,31.4,36.1,,37.1,77.5,22.6,44.9,17.5,46.3,5.0,30.5,LA,Morehouse,23955,22067,Morehouse Parish,Louisiana,0.9558,0.9488,0.7601,0.8804,0.9354,25438.0,2025,2022,22.9,44.2,8.0,13.9,21.1,7.0,9.2,34.3,35.4,33.6,25.9,,17.6,20.6,41.2,2023,1,Critical
22069,9.3,29.0,16.9,43.4,65.3,6.3,11.0,,6.9,81.0,84.5,58.5,8.5,,,19.8,51.1,28.2,14.8,26.7,33.9,,32.4,77.3,21.3,42.4,15.9,40.8,4.3,21.1,LA,Natchitoches,36291,22069,Natchitoches Parish,Louisiana,0.9281,0.9017,0.4668,0.8661,0.9924,37478.0,2025,2022,20.4,39.4,7.5,11.6,18.1,5.6,7.4,30.2,27.4,25.5,20.9,,14.0,16.2,37.0,2023,1,Critical
22071,8.4,24.7,19.4,39.0,64.3,5.5,10.6,,6.1,80.4,86.2,65.8,6.6,,,15.2,58.9,27.4,14.4,22.0,32.1,,26.1,81.1,19.2,34.2,13.3,39.4,4.0,24.4,LA,Orleans,364136,22071,Orleans Parish,Louisiana,0.8381,0.9115,0.3595,0.9567,0.7381,380408.0,2025,2022,17.6,33.7,6.1,9.7,15.2,5.0,6.8,31.4,24.9,21.4,19.8,,12.7,15.2,40.0,2023,3,High
22073,8.8,28.2,16.7,42.1,63.4,6.5,10.9,,6.6,80.8,84.8,60.0,8.0,,,18.2,54.9,26.2,13.9,24.0,34.4,,32.3,78.0,20.6,44.1,14.6,40.9,4.0,25.3,LA,Ouachita,157568,22073,Ouachita Parish,Louisiana,0.8845,0.882,0.5682,0.8116,0.9303,159585.0,2025,2022,19.4,38.4,7.2,11.0,16.9,5.1,6.8,29.9,25.2,21.6,19.3,,12.7,14.8,37.8,2023,3,High
22075,9.4,25.3,19.2,37.3,61.8,6.5,9.9,,6.1,79.2,85.0,60.0,6.9,,,16.6,57.1,26.4,12.4,22.1,34.2,,28.8,78.0,19.4,38.4,14.1,39.8,3.4,15.6,LA,Plaquemines,22386,22075,Plaquemines Parish,Louisiana,0.651,0.4092,0.7197,0.7626,0.7451,23305.0,2025,2022,18.1,34.9,7.1,9.2,14.6,4.1,5.7,29.4,20.2,15.6,15.9,,10.4,10.9,37.5,2023,3,High
22077,9.7,27.1,18.1,40.4,63.5,6.4,10.8,,6.5,80.4,84.3,58.3,8.1,,,19.2,52.7,27.8,13.3,24.5,34.4,,32.0,76.7,21.3,40.0,15.3,42.2,3.9,23.9,LA,Pointe Coupee,20000,22077,Pointe Coupee Parish,Louisiana,0.7127,0.8428,0.7521,0.7859,0.2138,20652.0,2025,2022,20.2,38.2,7.2,10.8,16.6,5.0,6.6,30.3,24.8,21.1,18.9,,12.4,13.7,38.1,2023,3,High
22079,9.1,28.7,16.7,39.9,63.5,6.5,10.7,,6.5,80.3,84.6,61.9,8.0,,,19.1,54.2,28.2,13.4,25.3,34.5,,30.3,79.0,21.1,40.7,15.4,41.8,3.9,17.2,LA,Rapides,126260,22079,Rapides Parish,Louisiana,0.9071,0.7744,0.9189,0.776,0.922,129536.0,2025,2022,20.0,39.7,7.5,10.6,16.8,4.9,6.5,30.0,24.0,20.9,18.3,,12.2,13.8,39.7,2023,3,High
22081,11.7,28.9,16.4,43.9,64.9,6.1,11.2,,7.6,80.3,82.5,55.9,10.1,,,23.7,48.9,27.8,16.1,30.6,34.0,,38.0,74.7,22.8,43.9,17.6,45.4,4.7,28.1,LA,Red River,7356,22081,Red River Parish,Louisiana,0.6662,0.6742,0.7929,0.8225,0.3105,7631.0,2025,2022,23.0,43.5,8.1,13.5,20.4,6.5,8.8,32.3,33.2,30.9,24.2,,16.1,18.5,39.1,2023,1,Critical
22083,10.6,28.7,17.2,42.3,64.3,6.4,11.1,,7.3,80.4,83.2,57.1,9.5,,,21.9,50.8,28.4,15.0,28.4,34.7,,34.7,75.8,22.2,43.1,16.7,41.4,4.4,23.5,LA,Richland,19712,22083,Richland Parish,Louisiana,0.8632,0.8737,0.5097,0.7751,0.9058,20028.0,2025,2022,21.9,41.2,7.9,12.5,18.9,5.9,7.8,30.6,29.1,26.6,21.4,,14.5,16.3,39.0,2023,1,Critical
22085,10.0,28.9,18.7,40.9,62.5,6.8,10.9,,7.3,79.4,82.6,56.8,9.3,,,21.9,52.5,29.6,14.3,26.9,35.2,,34.3,76.3,22.6,44.9,17.0,41.1,4.1,19.5,LA,Sabine,21906,22085,Sabine Parish,Louisiana,0.8848,0.8724,0.973,0.7121,0.5673,22209.0,2025,2022,21.7,40.6,8.6,11.9,18.1,5.3,7.3,29.5,26.8,23.0,19.0,,13.5,14.4,37.3,2023,1,Critical
22087,11.3,27.7,17.2,40.3,63.1,6.4,10.6,,7.0,79.7,84.0,59.1,8.5,,,19.7,52.2,28.1,14.3,26.9,35.5,,33.2,77.0,21.2,42.2,16.2,40.9,4.0,23.1,LA,St. Bernard,44463,22087,St. Bernard Parish,Louisiana,0.9026,0.9392,0.9516,0.7859,0.5173,44038.0,2025,2022,20.8,40.6,8.0,11.3,17.8,5.4,7.4,30.2,27.2,23.0,20.4,,13.4,14.8,38.0,2023,1,Critical
22089,8.2,25.0,19.6,37.4,61.7,6.6,9.9,,5.6,80.4,86.2,63.3,6.2,,,14.9,62.3,26.1,11.3,19.7,33.8,,26.8,80.4,19.1,37.2,13.2,39.7,3.2,13.6,LA,St. Charles,50620,22089,St. Charles Parish,Louisiana,0.4451,0.3624,0.8244,0.7308,0.161,52191.0,2025,2022,16.9,33.1,6.6,8.4,13.3,3.7,5.0,26.8,17.2,13.2,14.4,,9.2,9.9,34.2,2023,2,Moderate
22091,11.0,28.7,16.0,43.7,65.8,5.9,11.5,,7.4,81.2,83.5,57.5,9.4,,,22.4,49.4,27.0,16.2,30.5,34.3,,37.3,75.4,22.3,42.9,17.0,43.2,4.8,27.6,LA,St. Helena,10774,22091,St. Helena Parish,Louisiana,0.9478,0.8021,0.9812,0.8953,0.8746,10872.0,2025,2022,22.3,43.0,7.5,13.2,20.3,6.4,8.6,33.8,33.4,31.1,24.7,,16.3,19.1,39.9,2023,1,Critical
22093,8.2,26.4,18.6,40.3,64.4,6.1,10.7,,5.9,81.6,86.1,62.5,6.8,,,16.8,56.6,25.7,13.4,22.9,32.3,,30.7,82.8,20.1,43.7,13.9,44.3,3.8,18.1,LA,St. James,19191,22093,St. James Parish,Louisiana,0.2701,0.2189,0.2956,0.8762,0.2164,20090.0,2025,2022,18.2,35.6,6.3,9.7,15.5,4.5,6.0,31.6,22.7,19.2,18.6,,11.6,13.4,38.0,2023,3,High
22095,10.0,25.9,16.0,42.8,65.5,5.6,10.7,,6.2,82.4,86.2,60.8,6.8,,,16.7,54.9,24.6,14.9,24.9,34.0,,30.9,80.6,19.9,41.5,14.3,44.9,4.0,20.6,LA,St. John the Baptist,39592,22095,St. John the Baptist Parish,Louisiana,0.7152,0.7556,0.8209,0.9567,0.2284,41986.0,2025,2022,18.7,37.3,6.2,10.3,16.4,5.0,6.9,32.7,27.5,22.5,22.1,,13.5,15.7,38.7,2023,1,Critical
22097,11.2,28.7,17.5,43.4,64.5,6.1,11.2,,7.5,80.7,83.0,58.6,9.7,,,22.4,49.4,27.4,15.7,30.5,34.6,,35.2,75.5,22.5,40.5,17.4,40.9,4.7,22.7,LA,St. Landry,81464,22097,St. Landry Parish,Louisiana,0.9262,0.9453,0.7531,0.8482,0.8505,82574.0,2025,2022,22.5,43.9,8.0,13.3,20.3,6.4,8.5,31.9,31.2,29.5,23.0,,15.8,18.0,39.3,2023,1,Critical
22099,10.1,27.2,18.1,39.3,63.4,6.5,10.6,,6.6,79.6,84.0,59.8,8.3,,,19.7,54.6,29.4,13.1,25.4,34.2,,32.0,76.6,21.7,45.0,15.5,42.3,3.9,15.5,LA,St. Martin,51057,22099,St. Martin Parish,Louisiana,0.7041,0.7219,0.6612,0.7321,0.5078,51856.0,2025,2022,20.4,39.2,7.4,10.9,16.8,4.9,6.6,29.7,24.5,20.9,18.9,,12.1,13.5,38.1,2023,3,High
22101,11.7,27.9,17.5,41.6,63.1,6.2,10.8,,7.1,80.2,83.2,57.0,9.0,,,21.7,48.4,28.6,14.7,28.4,35.9,,34.8,77.8,22.2,44.9,16.8,44.4,4.3,24.0,LA,St. Mary,47055,22101,St. Mary Parish,Louisiana,0.9109,0.8425,0.9469,0.8212,0.7719,49114.0,2025,2022,21.8,42.0,7.9,12.0,18.8,5.7,7.8,31.8,28.9,25.4,21.4,,14.2,15.6,40.2,2023,1,Critical
22103,7.3,23.4,19.9,34.0,62.0,7.1,9.6,,5.6,78.6,86.4,62.1,6.1,,,14.6,63.6,26.2,10.9,18.8,32.0,,24.8,80.7,19.4,37.1,12.7,39.6,3.0,11.6,LA,St. Tammany,275583,22103,St. Tammany Parish,Louisiana,0.4868,0.4537,0.8648,0.5953,0.1699,266168.0,2025,2022,16.4,32.1,6.7,8.0,12.6,3.4,4.7,25.4,15.9,11.9,13.3,,8.5,9.2,33.5,2023,2,Moderate
22105,9.6,28.0,19.4,39.0,62.7,6.5,10.5,,6.7,79.8,84.5,62.4,8.0,,,18.9,57.8,26.7,13.5,24.4,33.4,,30.0,76.1,21.3,43.1,15.0,39.2,3.8,20.1,LA,Tangipahoa,138064,22105,Tangipahoa Parish,Louisiana,0.8651,0.7992,0.8963,0.7626,0.7397,133953.0,2025,2022,19.7,38.2,7.4,10.6,16.7,4.8,6.5,29.4,23.8,20.7,18.6,,12.3,13.5,39.5,2023,3,High
22107,12.4,29.8,15.1,47.4,66.6,5.7,11.7,,8.1,81.2,82.5,52.5,10.7,,,24.5,41.1,27.1,18.1,33.2,34.5,,39.8,76.9,23.2,49.2,18.2,46.7,5.4,32.6,LA,Tensas,3764,22107,Tensas Parish,Louisiana,0.8454,0.9497,0.3471,0.9122,0.7111,4127.0,2025,2022,23.9,45.8,8.0,14.8,22.5,7.7,10.2,34.1,38.3,37.7,27.9,,19.0,22.3,40.0,2023,1,Critical
22109,9.7,27.2,18.7,37.8,62.1,6.7,10.4,,6.6,80.0,84.1,61.6,7.9,,,18.8,58.2,28.0,13.2,24.4,34.1,,32.2,75.9,21.1,41.0,15.5,42.7,3.7,16.6,LA,Terrebonne,103616,22109,Terrebonne Parish,Louisiana,0.7821,0.6452,0.7607,0.7156,0.8075,108862.0,2025,2022,19.7,37.3,7.6,10.2,16.0,4.5,6.2,29.1,22.5,17.8,16.5,,11.3,11.7,36.5,2023,3,High
22111,10.6,28.3,18.0,41.0,63.3,6.7,10.7,,7.2,79.1,82.9,56.9,9.4,,,21.6,52.4,28.8,14.3,27.3,35.3,,33.6,77.1,22.0,37.2,16.5,41.2,4.2,18.5,LA,Union,20650,22111,Union Parish,Louisiana,0.8724,0.798,0.8711,0.6742,0.8451,21049.0,2025,2022,21.6,40.0,8.2,12.0,17.9,5.5,7.4,29.5,27.0,24.5,19.6,,13.5,15.0,37.4,2023,3,High
22113,9.6,27.6,18.8,38.6,62.3,6.8,10.4,,6.8,78.5,83.1,57.2,8.7,,,20.3,55.9,29.6,12.8,24.5,34.8,,31.0,75.8,21.5,42.6,15.8,38.7,3.8,17.9,LA,Vermilion,56992,22113,Vermilion Parish,Louisiana,0.7875,0.7006,0.8915,0.5711,0.6923,57202.0,2025,2022,20.8,38.6,8.0,11.0,16.7,4.8,6.5,28.7,22.5,19.8,16.6,,11.6,12.1,37.3,2023,3,High
22115,9.8,27.4,18.3,39.2,61.9,6.9,10.0,,6.6,79.5,83.9,57.8,8.0,,,19.2,56.2,27.4,12.6,23.9,35.9,,31.9,79.9,20.4,39.4,15.1,42.3,3.6,19.4,LA,Vernon,46250,22115,Vernon Parish,Louisiana,0.832,0.7343,0.8412,0.6685,0.8088,48452.0,2025,2022,19.7,37.9,7.9,10.1,16.0,4.5,6.1,28.4,21.7,17.9,16.0,,11.0,11.6,35.9,2023,3,High
22117,10.5,29.1,16.9,42.1,64.4,6.5,10.9,,7.3,78.4,83.1,56.2,9.5,,,22.2,52.8,28.3,14.9,28.0,34.6,,36.2,76.9,21.9,45.6,16.8,42.4,4.3,24.5,LA,Washington,44865,22117,Washington Parish,Louisiana,0.9822,0.9383,0.9771,0.7308,0.9526,45514.0,2025,2022,21.6,40.4,8.0,12.2,18.5,5.7,7.7,30.7,28.1,25.8,20.7,,14.0,15.7,35.8,2023,1,Critical
22119,10.7,29.0,16.9,43.4,64.9,6.5,11.3,,7.7,79.9,82.4,56.4,10.3,,,23.4,48.8,28.9,15.7,30.0,34.5,,37.0,76.2,22.9,44.7,18.0,42.2,4.7,25.3,LA,Webster,35238,22119,Webster Parish,Louisiana,0.8775,0.8476,0.7047,0.7617,0.8966,36761.0,2025,2022,22.8,43.4,8.3,13.5,20.4,6.4,8.5,31.0,31.5,30.3,22.6,,15.8,18.1,37.8,2023,1,Critical
22121,8.2,26.0,18.4,40.1,63.7,6.3,10.4,,5.8,81.2,86.1,62.8,6.6,,,16.1,56.1,25.9,12.6,21.7,33.2,,27.5,81.7,19.5,41.3,13.5,41.9,3.5,14.4,LA,West Baton Rouge,28266,22121,West Baton Rouge Parish,Louisiana,0.6341,0.4811,0.2704,0.8403,0.8721,27377.0,2025,2022,17.6,35.1,6.4,9.2,14.7,4.2,5.6,30.3,21.3,17.1,17.2,,10.9,12.4,37.3,2023,3,High
22123,10.1,27.6,19.4,38.8,61.6,6.9,10.6,,6.9,78.6,82.9,56.1,8.9,,,20.8,49.0,29.5,12.9,25.4,34.0,,31.5,73.9,21.7,40.3,16.0,39.6,3.8,27.3,LA,West Carroll,9323,22123,West Carroll Parish,Louisiana,0.6325,0.6093,0.8241,0.5383,0.4149,9800.0,2025,2022,21.1,39.2,8.0,11.2,16.7,4.9,6.5,28.8,23.2,20.0,17.1,,11.7,12.3,37.2,2023,3,High
22125,9.0,24.0,19.8,40.6,63.0,6.1,9.1,,6.1,79.9,85.5,61.2,6.1,,,16.1,57.3,22.5,12.8,21.3,33.5,,27.3,81.0,17.9,39.3,12.8,41.4,3.5,18.9,LA,West Feliciana,15371,22125,West Feliciana Parish,Louisiana,0.4668,0.4531,0.0722,0.8591,0.6729,15358.0,2025,2022,16.7,34.1,6.6,8.2,13.7,4.0,5.3,31.9,19.9,14.6,16.5,,10.3,11.5,36.6,2023,2,Moderate
22127,11.5,27.6,18.1,42.5,63.8,6.5,10.3,,7.2,79.3,83.0,57.4,8.9,,,21.1,51.0,27.2,14.7,27.3,35.0,,34.2,78.0,21.1,46.0,16.2,43.1,4.2,21.5,LA,Winn,13216,22127,Winn Parish,Louisiana,0.7401,0.5886,0.797,0.7245,0.7235,13665.0,2025,2022,21.1,41.4,8.1,11.5,17.9,5.5,7.5,30.9,27.4,23.7,20.1,,13.6,15.1,37.6,2023,1,Critical
23001,9.5,27.8,16.4,29.6,54.4,7.2,13.4,,6.0,77.6,83.3,61.3,7.6,,,16.9,61.2,30.8,10.3,19.3,32.1,,25.8,80.1,21.0,36.1,14.3,37.8,3.1,19.6,ME,Androscoggin,113765,23001,Androscoggin County,Maine,0.6007,0.4725,0.5173,0.3166,0.8715,111532.0,2025,2022,17.9,32.6,7.1,9.0,12.6,3.5,4.6,25.0,14.6,19.4,14.1,,10.3,10.7,35.0,2023,2,Moderate
23003,10.1,27.7,16.2,34.4,56.0,7.2,13.6,,6.4,78.5,82.4,63.0,8.3,,,18.6,56.1,27.9,10.7,21.2,32.5,,29.2,78.0,21.1,40.0,15.3,39.1,3.2,24.3,ME,Aroostook,67351,23003,Aroostook County,Maine,0.6545,0.636,0.6771,0.1409,0.7677,67237.0,2025,2022,18.7,34.7,7.5,9.3,13.8,3.7,4.8,26.6,15.1,21.5,13.6,,10.0,10.3,36.4,2023,2,Moderate
23005,6.7,22.8,19.4,27.8,52.4,7.5,12.0,,4.7,77.9,86.0,68.5,5.1,,,11.1,68.9,26.7,7.4,13.6,28.5,,16.1,81.3,17.9,26.7,11.2,30.9,2.4,9.2,ME,Cumberland,310230,23005,Cumberland County,Maine,0.1413,0.1063,0.0401,0.3563,0.5721,303357.0,2025,2022,14.1,24.5,5.7,6.6,8.8,2.4,3.1,22.4,8.5,10.7,8.9,,7.1,6.6,32.8,2023,0,Low
23007,8.8,26.4,17.7,30.6,52.5,7.4,13.4,,6.1,76.2,83.5,64.7,7.4,,,16.6,59.6,30.1,8.8,18.8,31.2,,23.7,82.0,21.0,35.2,13.8,37.1,3.0,14.0,ME,Franklin,30828,23007,Franklin County,Maine,0.4569,0.3993,0.315,0.0821,0.8215,29839.0,2025,2022,18.2,32.5,7.2,8.6,11.8,3.4,4.4,25.1,13.4,17.9,13.2,,9.2,9.4,36.8,2023,2,Moderate
23009,8.1,24.7,18.7,27.9,54.1,7.5,12.3,,5.4,78.9,84.7,64.2,6.2,,,13.9,65.7,27.7,8.1,15.6,30.6,,18.7,81.1,18.9,29.4,12.1,31.1,2.7,8.0,ME,Hancock,56526,23009,Hancock County,Maine,0.2183,0.3608,0.0891,0.119,0.3955,55851.0,2025,2022,16.2,28.0,6.4,7.3,10.2,2.9,3.8,22.3,10.6,13.7,10.6,,7.8,7.8,32.7,2023,0,Low
23011,8.7,27.0,14.9,29.2,54.4,7.1,12.6,,5.8,78.4,83.8,64.2,7.3,,,15.8,61.5,29.6,9.4,18.7,30.8,,23.2,77.5,20.0,32.5,13.6,35.8,2.9,22.7,ME,Kennebec,127259,23011,Kennebec County,Maine,0.357,0.2946,0.2934,0.1276,0.7082,124003.0,2025,2022,17.5,32.4,7.1,8.4,11.9,3.2,4.2,23.9,12.2,16.3,12.1,,8.8,8.7,32.0,2023,0,Low
23013,8.2,25.4,17.7,27.7,53.1,7.3,12.1,,5.3,77.8,84.4,60.5,6.3,,,14.3,67.4,27.7,8.0,15.3,31.0,,19.4,78.1,17.8,28.8,12.0,31.0,2.7,18.3,ME,Knox,40977,23013,Knox County,Maine,0.1724,0.2759,0.0834,0.0757,0.3777,40729.0,2025,2022,15.2,26.6,6.3,7.3,10.4,2.9,3.8,23.8,10.0,13.0,10.2,,7.8,7.7,31.9,2023,0,Low
23015,7.8,26.8,17.1,29.1,54.1,7.6,12.4,,5.2,78.9,84.3,64.7,6.1,,,13.5,62.9,29.3,8.1,15.7,31.6,,18.8,78.3,19.1,31.0,12.2,31.5,2.6,12.2,ME,Lincoln,36507,23015,Lincoln County,Maine,0.1094,0.2065,0.132,0.1457,0.1578,35466.0,2025,2022,15.4,27.5,6.2,7.1,10.4,2.8,3.6,22.9,9.9,13.0,10.0,,7.4,7.4,32.4,2023,0,Low
23017,9.6,27.5,18.4,30.4,54.5,7.4,13.6,,6.3,77.8,82.6,60.6,8.2,,,18.0,56.0,28.2,10.1,20.1,32.8,,23.3,76.6,20.2,34.6,14.9,34.3,3.2,16.2,ME,Oxford,59905,23017,Oxford County,Maine,0.3452,0.6465,0.0942,0.1276,0.3595,58276.0,2025,2022,18.4,30.6,7.1,9.4,12.5,3.7,4.8,25.5,15.1,20.3,13.9,,10.0,10.3,34.6,2023,2,Moderate
23019,8.8,27.0,17.7,32.7,53.9,7.6,13.4,,6.1,79.8,83.5,61.9,7.3,,,16.2,59.4,29.9,9.5,19.6,31.9,,25.0,81.2,20.8,38.3,14.5,36.3,2.9,17.7,ME,Penobscot,155312,23019,Penobscot County,Maine,0.4416,0.398,0.1365,0.1928,0.8699,152640.0,2025,2022,17.6,32.1,7.1,8.4,12.7,3.3,4.3,24.3,12.5,17.1,11.3,,9.3,8.8,35.8,2023,2,Moderate
23021,10.1,27.5,17.6,30.8,53.6,7.2,12.9,,6.6,77.7,82.0,59.1,8.2,,,18.6,59.9,28.8,9.6,20.4,31.5,,25.3,74.3,20.9,34.3,15.1,35.5,3.2,20.9,ME,Piscataquis,17486,23021,Piscataquis County,Maine,0.4804,0.5749,0.4524,0.1654,0.4963,16936.0,2025,2022,18.9,32.2,7.3,9.6,13.1,3.8,4.9,25.0,15.4,20.3,13.6,,10.2,10.5,34.9,2023,2,Moderate
23023,7.9,25.5,18.6,27.7,52.8,7.4,12.5,,5.3,78.6,84.4,61.8,6.2,,,14.3,63.7,29.2,8.0,15.4,30.6,,20.2,78.9,18.5,29.5,12.2,30.8,2.6,8.2,ME,Sagadahoc,37513,23023,Sagadahoc County,Maine,0.1015,0.2972,0.0519,0.1276,0.1273,36868.0,2025,2022,15.5,27.3,6.3,7.4,10.4,2.8,3.7,21.7,10.2,13.2,9.8,,7.5,7.9,32.1,2023,0,Low
23025,10.2,27.9,16.6,31.9,53.3,7.2,13.7,,6.7,79.4,82.2,60.0,8.9,,,20.0,56.4,30.8,10.4,21.3,33.0,,25.9,79.5,22.1,36.7,15.3,38.9,3.3,15.5,ME,Somerset,51302,23025,Somerset County,Maine,0.3,0.5361,0.1228,0.0544,0.3856,50656.0,2025,2022,19.7,34.9,7.7,10.0,13.7,3.9,5.1,24.8,15.6,22.4,14.0,,10.7,11.4,36.5,2023,2,Moderate
23027,8.7,26.3,17.6,28.6,54.5,7.4,13.5,,5.7,78.2,83.8,62.4,6.8,,,15.9,63.1,30.4,8.6,18.2,31.4,,21.6,77.0,20.6,34.1,13.7,34.4,2.8,19.7,ME,Waldo,40620,23027,Waldo County,Maine,0.2902,0.4578,0.2647,0.1339,0.2908,39772.0,2025,2022,17.2,31.0,6.8,8.5,11.6,3.1,4.1,23.9,11.8,16.4,11.8,,8.7,8.5,33.7,2023,0,Low
23029,10.5,30.1,17.2,34.0,54.5,7.3,13.5,,6.5,78.2,81.9,60.4,8.4,,,19.2,56.4,29.1,10.7,21.7,29.8,,29.8,74.7,22.1,39.9,16.1,40.1,3.2,20.6,ME,Washington,31555,23029,Washington County,Maine,0.6694,0.7751,0.6147,0.3563,0.5498,31096.0,2025,2022,19.4,37.3,7.8,9.8,14.5,3.9,5.2,26.3,16.2,22.0,14.2,,11.1,10.7,37.4,2023,3,High
23031,7.7,25.0,19.7,29.2,55.7,7.8,12.8,,5.3,77.8,85.2,61.5,6.2,,,13.7,65.5,26.8,8.0,16.2,30.5,,19.7,81.6,18.7,32.9,11.8,31.7,2.6,13.4,ME,York,218586,23031,York County,Maine,0.1304,0.1626,0.1174,0.2214,0.2879,212691.0,2025,2022,16.3,28.9,6.4,7.1,10.1,2.7,3.5,22.8,9.7,12.3,10.0,,7.5,7.3,32.3,2023,0,Low
24001,9.8,27.4,16.6,35.6,57.8,7.4,11.4,,6.2,77.5,84.8,52.8,8.3,,,18.8,58.5,26.6,11.3,21.6,32.7,,30.7,77.6,20.2,37.4,14.6,42.5,3.5,19.2,MD,Allegany,67273,24001,Allegany County,Maryland,0.5552,0.532,0.3917,0.3847,0.7302,68161.0,2025,2022,16.9,32.8,6.9,9.2,13.6,4.0,5.2,25.9,19.3,17.3,15.3,,9.4,10.2,36.1,2023,2,Moderate
24003,7.3,22.3,17.5,31.4,56.9,7.3,10.0,,4.6,78.2,88.9,63.8,4.6,,,10.5,68.3,20.4,9.1,15.5,31.6,,19.8,86.0,15.3,34.2,11.0,38.7,2.5,13.0,MD,Anne Arundel,594582,24003,Anne Arundel County,Maryland,0.1639,0.0773,0.2027,0.7286,0.2962,588109.0,2025,2022,12.0,24.9,5.0,6.1,9.8,2.6,3.4,22.5,11.9,8.5,10.9,,6.3,6.8,34.2,2023,0,Low
24005,8.4,23.7,14.2,32.9,59.3,6.5,11.1,,5.0,78.5,87.9,63.5,5.6,,,11.4,63.3,21.4,11.3,17.4,33.1,,25.3,79.2,17.1,34.2,11.0,37.2,2.9,11.3,MD,Baltimore,844703,24005,Baltimore County,Maryland,0.5571,0.3653,0.5103,0.8428,0.6748,850737.0,2025,2022,12.9,24.7,4.9,7.0,10.9,3.2,4.2,26.4,16.4,12.6,14.9,,8.6,9.2,35.8,2023,2,Moderate
24009,6.9,23.8,17.7,32.6,58.1,7.4,10.5,,4.5,77.3,88.4,62.3,5.0,,,11.0,70.7,20.5,9.1,14.9,32.6,,18.8,82.1,15.9,35.9,11.1,36.9,2.6,9.1,MD,Calvert,94728,24009,Calvert County,Maryland,0.0057,0.0095,0.0261,0.5978,0.0159,93244.0,2025,2022,12.4,25.2,5.2,6.1,9.7,2.6,3.3,22.0,10.9,8.0,10.7,,6.2,6.6,33.9,2023,0,Low
24011,11.2,27.9,16.0,36.5,58.0,7.3,11.8,,6.3,76.4,85.1,60.4,8.0,,,17.4,55.3,25.1,11.8,21.1,34.9,,27.3,75.1,19.4,41.3,14.2,41.3,3.5,15.1,MD,Caroline,33593,24011,Caroline County,Maryland,0.7579,0.7318,0.868,0.6277,0.5218,33320.0,2025,2022,17.2,31.8,6.7,9.4,13.9,4.2,5.6,25.3,20.0,17.8,16.4,,10.0,10.8,36.0,2023,3,High
24013,6.8,23.1,18.6,29.8,55.3,7.8,10.1,,4.7,73.5,87.8,61.6,5.0,,,11.0,66.0,23.5,8.5,13.4,32.7,,22.0,81.2,16.1,37.4,10.5,35.1,2.4,7.0,MD,Carroll,176639,24013,Carroll County,Maryland,0.0277,0.0153,0.0662,0.3824,0.1285,173225.0,2025,2022,12.2,23.5,5.3,6.0,9.3,2.4,3.2,20.4,9.5,7.2,9.3,,5.7,5.7,32.1,2023,0,Low
24015,8.4,25.2,16.2,34.9,59.3,7.4,10.5,,5.4,75.2,86.2,57.0,6.6,,,15.4,63.6,24.0,11.0,18.5,34.1,,26.7,72.6,18.5,40.8,13.0,38.8,3.0,14.3,MD,Cecil,105672,24015,Cecil County,Maryland,0.322,0.2991,0.2539,0.4839,0.4661,103876.0,2025,2022,14.8,29.0,6.1,7.7,11.8,3.3,4.2,22.4,13.9,11.6,12.4,,7.6,7.8,33.4,2023,2,Moderate
24017,7.9,23.1,14.2,38.5,61.7,6.0,10.7,,4.7,79.9,89.2,65.2,5.0,,,11.3,62.6,17.9,11.8,16.8,32.8,,22.6,80.2,16.6,41.3,11.2,40.8,3.1,7.6,MD,Charles,171973,24017,Charles County,Maryland,0.174,0.0951,0.3894,0.9424,0.1028,167035.0,2025,2022,12.5,25.4,4.7,6.9,11.2,3.3,4.4,27.5,16.7,12.7,15.6,,8.8,10.2,36.2,2023,2,Moderate
24019,10.8,27.9,15.9,36.9,60.4,6.9,11.7,,6.2,78.5,85.8,58.3,7.7,,,16.6,55.8,21.6,12.8,22.1,31.1,,27.8,81.2,19.1,41.9,14.6,40.7,3.7,14.6,MD,Dorchester,32879,24019,Dorchester County,Maryland,0.7824,0.6809,0.9513,0.7655,0.4766,32557.0,2025,2022,16.5,31.1,6.3,9.5,14.4,4.5,5.8,26.2,21.0,19.7,18.1,,11.0,12.0,33.8,2023,3,High
24021,8.0,22.5,16.3,31.0,57.7,7.3,9.5,,4.7,77.2,88.6,63.7,4.6,,,9.1,66.7,21.0,9.4,14.1,35.0,,19.5,74.7,15.7,34.3,9.9,35.4,2.5,6.2,MD,Frederick,293391,24021,Frederick County,Maryland,0.1234,0.063,0.2504,0.6726,0.1763,273829.0,2025,2022,11.5,22.1,5.1,5.7,8.7,2.5,3.4,23.5,10.9,7.7,10.5,,6.2,6.7,33.0,2023,0,Low
24023,8.4,26.8,17.2,34.3,57.3,7.8,11.3,,5.7,75.9,85.3,60.8,7.1,,,14.8,60.2,22.7,10.4,18.9,35.4,,24.7,75.6,18.6,36.2,13.3,38.2,3.0,12.7,MD,Garrett,28423,24023,Garrett County,Maryland,0.2564,0.2389,0.448,0.0299,0.4356,28856.0,2025,2022,15.0,28.5,6.5,8.0,11.9,3.3,4.2,22.4,13.4,11.8,11.6,,7.4,7.4,33.3,2023,2,Moderate
24025,7.1,23.4,15.9,31.7,56.7,7.2,10.2,,4.7,77.6,88.1,62.7,5.2,,,10.9,67.4,22.4,9.7,15.0,34.8,,19.7,80.6,16.5,35.4,11.2,36.6,2.6,5.1,MD,Harford,264644,24025,Harford County,Maryland,0.0789,0.0531,0.1355,0.6233,0.1397,261059.0,2025,2022,12.3,23.1,5.2,6.3,9.4,2.7,3.5,22.1,11.4,8.8,10.9,,6.5,6.9,33.4,2023,0,Low
24027,6.0,21.4,14.5,31.3,57.6,6.6,9.1,,4.1,79.3,90.4,64.3,3.5,,,7.3,71.7,18.2,9.1,11.8,35.5,,15.8,82.9,13.0,29.6,8.9,37.4,2.3,6.6,MD,Howard,336001,24027,Howard County,Maryland,0.1483,0.027,0.4769,0.8785,0.1689,332011.0,2025,2022,9.5,20.1,4.4,4.8,7.9,2.1,3.0,22.0,9.7,6.4,9.2,,5.6,5.6,31.6,2023,0,Low
24029,8.6,25.3,18.6,35.2,58.3,7.4,10.9,,5.3,76.7,86.9,63.8,6.1,,,13.2,67.4,24.0,10.3,17.3,33.9,,22.4,81.5,17.3,36.4,11.9,35.3,3.0,11.9,MD,Kent,19303,24029,Kent County,Maryland,0.4353,0.3003,0.5931,0.5778,0.4674,19289.0,2025,2022,13.9,25.7,5.7,7.4,11.1,3.2,4.3,23.5,14.1,11.8,12.7,,7.7,8.3,32.9,2023,2,Moderate
24031,9.1,18.1,14.6,28.8,56.6,6.1,9.2,,4.3,75.4,89.6,66.0,3.8,,,7.2,68.7,17.7,9.2,14.5,36.6,,18.3,80.2,12.8,25.9,9.7,33.9,2.4,4.5,MD,Montgomery,1058474,24031,Montgomery County,Maryland,0.4893,0.2711,0.4388,0.9122,0.623,1056910.0,2025,2022,10.5,21.1,4.6,5.3,8.3,2.5,3.7,22.8,12.5,8.1,11.3,,6.4,6.3,33.8,2023,0,Low
24033,13.0,22.6,13.0,37.3,59.6,5.0,11.5,,4.9,76.9,88.7,63.6,5.0,,,10.5,59.7,15.1,13.6,20.2,32.9,,26.5,80.7,14.8,41.9,12.0,43.8,3.5,13.4,MD,Prince George's,947430,24033,Prince George's County,Maryland,0.8161,0.7159,0.5116,0.9914,0.8676,957189.0,2025,2022,12.9,26.8,4.2,7.6,13.2,4.0,5.5,27.5,22.4,15.9,20.3,,10.6,12.1,37.0,2023,3,High
24035,7.3,23.8,20.6,31.6,57.0,7.7,10.0,,4.9,74.0,87.6,63.6,5.3,,,11.9,64.4,23.9,8.8,14.7,30.7,,19.3,81.5,16.6,29.2,11.1,34.6,2.6,9.1,MD,Queen Anne's,52508,24035,Queen Anne's County,Maryland,0.043,0.1215,0.112,0.4496,0.0188,50316.0,2025,2022,12.6,24.3,5.5,6.4,9.6,2.7,3.4,22.4,10.9,8.3,10.2,,6.3,6.4,33.7,2023,0,Low
24037,7.9,25.1,17.7,32.6,59.0,7.3,10.7,,5.1,76.5,87.8,66.6,5.4,,,12.7,64.3,21.5,10.3,16.6,33.8,,22.3,77.4,16.9,37.2,11.5,37.7,2.7,8.4,MD,St. Mary's,115281,24037,St. Mary's County,Maryland,0.2466,0.0945,0.4057,0.6449,0.4244,113814.0,2025,2022,13.1,25.3,5.4,6.6,10.5,2.9,3.8,23.8,12.3,10.0,11.7,,7.0,7.3,36.3,2023,0,Low
24039,11.3,27.1,15.6,41.6,61.1,6.7,11.6,,6.7,78.6,85.6,58.6,8.0,,,18.2,50.6,21.1,13.3,23.5,34.0,,31.2,75.6,18.9,39.8,14.6,45.4,4.0,17.9,MD,Somerset,24910,24039,Somerset County,Maryland,0.8794,0.797,0.4639,0.861,0.987,24672.0,2025,2022,16.9,32.8,6.4,10.0,15.4,4.9,6.3,29.1,24.2,22.6,20.4,,12.4,14.2,35.5,2023,3,High
24041,8.4,23.2,18.4,31.5,57.9,7.5,10.6,,5.0,77.7,87.9,66.3,5.6,,,11.8,67.9,22.8,9.2,16.2,32.9,,21.5,79.9,16.3,30.8,11.8,34.0,2.8,9.9,MD,Talbot,37823,24041,Talbot County,Maryland,0.3338,0.1852,0.7935,0.5854,0.2316,37663.0,2025,2022,13.1,25.8,5.6,6.8,10.6,3.0,4.0,22.1,13.1,10.7,12.3,,7.2,7.6,34.1,2023,0,Low
24043,9.9,26.4,14.9,34.8,58.6,7.4,10.8,,5.9,77.5,85.9,57.9,7.2,,,15.3,59.3,23.7,11.4,19.4,30.9,,28.4,74.7,18.0,39.0,13.4,41.0,3.2,14.8,MD,Washington,155813,24043,Washington County,Maryland,0.6325,0.4788,0.5867,0.5867,0.7846,154645.0,2025,2022,15.7,30.5,6.2,8.2,12.4,3.7,4.7,25.8,16.7,14.2,14.9,,8.9,9.7,36.1,2023,2,Moderate
24045,9.5,26.0,15.1,35.0,62.7,6.9,11.1,,5.7,80.0,87.4,64.0,6.7,,,14.4,56.4,22.0,11.5,20.4,35.7,,27.9,76.6,18.0,40.9,12.8,36.6,3.4,12.9,MD,Wicomico,104800,24045,Wicomico County,Maryland,0.7916,0.7178,0.5829,0.7735,0.8438,103815.0,2025,2022,14.8,27.6,5.6,8.5,12.9,3.8,5.0,25.0,17.6,15.8,14.8,,9.4,10.3,35.1,2023,3,High
24047,7.7,24.5,20.6,32.5,57.9,7.4,10.4,,5.1,78.4,87.6,63.4,5.7,,,13.1,63.0,22.6,9.7,16.1,32.8,,23.1,77.7,17.2,33.5,12.0,32.1,2.8,7.1,MD,Worcester,54171,24047,Worcester County,Maryland,0.4305,0.3933,0.3697,0.5437,0.4798,52827.0,2025,2022,13.3,25.3,5.5,7.0,10.7,3.0,3.8,21.7,12.8,10.3,11.9,,7.2,7.6,33.0,2023,0,Low
24510,10.1,24.7,15.8,39.6,61.9,5.5,12.7,,5.9,80.1,87.3,63.1,6.9,,,16.0,53.7,23.6,13.7,22.8,33.6,,27.2,81.4,18.6,38.8,13.6,42.1,4.1,14.7,MD,Baltimore,565239,24510,Baltimore City,Maryland,0.8565,0.811,0.6169,0.9698,0.8466,584548.0,2025,2022,16.1,33.0,5.0,9.6,15.9,4.9,6.5,28.6,25.4,24.4,22.0,,12.8,14.8,40.6,2023,3,High
25001,4.1,24.1,19.1,27.5,57.1,7.9,11.8,,4.7,80.0,89.2,66.7,4.9,,,11.4,73.3,25.3,7.1,13.4,29.7,,16.5,82.4,16.9,26.8,11.3,32.5,2.4,10.6,MA,Barnstable,231735,25001,Barnstable County,Massachusetts,0.1279,0.1537,0.3003,0.3917,0.1107,229436.0,2025,2022,13.1,23.7,5.2,6.4,9.1,2.5,3.2,22.8,9.8,11.3,9.7,,6.4,6.6,33.1,2023,0,Low
25003,5.2,23.7,18.9,27.7,55.4,7.5,12.2,,5.3,77.9,87.5,62.8,5.9,,,13.3,67.2,27.0,8.2,16.1,29.5,,20.4,78.4,19.1,31.5,12.4,38.2,2.7,10.1,MA,Berkshire,126818,25003,Berkshire County,Massachusetts,0.4235,0.3242,0.4311,0.3939,0.6061,128763.0,2025,2022,15.4,27.6,5.7,7.6,10.4,3.0,3.9,24.2,12.6,15.5,11.5,,8.0,7.8,34.5,2023,0,Low
25005,6.3,24.0,18.6,29.7,55.5,7.3,12.7,,5.6,80.2,87.5,61.4,6.5,,,16.0,68.1,24.5,9.1,19.0,31.7,,23.9,82.0,19.7,32.0,13.7,35.3,2.9,14.5,MA,Bristol,581841,25005,Bristol County,Massachusetts,0.6227,0.5148,0.6332,0.5558,0.699,576699.0,2025,2022,16.4,29.5,6.0,8.6,12.1,3.4,4.5,25.5,15.7,18.5,14.3,,8.9,9.0,34.9,2023,2,Moderate
25007,4.2,22.3,19.6,27.1,54.3,7.7,11.7,,4.7,78.8,88.7,64.9,4.9,,,11.2,72.0,25.7,7.3,13.5,28.9,,16.9,81.8,17.3,25.3,11.0,34.3,2.4,5.6,MA,Dukes,20819,25007,Dukes County,Massachusetts,0.133,0.3821,0.2704,0.5094,0.0064,20543.0,2025,2022,13.5,24.3,5.2,6.5,9.0,2.5,3.2,22.3,9.7,11.4,9.6,,6.6,6.4,33.1,2023,0,Low
25009,6.5,21.4,17.3,28.0,55.5,7.1,11.5,,5.0,79.1,88.2,63.5,5.3,,,11.5,70.1,23.0,8.7,16.1,30.6,,23.2,83.6,16.3,30.0,12.2,36.7,2.6,15.6,MA,Essex,810089,25009,Essex County,Massachusetts,0.6055,0.3869,0.5584,0.7038,0.8024,806103.0,2025,2022,14.4,26.3,5.5,7.2,10.4,3.0,4.1,23.7,14.1,14.9,12.6,,8.1,8.0,32.8,2023,0,Low
25011,5.0,24.2,19.2,29.1,54.1,7.7,12.0,,5.2,78.5,87.6,64.5,6.0,,,13.1,72.3,27.1,8.1,15.7,30.2,,20.4,81.4,18.2,26.1,12.3,34.2,2.7,14.1,MA,Franklin,70836,25011,Franklin County,Massachusetts,0.4375,0.3742,0.5619,0.3248,0.5037,70980.0,2025,2022,15.4,27.1,5.8,7.6,10.6,3.0,3.9,23.6,12.0,15.2,11.1,,7.7,7.8,35.6,2023,0,Low
25013,8.5,25.7,17.6,31.2,57.1,7.1,12.8,,5.8,78.7,86.5,59.6,6.7,,,15.2,60.5,27.5,10.5,22.0,30.6,,29.0,80.9,19.9,35.2,15.1,39.5,3.1,14.5,MA,Hampden,460291,25013,Hampden County,Massachusetts,0.8177,0.6637,0.8638,0.7798,0.776,464575.0,2025,2022,17.7,33.8,6.2,9.5,14.3,4.0,5.5,29.5,19.7,23.7,17.5,,11.0,11.3,38.0,2023,3,High
25015,4.5,22.4,17.9,25.9,54.7,7.7,12.1,,4.9,79.8,88.8,65.5,5.2,,,11.4,69.5,27.8,7.8,14.1,28.1,,17.7,83.8,17.6,24.4,11.7,33.6,2.5,13.7,MA,Hampshire,162502,25015,Hampshire County,Massachusetts,0.2708,0.2463,0.0582,0.4763,0.664,153931.0,2025,2022,14.1,24.9,5.4,7.0,9.5,2.7,3.5,22.8,10.7,12.8,10.3,,7.4,7.0,35.8,2023,0,Low
25017,4.1,20.8,17.4,25.6,53.7,7.1,11.1,,4.3,78.9,90.0,65.3,4.1,,,9.3,73.1,24.1,7.7,13.0,31.8,,17.9,81.6,15.3,23.8,9.6,31.3,2.3,10.1,MA,Middlesex,1623952,25017,Middlesex County,Massachusetts,0.2854,0.1219,0.062,0.6885,0.8282,1623109.0,2025,2022,12.4,23.1,4.7,6.1,8.6,2.3,3.1,21.9,9.8,10.6,9.4,,6.6,5.6,34.8,2023,0,Low
25019,4.8,21.1,20.1,25.8,55.0,7.4,10.8,,4.3,79.6,90.0,65.8,3.9,,,8.8,74.9,22.7,7.2,12.3,30.3,,16.4,82.1,15.2,26.9,9.9,31.6,2.2,9.3,MA,Nantucket,14444,25019,Nantucket County,Massachusetts,0.1031,0.1728,0.0442,0.6548,0.1199,14065.0,2025,2022,11.8,22.2,4.7,5.4,8.1,2.2,2.9,22.1,9.0,9.4,9.4,,6.0,5.9,33.0,2023,0,Low
25021,4.0,21.7,18.3,26.3,55.6,7.3,10.8,,4.3,79.8,90.0,64.6,4.2,,,9.3,70.9,22.6,7.7,12.6,31.5,,16.4,86.4,15.5,23.4,10.1,33.7,2.3,8.9,MA,Norfolk,727473,25021,Norfolk County,Massachusetts,0.2959,0.1378,0.126,0.6487,0.741,722112.0,2025,2022,12.5,22.6,4.7,5.8,8.5,2.3,3.1,23.4,9.8,10.9,9.0,,6.4,5.9,33.9,2023,0,Low
25023,4.7,22.0,19.7,27.5,55.5,7.4,12.1,,4.8,79.5,88.7,66.4,5.3,,,12.1,70.5,24.9,8.2,14.7,31.9,,19.2,86.6,18.4,29.7,11.7,36.0,2.5,7.8,MA,Plymouth,535308,25023,Plymouth County,Massachusetts,0.3064,0.1992,0.3605,0.5597,0.4715,529548.0,2025,2022,14.6,27.5,5.4,6.9,9.7,2.7,3.5,24.4,12.2,13.9,12.3,,7.5,7.6,35.0,2023,0,Low
25025,6.5,20.7,19.2,29.4,58.6,6.2,11.4,,5.2,79.6,88.4,60.0,5.3,,,11.6,62.1,22.5,10.1,17.9,32.7,,24.7,85.0,16.7,25.2,11.9,34.7,3.0,14.9,MA,Suffolk,768425,25025,Suffolk County,Massachusetts,0.7849,0.6853,0.1982,0.8988,0.978,785443.0,2025,2022,14.2,26.1,5.1,7.8,11.6,3.5,4.9,24.8,17.2,19.7,15.6,,10.2,10.3,37.2,2023,2,Moderate
25027,5.7,23.5,19.2,29.9,55.8,7.2,12.1,,5.0,79.7,88.2,59.8,5.5,,,12.5,69.3,26.2,9.0,16.6,30.9,,23.1,84.0,18.1,32.5,12.7,35.3,2.6,12.3,MA,Worcester,866866,25027,Worcester County,Massachusetts,0.51,0.3373,0.406,0.6268,0.7423,858898.0,2025,2022,14.9,27.0,5.3,7.4,10.6,3.0,4.0,24.9,13.7,15.6,12.0,,8.1,8.0,35.3,2023,0,Low
26001,7.2,26.5,18.4,32.1,57.4,7.7,11.7,,6.1,77.4,84.3,60.4,7.8,,,17.0,62.2,29.3,9.9,18.7,31.0,,24.7,76.8,20.0,39.1,14.0,36.2,3.1,8.9,MI,Alcona,10489,26001,Alcona County,Michigan,0.1298,0.4203,0.2234,0.1094,0.0274,10238.0,2025,2022,16.4,31.4,7.0,9.0,12.4,3.5,4.6,22.8,15.2,14.9,11.9,,8.4,8.8,33.2,2023,2,Moderate
26003,7.4,25.7,18.9,33.2,57.8,7.5,11.2,,6.0,76.9,84.6,65.3,7.3,,,16.7,65.4,26.2,10.0,18.6,30.3,,23.7,75.6,19.0,36.6,13.5,35.9,3.1,12.7,MI,Alger,8757,26003,Alger County,Michigan,0.2908,0.209,0.1075,0.4948,0.6866,8866.0,2025,2022,15.6,30.6,6.9,8.4,12.2,3.4,4.6,25.5,15.7,14.4,12.8,,8.8,9.4,33.7,2023,0,Low
26005,7.6,24.8,20.1,30.0,56.1,7.6,11.1,,5.6,77.1,85.1,63.4,6.8,,,15.0,69.2,26.9,9.4,17.4,29.2,,23.6,78.0,18.5,35.3,13.1,31.6,2.9,11.8,MI,Allegan,121939,26005,Allegan County,Michigan,0.1677,0.1225,0.3694,0.3977,0.2278,120189.0,2025,2022,15.1,29.5,6.5,8.1,11.4,3.2,4.3,23.0,14.0,12.6,11.2,,7.7,7.9,33.2,2023,0,Low
26007,7.5,27.8,18.7,33.4,57.8,7.8,12.1,,6.5,77.5,83.6,58.4,8.7,,,18.4,63.4,30.2,10.5,20.2,30.9,,26.1,73.1,20.6,41.3,14.8,35.0,3.3,13.6,MI,Alpena,28904,26007,Alpena County,Michigan,0.4165,0.4951,0.4617,0.0881,0.4563,28911.0,2025,2022,17.3,33.5,7.4,9.8,13.8,3.9,5.1,23.0,16.8,17.3,12.8,,9.2,9.9,33.4,2023,2,Moderate
26009,6.1,25.0,19.1,30.3,56.1,7.9,11.2,,5.4,77.4,85.7,64.0,6.4,,,14.1,73.5,27.8,8.8,15.9,30.3,,20.8,76.0,18.4,36.4,12.3,32.2,2.7,9.0,MI,Antrim,24409,26009,Antrim County,Michigan,0.0566,0.1479,0.0904,0.1339,0.0977,23662.0,2025,2022,14.3,27.7,6.3,7.5,10.6,2.9,3.8,21.9,11.9,10.9,9.9,,6.9,7.2,31.7,2023,0,Low
26011,7.9,27.0,19.1,33.0,57.2,7.7,12.0,,6.4,76.6,83.6,62.3,8.4,,,18.4,63.3,29.7,10.3,20.3,30.7,,25.6,76.2,20.8,38.4,14.7,34.5,3.3,13.4,MI,Arenac,15145,26011,Arenac County,Michigan,0.377,0.4696,0.5052,0.1276,0.3306,15031.0,2025,2022,17.3,33.2,7.3,9.6,13.3,3.8,4.9,23.8,16.6,16.3,12.8,,9.0,9.4,34.0,2023,2,Moderate
26013,8.3,27.0,18.1,35.0,58.9,7.4,12.1,,6.7,77.0,83.5,61.1,8.5,,,19.4,63.9,27.6,11.6,22.0,30.7,,26.9,74.2,20.3,40.7,15.2,38.0,3.6,14.6,MI,Baraga,8310,26013,Baraga County,Michigan,0.4178,0.2975,0.202,0.6402,0.7006,8245.0,2025,2022,17.3,34.6,7.6,10.0,14.4,4.2,5.7,26.4,20.2,19.5,15.7,,11.1,12.0,34.8,2023,2,Moderate
26015,6.7,25.4,18.8,29.8,56.7,7.8,11.3,,5.5,76.9,85.1,64.2,6.8,,,15.1,72.8,27.6,8.9,16.9,31.5,,22.6,77.1,18.7,36.6,12.7,33.3,2.8,11.7,MI,Barry,63808,26015,Barry County,Michigan,0.0668,0.1604,0.1206,0.1753,0.0865,62581.0,2025,2022,15.0,29.5,6.5,7.9,11.0,3.0,4.0,22.2,12.7,11.5,10.5,,7.2,7.4,32.1,2023,0,Low
26017,7.7,26.3,18.2,31.7,57.1,7.7,11.6,,5.8,76.9,84.7,62.3,7.5,,,16.2,70.7,28.4,9.9,18.3,29.8,,24.6,77.6,19.4,37.9,13.7,33.2,3.0,14.0,MI,Bay,102500,26017,Bay County,Michigan,0.294,0.371,0.3048,0.3248,0.2978,103752.0,2025,2022,16.0,29.9,6.7,8.7,12.1,3.4,4.5,22.8,15.3,14.4,12.0,,8.3,8.8,33.0,2023,0,Low
26019,6.2,25.5,19.4,30.3,56.5,7.9,11.3,,5.4,77.4,85.7,62.6,6.5,,,14.1,70.1,28.4,8.9,16.1,29.6,,21.1,74.1,18.7,35.4,12.7,31.6,2.7,9.9,MI,Benzie,18441,26019,Benzie County,Michigan,0.0818,0.2456,0.0547,0.1861,0.1056,18058.0,2025,2022,14.5,28.5,6.3,7.7,10.8,2.9,3.8,21.7,11.9,11.0,10.0,,7.0,7.3,32.3,2023,0,Low
26021,7.7,26.3,17.1,33.7,58.2,7.5,11.9,,6.0,77.1,85.1,63.4,7.4,,,15.5,65.3,27.1,10.7,19.3,29.9,,25.6,74.6,19.0,38.9,13.9,39.0,3.2,9.7,MI,Berrien,152261,26021,Berrien County,Michigan,0.6338,0.6179,0.5743,0.6223,0.5737,153938.0,2025,2022,15.9,31.9,6.6,9.0,12.9,3.7,4.9,23.7,17.1,16.5,13.7,,9.2,10.2,33.5,2023,2,Moderate
26023,9.1,26.7,18.0,34.3,56.9,7.6,11.7,,6.4,76.3,83.2,58.8,8.5,,,18.3,63.0,28.7,10.9,20.9,30.8,,26.8,72.8,20.1,35.9,15.0,36.0,3.4,12.8,MI,Branch,45215,26023,Branch County,Michigan,0.7181,0.5883,0.6949,0.3248,0.8921,44795.0,2025,2022,17.5,34.7,7.4,9.8,13.5,4.0,5.3,24.1,18.0,17.5,13.7,,9.5,10.0,34.7,2023,2,Moderate
26025,8.0,26.8,16.4,34.9,59.5,7.4,11.9,,6.1,77.9,84.6,63.7,7.8,,,17.0,63.9,27.9,11.2,19.7,31.6,,26.6,74.2,19.7,42.5,14.0,35.5,3.3,9.3,MI,Calhoun,133366,26025,Calhoun County,Michigan,0.6815,0.5982,0.678,0.5867,0.6888,134011.0,2025,2022,16.5,33.0,6.8,9.5,13.5,3.9,5.2,24.6,18.1,17.6,14.1,,9.5,10.5,34.8,2023,2,Moderate
26027,7.8,26.1,18.0,32.3,57.2,7.5,11.8,,6.0,77.0,84.6,62.8,7.6,,,16.8,67.0,28.6,10.0,19.1,31.0,,24.9,76.7,19.8,36.1,13.9,35.8,3.1,9.9,MI,Cass,51642,26027,Cass County,Michigan,0.2122,0.3554,0.2097,0.4356,0.1324,51604.0,2025,2022,16.3,31.4,6.8,9.0,12.5,3.6,4.7,24.0,15.7,14.9,12.5,,8.7,9.1,33.7,2023,2,Moderate
26029,5.9,25.1,19.6,29.8,56.5,7.9,11.4,,5.3,77.5,86.1,64.5,6.3,,,13.7,67.3,27.1,8.6,15.3,30.2,,20.1,77.9,18.1,35.0,12.1,37.5,2.7,6.1,MI,Charlevoix,26159,26029,Charlevoix County,Michigan,0.1518,0.1759,0.2542,0.1753,0.2418,26174.0,2025,2022,14.0,27.6,6.3,7.4,10.3,2.8,3.7,21.3,11.4,10.3,9.6,,6.7,7.0,31.5,2023,0,Low
26031,7.5,26.6,18.4,32.7,57.7,7.8,11.9,,6.2,77.4,84.1,64.0,8.0,,,17.5,67.0,29.3,10.2,19.3,30.7,,24.1,72.2,20.0,41.0,14.2,34.0,3.2,7.9,MI,Cheboygan,26048,26031,Cheboygan County,Michigan,0.2599,0.4995,0.2281,0.2781,0.139,25709.0,2025,2022,16.7,32.0,7.1,9.2,12.9,3.6,4.8,23.5,16.0,15.7,12.4,,8.9,9.2,33.0,2023,2,Moderate
26033,7.7,26.9,17.8,35.6,58.9,7.4,12.2,,6.5,77.9,84.2,60.6,8.0,,,18.6,62.7,27.4,11.2,20.8,31.2,,25.8,75.6,20.2,36.4,14.9,35.5,3.5,16.8,MI,Chippewa,36264,26033,Chippewa County,Michigan,0.6373,0.5574,0.1769,0.6971,0.9112,36670.0,2025,2022,16.9,33.5,7.5,9.6,13.8,3.9,5.4,25.3,19.0,18.0,14.8,,10.6,11.2,34.6,2023,2,Moderate
26035,8.6,28.2,17.6,35.4,57.8,7.6,12.3,,6.9,77.2,82.6,62.0,9.5,,,20.0,62.6,30.4,11.1,22.4,32.2,,27.8,71.5,21.8,40.1,15.9,34.9,3.6,21.9,MI,Clare,31316,26035,Clare County,Michigan,0.693,0.9068,0.5527,0.1094,0.5339,30998.0,2025,2022,18.7,35.1,7.8,10.8,14.7,4.4,5.7,24.0,19.5,20.4,14.4,,10.3,11.0,33.8,2023,2,Moderate
26037,6.1,25.2,18.9,29.3,57.0,7.8,11.3,,5.2,78.5,86.4,67.1,6.1,,,13.0,74.0,28.1,8.6,15.3,31.2,,20.6,78.5,17.9,35.0,12.1,30.0,2.6,9.4,MI,Clinton,79720,26037,Clinton County,Michigan,0.0414,0.0554,0.1136,0.3388,0.0802,79249.0,2025,2022,13.8,26.8,6.0,7.3,10.5,2.8,3.7,22.5,11.8,10.2,9.9,,6.8,7.1,32.9,2023,0,Low
26039,7.5,27.0,19.2,32.5,57.5,7.7,11.9,,6.5,77.4,83.8,62.0,8.5,,,18.2,65.1,30.2,10.4,20.1,30.2,,26.0,75.1,20.6,37.1,14.6,34.2,3.3,16.7,MI,Crawford,13538,26039,Crawford County,Michigan,0.3707,0.5157,0.4276,0.182,0.2739,13197.0,2025,2022,17.0,32.8,7.3,9.6,13.3,3.8,5.0,23.0,16.2,16.5,12.5,,9.0,9.5,33.7,2023,2,Moderate
26041,7.3,26.7,18.1,31.6,57.1,7.7,11.9,,6.1,76.7,84.2,64.0,7.9,,,17.2,68.5,30.6,10.0,18.9,29.2,,24.3,74.3,20.3,40.0,14.1,31.0,3.1,10.0,MI,Delta,36790,26041,Delta County,Michigan,0.335,0.3506,0.2402,0.2536,0.5463,36839.0,2025,2022,16.7,32.9,7.1,9.2,12.8,3.6,4.7,22.9,15.4,14.9,12.0,,8.6,9.0,33.1,2023,0,Low
26043,6.3,25.9,19.2,31.5,56.9,7.8,11.5,,5.7,77.7,85.2,63.2,7.1,,,15.7,69.5,29.7,9.3,17.1,30.1,,23.5,79.5,19.4,38.1,13.1,31.7,2.9,7.9,MI,Dickinson,25982,26043,Dickinson County,Michigan,0.0945,0.0576,0.1798,0.1225,0.3589,25937.0,2025,2022,15.3,30.6,6.6,8.2,11.6,3.1,4.1,22.4,13.0,12.3,10.7,,7.5,7.8,33.0,2023,0,Low
26045,6.6,24.9,18.6,31.0,56.5,7.6,11.5,,5.3,78.4,86.1,63.4,6.2,,,13.6,71.5,27.9,9.3,16.4,30.6,,22.7,77.3,18.8,38.8,12.4,32.8,2.7,7.5,MI,Eaton,108820,26045,Eaton County,Michigan,0.1782,0.1244,0.265,0.503,0.2886,109072.0,2025,2022,14.3,28.1,6.0,7.5,10.9,2.9,3.9,22.4,12.9,11.5,11.1,,7.3,7.7,32.5,2023,0,Low
26047,5.6,24.2,19.6,30.1,55.8,7.9,11.2,,5.2,77.9,86.4,65.8,6.0,,,13.3,73.0,27.2,8.5,15.0,30.0,,19.5,77.9,18.0,32.7,11.8,30.0,2.6,14.3,MI,Emmet,34123,26047,Emmet County,Michigan,0.1149,0.1406,0.0706,0.3118,0.2994,34072.0,2025,2022,13.7,26.6,6.1,7.1,10.0,2.7,3.6,21.3,10.9,9.8,9.5,,6.6,6.9,32.1,2023,0,Low
26049,7.6,27.5,16.4,34.4,59.6,7.3,12.4,,6.2,78.1,84.9,64.3,8.0,,,17.4,67.8,28.3,11.0,20.9,31.8,,26.8,76.7,20.7,40.6,14.9,39.3,3.5,13.9,MI,Genesee,401522,26049,Genesee County,Michigan,0.6573,0.6424,0.7369,0.6513,0.4683,405280.0,2025,2022,17.1,33.7,6.4,9.9,14.5,4.1,5.3,26.1,20.1,19.7,15.5,,10.6,11.7,37.4,2023,3,High
26051,7.9,27.2,18.4,33.4,57.9,7.7,12.0,,6.5,77.2,83.4,60.9,8.7,,,18.8,65.1,29.6,10.4,20.6,31.2,,26.3,75.6,20.9,40.3,14.9,34.7,3.3,16.0,MI,Gladwin,25853,26051,Gladwin County,Michigan,0.5202,0.7133,0.4349,0.0821,0.4687,25461.0,2025,2022,17.5,32.2,7.3,9.8,13.5,3.9,5.1,24.3,17.2,17.3,13.0,,9.2,9.8,34.3,2023,2,Moderate
26053,7.1,26.8,18.7,33.4,57.8,7.8,11.8,,6.5,77.7,84.3,64.4,8.2,,,17.5,66.1,29.0,10.5,19.7,31.4,,25.3,74.4,20.2,37.1,14.5,34.6,3.3,11.6,MI,Gogebic,14224,26053,Gogebic County,Michigan,0.2418,0.3178,0.1686,0.2587,0.3506,14597.0,2025,2022,16.5,32.1,7.3,9.4,13.1,3.8,4.9,22.6,16.4,16.4,12.6,,9.1,9.8,33.3,2023,2,Moderate
26055,5.7,24.3,19.4,29.4,56.4,8.0,11.1,,5.1,77.8,86.2,66.7,6.0,,,13.2,73.2,27.0,8.4,15.6,29.5,,21.0,75.7,17.9,35.3,12.1,31.1,2.6,13.4,MI,Grand Traverse,96421,26055,Grand Traverse County,Michigan,0.2033,0.1737,0.0856,0.2214,0.6227,95315.0,2025,2022,13.8,27.8,6.0,7.2,10.2,2.7,3.5,20.8,11.0,9.8,9.5,,6.5,6.8,32.5,2023,0,Low
26057,8.5,26.5,18.1,33.5,58.6,7.5,11.3,,6.3,77.1,83.9,60.4,8.0,,,17.4,68.9,27.3,10.5,20.2,31.0,,25.8,75.5,19.5,37.5,14.2,33.2,3.2,16.4,MI,Gratiot,41368,26057,Gratiot County,Michigan,0.4171,0.3509,0.1839,0.4356,0.7251,41534.0,2025,2022,16.4,32.1,7.0,9.1,13.0,3.8,5.0,24.3,17.2,16.6,13.6,,9.3,10.0,34.9,2023,2,Moderate
26059,7.9,26.9,18.3,34.4,57.6,7.8,11.9,,6.5,77.0,83.4,62.3,8.5,,,18.6,64.2,31.0,10.6,20.6,32.5,,26.6,74.8,20.7,37.8,14.8,35.0,3.3,12.3,MI,Hillsdale,45587,26059,Hillsdale County,Michigan,0.483,0.4703,0.322,0.1225,0.7751,45698.0,2025,2022,17.4,33.5,7.2,9.8,13.6,3.8,5.0,23.4,17.4,17.3,12.8,,9.1,9.5,34.6,2023,2,Moderate
26061,6.5,25.8,18.6,31.5,57.3,7.8,11.4,,6.0,77.4,84.6,61.7,7.4,,,15.7,68.9,27.0,9.8,17.5,29.8,,22.4,73.6,18.8,36.9,13.2,30.9,3.0,7.6,MI,Houghton,37599,26061,Houghton County,Michigan,0.4213,0.5259,0.0216,0.2444,0.8778,37414.0,2025,2022,15.1,30.4,6.9,8.4,11.8,3.4,4.4,21.6,13.9,13.6,11.1,,7.9,8.4,31.7,2023,0,Low
26063,7.7,26.3,18.5,32.4,57.2,7.7,11.7,,6.1,76.7,83.8,63.0,7.9,,,17.5,65.1,29.0,10.1,19.2,30.2,,26.0,74.2,20.0,38.8,14.3,35.4,3.1,9.7,MI,Huron,30927,26063,Huron County,Michigan,0.2046,0.3703,0.2227,0.0757,0.2014,31461.0,2025,2022,16.6,32.2,7.0,9.2,12.9,3.6,4.7,24.2,15.9,15.2,12.2,,8.6,9.0,34.2,2023,2,Moderate
26065,7.1,26.1,17.2,33.5,58.1,7.2,11.6,,5.6,78.6,86.0,62.3,6.7,,,14.6,69.2,26.9,10.6,17.7,30.1,,22.9,77.2,18.0,36.6,12.9,35.4,3.0,14.4,MI,Ingham,284637,26065,Ingham County,Michigan,0.5759,0.5326,0.1282,0.6911,0.8543,282540.0,2025,2022,14.7,29.5,6.3,8.2,11.7,3.4,4.6,23.5,15.3,14.4,12.5,,8.6,9.2,34.1,2023,2,Moderate
26067,7.9,25.8,18.6,33.4,56.3,7.6,11.2,,5.9,77.1,84.5,64.3,7.3,,,16.4,67.2,27.1,9.9,18.5,29.9,,24.3,75.6,19.3,40.1,13.4,35.9,3.0,13.9,MI,Ionia,66262,26067,Ionia County,Michigan,0.3296,0.294,0.0786,0.4085,0.7378,66663.0,2025,2022,15.8,30.4,6.7,8.5,12.0,3.4,4.5,24.3,15.3,13.9,12.3,,8.4,8.9,34.0,2023,2,Moderate
26069,8.6,27.0,17.9,34.3,57.5,7.7,12.0,,6.7,76.8,83.0,58.9,8.9,,,19.2,62.6,30.0,10.7,21.4,31.4,,27.3,73.4,20.8,38.8,15.4,34.8,3.4,15.5,MI,Iosco,25373,26069,Iosco County,Michigan,0.4362,0.6682,0.3987,0.1985,0.2444,25319.0,2025,2022,17.9,34.2,7.5,10.2,14.3,4.1,5.4,23.5,18.1,18.4,13.7,,9.7,10.2,33.6,2023,2,Moderate
26071,7.5,26.6,18.3,33.3,57.8,7.7,11.7,,6.2,76.5,83.9,63.8,8.0,,,17.7,64.2,28.9,10.2,19.5,30.8,,25.2,76.5,20.2,39.2,14.3,35.0,3.2,12.2,MI,Iron,11740,26071,Iron County,Michigan,0.3239,0.3493,0.4308,0.1457,0.4213,11585.0,2025,2022,16.7,32.7,7.2,9.3,12.9,3.6,4.7,23.1,15.9,15.7,12.3,,8.7,9.2,32.8,2023,2,Moderate
26073,7.9,27.9,17.5,35.5,58.3,7.7,12.1,,6.7,78.4,83.7,61.4,8.8,,,18.6,64.0,29.8,11.6,21.4,31.0,,27.3,73.9,20.8,43.1,15.3,35.6,3.5,17.4,MI,Isabella,64118,26073,Isabella County,Michigan,0.5711,0.7881,0.0153,0.4445,0.8883,64938.0,2025,2022,17.4,34.2,7.6,10.2,14.5,4.2,5.6,22.9,18.5,19.0,14.0,,10.1,11.0,35.1,2023,2,Moderate
26075,7.5,27.5,17.8,34.4,57.1,7.7,11.7,,6.0,76.1,84.7,64.5,7.4,,,15.8,63.3,28.0,10.4,20.1,30.5,,26.2,77.6,19.8,39.3,13.9,42.2,3.1,12.9,MI,Jackson,159424,26075,Jackson County,Michigan,0.5014,0.4279,0.3535,0.4725,0.706,160637.0,2025,2022,16.0,33.0,6.6,8.7,13.3,3.5,4.6,24.2,15.5,14.6,12.7,,8.7,9.2,33.4,2023,2,Moderate
26077,6.5,24.6,18.3,30.9,58.3,7.5,11.5,,5.4,78.5,86.4,64.9,6.6,,,14.0,68.8,29.1,9.4,16.7,31.0,,23.0,77.8,18.8,38.9,12.7,29.5,2.9,10.1,MI,Kalamazoo,262215,26077,Kalamazoo County,Michigan,0.4257,0.4098,0.1486,0.5927,0.6109,261426.0,2025,2022,14.3,28.0,6.3,8.1,11.2,3.2,4.3,22.7,14.6,13.7,11.6,,8.0,8.7,34.8,2023,0,Low
26079,7.7,27.3,18.4,33.4,57.7,7.7,11.9,,6.4,76.9,83.6,62.7,8.4,,,18.0,63.8,29.5,10.3,20.2,30.7,,25.3,73.0,20.6,38.2,14.7,35.3,3.3,14.2,MI,Kalkaska,18490,26079,Kalkaska County,Michigan,0.3035,0.5332,0.1966,0.1861,0.2561,17934.0,2025,2022,17.1,32.6,7.3,9.6,13.3,3.8,4.9,23.5,16.4,16.3,12.6,,9.0,9.4,34.0,2023,2,Moderate
26081,7.4,23.6,17.9,30.8,57.6,7.5,11.0,,5.2,78.4,86.3,66.1,6.0,,,13.2,68.9,27.7,9.6,16.5,28.2,,21.4,77.9,17.4,34.9,12.3,32.9,2.8,7.7,MI,Kent,661354,26081,Kent County,Michigan,0.4464,0.2587,0.4674,0.6437,0.6239,657321.0,2025,2022,13.7,26.9,6.1,7.5,10.5,3.0,4.1,23.4,13.9,11.9,11.5,,7.7,8.0,32.4,2023,0,Low
26083,5.2,24.8,19.4,30.1,56.6,8.0,11.1,,5.3,77.7,86.5,65.8,6.0,,,12.8,72.4,28.1,8.5,14.9,30.3,,19.5,75.8,17.8,34.3,11.8,33.5,2.6,9.8,MI,Keweenaw,2172,26083,Keweenaw County,Michigan,0.0076,0.1098,0.0929,0.0229,0.0029,2088.0,2025,2022,13.4,26.7,6.2,7.0,10.0,2.7,3.5,20.1,10.5,9.8,8.9,,6.3,6.7,31.3,2023,0,Low
26085,11.9,28.2,18.0,36.7,58.8,7.1,11.8,,7.4,76.7,81.9,56.3,9.9,,,21.3,55.9,28.1,12.5,25.4,31.0,,31.5,70.3,20.9,40.3,16.6,38.7,4.0,20.3,MI,Lake,12734,26085,Lake County,Michigan,0.721,0.9259,0.3118,0.5119,0.5342,12285.0,2025,2022,19.3,36.8,8.0,11.4,16.2,5.1,6.9,27.0,24.2,24.6,17.9,,12.4,13.4,35.4,2023,3,High
26087,7.6,25.5,19.1,31.3,56.9,7.7,11.4,,5.7,76.6,84.5,63.3,7.2,,,16.2,67.2,27.5,9.3,17.8,29.8,,23.9,75.3,19.2,35.0,13.4,35.7,2.9,17.0,MI,Lapeer,88977,26087,Lapeer County,Michigan,0.2065,0.2507,0.2644,0.2733,0.2571,88687.0,2025,2022,15.6,29.9,6.6,8.4,11.8,3.2,4.3,23.2,14.0,13.1,11.5,,7.9,8.1,31.7,2023,0,Low
26089,5.3,23.7,19.9,28.1,56.2,8.0,10.8,,4.9,78.1,87.3,67.6,5.3,,,11.4,76.2,26.6,7.9,13.5,29.4,,17.9,77.5,16.7,31.9,11.0,29.9,2.4,7.3,MI,Leelanau,23019,26089,Leelanau County,Michigan,0.0118,0.0328,0.0687,0.3016,0.0229,22426.0,2025,2022,12.4,24.9,5.8,6.4,9.1,2.4,3.2,20.1,9.5,8.1,8.4,,5.9,6.0,31.0,2023,0,Low
26091,8.1,24.6,18.4,32.3,56.6,7.5,11.4,,5.8,75.8,84.4,62.2,7.2,,,16.0,66.6,29.0,10.0,18.8,31.5,,25.0,76.7,19.8,40.8,13.8,37.7,3.0,8.6,MI,Lenawee,97520,26091,Lenawee County,Michigan,0.4403,0.4171,0.3662,0.4165,0.5441,99263.0,2025,2022,16.1,31.0,6.7,8.6,12.1,3.4,4.6,23.1,15.1,14.1,12.2,,8.4,8.7,33.1,2023,2,Moderate
26093,5.1,22.8,20.1,26.9,56.0,8.0,11.1,,4.7,78.0,87.0,66.6,5.5,,,12.0,72.6,26.6,7.6,13.3,29.7,,19.5,77.6,17.0,31.9,11.1,32.2,2.4,10.8,MI,Livingston,196757,26093,Livingston County,Michigan,0.0041,0.0318,0.0162,0.1339,0.049,194302.0,2025,2022,12.5,23.7,5.7,6.3,8.7,2.4,3.1,20.7,9.3,7.7,7.9,,5.7,5.8,30.9,2023,0,Low
26095,8.4,26.2,18.2,36.5,59.5,7.3,11.3,,6.7,77.5,83.6,59.0,8.2,,,18.6,62.2,25.5,11.6,21.4,31.0,,26.0,73.1,19.3,41.3,14.5,37.0,3.5,15.4,MI,Luce,6435,26095,Luce County,Michigan,0.5313,0.5005,0.5698,0.5218,0.5037,5442.0,2025,2022,16.6,33.8,7.5,9.4,13.8,4.1,5.5,26.6,19.2,18.8,15.2,,10.5,11.8,33.9,2023,2,Moderate
26097,8.1,27.2,17.5,33.1,58.4,7.4,12.4,,6.5,77.7,83.9,61.5,8.4,,,18.6,66.6,28.5,11.5,21.5,30.6,,26.4,72.7,20.5,41.3,15.2,35.2,3.5,9.8,MI,Mackinac,10851,26097,Mackinac County,Michigan,0.6211,0.6029,0.448,0.6437,0.6465,10843.0,2025,2022,17.4,34.5,7.6,10.1,14.3,4.1,5.7,25.4,20.3,19.3,15.5,,11.1,11.8,34.1,2023,2,Moderate
26099,6.8,25.7,18.2,33.5,60.6,7.3,11.4,,5.5,79.7,86.1,65.4,6.9,,,15.4,65.3,26.9,9.6,18.7,32.5,,25.2,78.5,18.5,37.3,13.1,39.0,2.9,10.3,MI,Macomb,875101,26099,Macomb County,Michigan,0.4079,0.4127,0.4095,0.5867,0.3353,878453.0,2025,2022,15.1,30.3,5.9,8.4,11.9,3.3,4.3,24.6,15.9,14.1,13.0,,8.5,9.2,34.8,2023,2,Moderate
26101,7.7,26.0,18.8,32.1,57.3,7.7,11.6,,6.0,77.3,84.5,61.4,7.6,,,16.6,65.5,28.3,9.9,18.9,30.1,,26.0,75.8,19.6,37.0,13.9,33.9,3.1,11.4,MI,Manistee,25562,26101,Manistee County,Michigan,0.3583,0.3961,0.2724,0.3592,0.4438,25058.0,2025,2022,16.1,31.2,6.9,8.8,12.5,3.5,4.6,24.1,15.5,14.5,12.5,,8.5,9.0,33.5,2023,2,Moderate
26103,6.1,25.4,19.4,31.6,58.0,7.9,11.5,,5.7,78.9,85.5,65.9,7.0,,,14.9,68.9,28.6,9.4,16.7,29.9,,21.0,71.3,18.8,38.0,13.0,31.1,2.9,10.1,MI,Marquette,66999,26103,Marquette County,Michigan,0.2291,0.3277,0.0353,0.2323,0.5571,66376.0,2025,2022,15.0,29.0,6.6,8.1,11.2,3.2,4.1,21.5,13.0,12.4,10.6,,7.6,8.1,31.1,2023,0,Low
26105,7.5,27.1,18.3,32.2,57.7,7.8,11.6,,6.0,77.5,84.6,59.7,7.6,,,16.3,66.7,28.7,10.1,18.6,30.3,,23.2,75.7,19.6,40.5,13.9,34.2,3.1,11.3,MI,Mason,29159,26105,Mason County,Michigan,0.3812,0.3598,0.3032,0.2816,0.5756,29178.0,2025,2022,16.1,31.5,6.9,8.9,12.5,3.5,4.6,22.6,15.3,14.9,12.0,,8.4,9.0,32.7,2023,2,Moderate
26107,7.7,27.2,18.0,33.4,58.1,7.8,11.8,,6.5,77.7,83.7,60.1,8.6,,,18.1,62.8,30.1,10.4,20.7,30.7,,26.4,73.1,20.2,38.3,14.7,35.9,3.4,11.2,MI,Mecosta,41099,26107,Mecosta County,Michigan,0.6102,0.6141,0.2418,0.2816,0.9122,40128.0,2025,2022,17.2,34.0,7.3,9.8,13.8,4.0,5.2,23.2,17.2,17.7,13.2,,9.5,10.2,33.5,2023,2,Moderate
26109,7.5,26.6,19.5,32.7,56.3,7.7,11.7,,6.1,76.8,84.1,62.9,7.8,,,17.4,63.9,29.8,9.9,19.2,30.2,,25.0,77.9,20.1,38.9,14.1,37.3,3.1,9.5,MI,Menominee,22945,26109,Menominee County,Michigan,0.1553,0.181,0.1565,0.2062,0.3194,23433.0,2025,2022,16.5,32.6,7.0,9.0,12.8,3.5,4.6,24.3,15.6,14.9,12.2,,8.6,8.9,34.3,2023,2,Moderate
26111,6.0,25.2,19.0,30.3,56.6,7.7,11.1,,5.4,77.5,85.9,61.0,6.3,,,13.5,70.0,27.2,8.7,15.8,30.9,,20.2,78.0,17.7,31.7,12.4,30.6,2.7,11.4,MI,Midland,84039,26111,Midland County,Michigan,0.1683,0.1473,0.1257,0.2854,0.4413,83503.0,2025,2022,13.9,26.8,6.1,7.4,10.5,2.9,3.8,21.0,11.8,10.7,9.7,,6.9,7.1,30.3,2023,0,Low
26113,7.9,27.0,19.0,33.1,57.2,7.7,11.8,,6.2,77.4,83.9,60.3,8.1,,,17.8,63.8,29.4,10.2,20.0,31.3,,26.2,73.8,20.3,39.2,14.4,35.0,3.2,14.1,MI,Missaukee,15311,26113,Missaukee County,Michigan,0.4757,0.6246,0.5663,0.2062,0.2991,15089.0,2025,2022,17.0,32.3,7.1,9.4,12.9,3.7,4.8,23.5,15.8,15.5,12.2,,8.6,9.0,33.3,2023,2,Moderate
26115,7.0,27.0,19.6,32.0,57.7,7.7,11.8,,5.7,76.7,85.3,64.3,7.1,,,15.4,68.1,28.0,9.8,17.8,31.7,,23.4,68.2,19.4,40.3,13.4,36.8,2.9,12.4,MI,Monroe,155045,26115,Monroe County,Michigan,0.1588,0.2771,0.1066,0.2914,0.2046,154823.0,2025,2022,15.1,30.3,6.6,8.3,12.1,3.2,4.2,22.4,13.5,12.7,11.2,,7.7,8.0,33.1,2023,0,Low
26117,8.6,26.4,18.5,33.8,56.7,7.5,11.5,,6.3,77.8,83.4,59.2,8.2,,,18.5,64.3,28.0,10.6,20.4,31.5,,25.8,75.2,20.0,42.2,14.5,37.3,3.3,17.7,MI,Montcalm,68154,26117,Montcalm County,Michigan,0.4607,0.4722,0.1833,0.335,0.7273,66901.0,2025,2022,17.1,33.0,7.1,9.4,13.4,3.8,5.0,24.9,17.3,16.3,13.5,,9.3,9.8,33.5,2023,2,Moderate
26119,8.0,27.1,18.2,33.0,57.5,7.6,11.9,,6.6,76.8,83.1,58.0,8.8,,,19.2,63.3,29.9,10.5,21.0,31.0,,26.2,73.7,20.9,38.3,15.1,35.5,3.4,14.2,MI,Montmorency,9678,26119,Montmorency County,Michigan,0.4311,0.7518,0.3977,0.0627,0.1957,9261.0,2025,2022,17.7,33.6,7.6,10.0,13.8,4.0,5.2,23.6,17.5,17.6,13.1,,9.4,9.9,34.2,2023,2,Moderate
26121,8.1,26.3,18.4,32.6,58.0,7.3,12.2,,6.0,77.6,84.7,60.5,7.8,,,17.3,62.8,28.5,10.7,20.4,30.4,,26.8,78.3,19.7,44.2,14.0,39.3,3.2,12.1,MI,Muskegon,176564,26121,Muskegon County,Michigan,0.63,0.5091,0.4798,0.6029,0.7945,175947.0,2025,2022,16.2,32.0,6.6,9.3,13.0,3.8,5.0,23.8,17.3,17.3,14.2,,9.5,10.5,33.4,2023,2,Moderate
26123,8.6,27.2,19.2,33.5,57.7,7.6,11.7,,6.4,76.9,83.8,62.0,8.3,,,18.3,63.8,28.4,10.3,20.4,31.0,,26.1,70.9,20.0,37.5,14.5,33.7,3.3,11.0,MI,Newaygo,51108,26123,Newaygo County,Michigan,0.5463,0.5367,0.6974,0.3322,0.4868,50130.0,2025,2022,17.0,32.8,7.2,9.6,13.3,3.8,5.1,23.4,17.2,16.8,13.0,,9.2,9.6,33.0,2023,2,Moderate
26125,5.5,20.9,17.1,30.3,59.3,7.1,10.6,,4.8,79.3,88.5,64.1,5.0,,,10.9,72.8,21.5,8.5,13.8,29.6,,18.2,74.9,15.8,30.9,10.4,32.1,2.5,7.0,MI,Oakland,1270426,26125,Oakland County,Michigan,0.1435,0.1298,0.1225,0.6656,0.2119,1272264.0,2025,2022,11.6,21.9,5.1,6.2,8.8,2.5,3.4,21.9,11.4,9.1,9.5,,6.4,6.8,32.0,2023,0,Low
26127,10.1,26.3,18.0,32.3,57.7,7.5,11.3,,6.3,75.9,83.8,59.8,7.8,,,17.1,65.1,27.9,10.6,20.6,30.8,,26.5,75.6,19.5,40.7,14.7,33.3,3.2,12.0,MI,Oceana,26981,26127,Oceana County,Michigan,0.6252,0.5212,0.7051,0.5218,0.6443,26707.0,2025,2022,16.6,32.7,7.2,9.2,13.3,3.8,5.2,23.6,17.9,16.6,13.8,,9.3,9.8,33.4,2023,2,Moderate
26129,8.1,28.1,18.1,33.7,57.4,7.7,12.0,,6.6,76.5,83.2,57.9,8.7,,,19.0,62.8,30.1,10.7,21.1,30.4,,26.7,72.0,20.9,39.2,15.2,39.4,3.4,17.8,MI,Ogemaw,20990,26129,Ogemaw County,Michigan,0.4766,0.6503,0.4919,0.1152,0.3681,20820.0,2025,2022,17.7,34.2,7.5,10.0,13.9,4.0,5.2,24.0,17.6,17.7,13.3,,9.4,9.9,34.0,2023,2,Moderate
26131,7.3,26.8,19.1,33.1,57.0,7.7,11.7,,6.3,77.0,84.0,61.2,8.0,,,17.7,63.3,29.3,10.1,19.2,31.2,,24.7,70.7,20.3,37.2,14.2,35.7,3.2,12.8,MI,Ontonagon,5906,26131,Ontonagon County,Michigan,0.1269,0.2899,0.2033,0.1037,0.0939,5862.0,2025,2022,16.6,32.0,7.2,9.2,12.8,3.6,4.7,23.5,15.8,15.4,12.4,,8.7,9.2,33.6,2023,0,Low
26133,8.1,27.4,18.5,33.2,57.1,7.6,12.0,,6.5,77.2,83.3,60.5,8.6,,,18.6,63.7,29.6,10.4,20.9,30.7,,26.9,76.0,20.8,39.4,15.2,36.0,3.3,12.8,MI,Osceola,23330,26133,Osceola County,Michigan,0.5924,0.6608,0.6115,0.182,0.5924,23022.0,2025,2022,17.7,34.1,7.4,9.9,13.6,3.9,5.1,24.0,17.4,17.2,13.0,,9.2,9.8,34.5,2023,2,Moderate
26135,9.0,27.8,18.0,34.3,57.6,7.7,12.2,,7.0,76.4,82.5,56.3,9.6,,,20.2,63.0,30.2,11.2,22.7,31.1,,28.2,72.1,21.4,38.2,16.0,34.1,3.6,16.9,MI,Oscoda,8545,26135,Oscoda County,Michigan,0.5797,0.8801,0.5482,0.0932,0.2778,8264.0,2025,2022,18.7,35.5,7.8,10.9,14.9,4.4,5.7,24.1,19.4,20.1,14.3,,10.3,10.8,34.5,2023,2,Moderate
26137,6.6,25.6,19.2,31.5,56.3,7.8,11.6,,5.7,77.9,85.0,63.6,7.2,,,15.5,62.4,29.0,9.4,17.5,30.4,,23.9,76.9,19.5,37.9,13.3,35.8,2.9,9.0,MI,Otsego,25747,26137,Otsego County,Michigan,0.2759,0.3322,0.5692,0.0983,0.2339,25221.0,2025,2022,15.4,30.3,6.6,8.3,11.7,3.2,4.1,22.0,13.4,12.5,10.9,,7.6,7.9,33.1,2023,0,Low
26139,6.7,22.9,19.2,29.3,57.8,7.6,11.0,,5.1,79.7,86.6,66.5,5.8,,,12.1,71.8,27.0,8.5,14.8,29.3,,19.9,78.8,17.3,33.2,11.8,29.6,2.6,4.7,MI,Ottawa,303372,26139,Ottawa County,Michigan,0.1371,0.0544,0.119,0.4814,0.4801,296183.0,2025,2022,13.6,27.4,6.0,7.1,10.2,2.7,3.7,21.9,11.8,10.1,10.0,,6.8,6.9,31.7,2023,0,Low
26141,7.3,27.2,18.5,32.1,57.2,7.7,11.8,,6.3,77.4,84.0,61.9,8.1,,,17.5,64.7,29.9,10.1,19.5,31.1,,25.0,74.4,20.2,41.1,14.4,35.7,3.2,11.2,MI,Presque Isle,13285,26141,Presque Isle County,Michigan,0.1957,0.356,0.3083,0.0579,0.1534,13083.0,2025,2022,16.7,32.0,7.2,9.3,12.8,3.7,4.8,22.9,15.8,15.8,12.2,,8.7,9.2,33.3,2023,2,Moderate
26143,7.4,25.9,18.6,32.3,57.4,7.7,11.8,,6.2,77.0,84.2,62.8,8.1,,,17.4,65.4,29.4,10.0,19.4,30.1,,24.9,71.4,20.1,39.0,14.3,34.4,3.2,15.7,MI,Roscommon,23863,26143,Roscommon County,Michigan,0.3898,0.5129,0.5065,0.1696,0.2781,23556.0,2025,2022,16.6,31.4,7.1,9.2,12.8,3.7,4.7,22.8,15.7,15.5,12.3,,8.6,9.1,33.5,2023,2,Moderate
26145,8.6,26.8,16.0,35.3,60.6,7.2,12.3,,6.2,78.8,84.3,64.6,8.0,,,17.0,61.9,27.6,11.6,22.1,29.6,,29.2,77.1,20.0,37.1,14.8,36.9,3.5,14.6,MI,Saginaw,187782,26145,Saginaw County,Michigan,0.6707,0.601,0.6774,0.6885,0.6013,189821.0,2025,2022,16.8,33.2,6.7,10.0,14.3,4.2,5.6,25.9,20.8,20.1,15.6,,10.5,12.0,35.7,2023,3,High
26147,7.2,25.9,18.1,32.7,57.6,7.7,11.7,,5.8,78.0,85.0,62.7,7.4,,,16.6,68.2,28.9,9.5,18.5,29.8,,24.2,71.8,20.1,36.2,13.8,36.1,3.0,15.3,MI,St. Clair,159874,26147,St. Clair County,Michigan,0.2914,0.4302,0.3707,0.2781,0.1985,160257.0,2025,2022,16.1,31.6,6.6,8.6,12.3,3.3,4.4,23.9,14.7,13.5,11.8,,8.1,8.5,35.2,2023,2,Moderate
26149,9.2,26.3,18.1,32.6,57.0,7.5,11.6,,6.1,76.4,83.8,58.3,8.0,,,17.8,60.7,28.7,10.5,20.4,29.7,,24.9,74.2,20.0,38.3,14.4,36.4,3.2,19.0,MI,St. Joseph,60878,26149,St. Joseph County,Michigan,0.5905,0.5667,0.763,0.4248,0.4712,60887.0,2025,2022,17.1,32.7,6.9,9.3,13.1,3.7,5.0,23.9,17.0,15.8,13.1,,9.0,9.2,34.2,2023,2,Moderate
26151,8.3,26.6,18.6,33.2,57.3,7.6,11.8,,6.3,76.8,83.6,61.9,8.3,,,18.5,59.3,29.6,10.3,20.1,31.0,,28.0,72.8,20.5,39.9,14.5,34.2,3.2,13.4,MI,Sanilac,40368,26151,Sanilac County,Michigan,0.4613,0.5577,0.5017,0.1508,0.4397,40759.0,2025,2022,17.2,33.2,7.2,9.5,13.3,3.7,4.9,24.1,16.7,16.2,12.8,,8.9,9.4,34.2,2023,2,Moderate
26153,7.8,27.4,18.1,33.2,57.6,7.7,12.3,,6.5,77.3,83.6,55.2,8.5,,,19.0,61.4,29.5,10.8,21.1,30.8,,26.5,72.1,20.8,40.1,15.1,37.3,3.4,20.7,MI,Schoolcraft,8149,26153,Schoolcraft County,Michigan,0.552,0.7016,0.6265,0.434,0.2762,8062.0,2025,2022,17.5,33.6,7.5,10.0,13.9,4.0,5.4,24.1,18.2,17.9,13.8,,10.1,10.5,34.4,2023,2,Moderate
26155,7.2,26.6,18.3,32.1,57.1,7.8,11.7,,5.9,77.9,84.6,63.3,7.5,,,16.6,68.3,29.6,9.9,19.0,31.1,,24.5,73.8,20.3,38.5,14.1,35.9,3.0,12.2,MI,Shiawassee,68025,26155,Shiawassee County,Michigan,0.1489,0.2224,0.1709,0.1339,0.2383,68124.0,2025,2022,16.1,30.7,6.7,8.8,12.5,3.4,4.4,24.1,14.5,13.7,11.6,,8.1,8.5,34.3,2023,0,Low
26157,7.9,26.6,18.7,32.6,57.2,7.6,11.7,,6.2,76.5,83.7,61.9,8.1,,,17.7,62.6,29.1,10.1,19.9,30.9,,25.5,74.3,20.2,41.4,14.3,36.9,3.2,19.6,MI,Tuscola,52826,26157,Tuscola County,Michigan,0.2841,0.3786,0.2555,0.2109,0.3544,53218.0,2025,2022,16.7,31.9,7.0,9.2,13.0,3.6,4.8,23.9,15.9,15.4,12.4,,8.6,9.0,33.4,2023,2,Moderate
26159,9.3,26.9,17.3,32.7,57.8,7.5,11.7,,6.1,77.5,84.6,61.4,7.8,,,16.6,61.7,28.6,10.8,20.4,30.9,,26.6,74.2,19.8,39.2,14.5,35.0,3.2,9.2,MI,Van Buren,75798,26159,Van Buren County,Michigan,0.6494,0.5593,0.7413,0.5326,0.6281,75636.0,2025,2022,16.8,32.5,7.0,9.4,13.4,3.8,5.1,23.3,17.5,16.5,13.7,,9.3,9.9,33.1,2023,2,Moderate
26161,5.4,21.9,18.0,28.3,57.5,7.4,10.7,,4.9,77.0,87.6,65.5,5.3,,,10.8,71.9,26.7,8.6,13.5,27.6,,16.5,77.9,15.8,29.0,10.9,28.7,2.6,7.8,MI,Washtenaw,365536,26161,Washtenaw County,Michigan,0.3223,0.2571,0.0232,0.6847,0.8056,370231.0,2025,2022,12.2,23.5,5.6,6.6,9.2,2.7,3.7,19.4,11.5,10.2,9.6,,6.8,7.1,30.7,2023,0,Low
26163,8.3,26.5,15.2,37.1,60.7,6.5,12.4,,6.3,79.5,85.8,60.7,8.1,,,17.2,62.5,24.9,12.5,23.3,31.8,,28.8,76.6,20.6,37.3,14.7,42.1,3.9,10.0,MI,Wayne,1751169,26163,Wayne County,Michigan,0.861,0.8234,0.881,0.8769,0.6367,1781641.0,2025,2022,16.0,32.8,6.1,10.3,14.9,4.7,6.2,27.3,24.2,23.8,19.3,,12.4,14.6,33.7,2023,3,High
26165,7.8,26.8,18.6,33.2,57.0,7.7,11.9,,6.3,76.9,83.7,60.1,8.3,,,17.8,64.4,29.5,10.3,19.9,30.5,,24.7,70.0,20.2,38.8,14.4,34.1,3.2,15.3,MI,Wexford,34122,26165,Wexford County,Michigan,0.5056,0.5355,0.5581,0.2109,0.5288,33766.0,2025,2022,17.0,32.7,7.2,9.5,13.1,3.8,4.9,23.1,16.5,16.4,12.5,,9.0,9.4,34.0,2023,2,Moderate
27001,8.5,21.4,22.0,29.2,56.5,7.3,10.6,,5.7,71.9,81.1,57.7,6.1,,,17.7,61.7,26.8,9.7,17.5,28.1,,25.0,75.7,17.8,33.4,12.4,34.3,3.0,9.3,MN,Aitkin,16102,27001,Aitkin County,Minnesota,0.2838,0.4464,0.2698,0.1508,0.2755,15859.0,2025,2022,15.6,29.3,7.0,8.3,11.5,3.4,4.4,22.5,14.2,10.8,11.1,,8.6,7.3,30.7,2023,0,Low
27003,7.8,19.1,19.0,28.4,58.7,6.9,9.9,,5.0,71.4,83.4,65.0,4.6,,,13.5,69.6,25.1,9.3,15.3,28.2,,23.9,75.2,16.3,35.8,10.7,30.1,2.7,6.8,MN,Anoka,372441,27003,Anoka County,Minnesota,0.1807,0.0837,0.3303,0.5654,0.3178,363985.0,2025,2022,13.6,27.2,6.1,6.7,9.9,2.8,3.6,24.9,12.1,7.9,10.7,,7.5,6.3,32.2,2023,0,Low
27005,8.0,21.4,22.9,30.7,57.9,7.4,10.3,,5.5,73.5,82.3,64.4,5.6,,,16.0,66.4,25.8,8.9,16.7,28.1,,22.7,73.7,17.6,37.3,11.9,29.5,2.9,13.5,MN,Becker,35283,27005,Becker County,Minnesota,0.3808,0.2615,0.4451,0.4165,0.5616,35202.0,2025,2022,14.7,27.6,6.7,7.9,11.0,3.2,4.2,20.8,13.3,9.7,10.5,,8.2,6.8,28.8,2023,0,Low
27007,8.5,23.9,18.8,30.0,56.8,7.2,11.3,,5.9,71.6,81.3,61.1,6.3,,,18.8,63.1,27.5,10.2,18.9,28.7,,25.9,77.3,18.4,39.8,12.8,32.7,3.2,13.8,MN,Beltrami,46718,27007,Beltrami County,Minnesota,0.755,0.5768,0.4572,0.6548,0.9647,46274.0,2025,2022,16.0,31.4,7.3,8.9,12.4,3.8,5.1,22.7,16.6,12.7,12.5,,10.0,8.5,30.5,2023,2,Moderate
27009,8.2,20.5,19.8,28.9,56.7,7.2,10.4,,5.3,73.1,82.3,64.0,5.5,,,15.9,67.6,26.1,9.3,16.3,29.3,,23.3,79.2,17.3,41.2,11.7,28.8,2.9,8.2,MN,Benton,41600,27009,Benton County,Minnesota,0.3719,0.1362,0.4136,0.3748,0.8301,41300.0,2025,2022,14.6,27.7,6.5,7.7,10.9,3.2,4.1,21.7,12.8,9.6,10.7,,8.0,6.9,30.8,2023,0,Low
27011,8.6,20.9,20.5,27.9,56.8,7.3,10.3,,5.5,71.4,81.7,61.0,5.7,,,16.6,63.9,24.8,9.3,16.7,28.9,,24.7,76.8,17.3,38.2,12.0,31.0,2.9,11.9,MN,Big Stone,5105,27011,Big Stone County,Minnesota,0.0881,0.0592,0.1855,0.0474,0.3567,5161.0,2025,2022,14.8,27.7,6.7,7.8,11.0,3.3,4.2,21.3,12.9,9.9,10.5,,8.0,6.8,30.6,2023,0,Low
27013,8.2,21.4,19.3,30.8,57.5,7.2,10.5,,5.5,73.5,82.3,60.3,5.6,,,15.6,59.2,26.3,10.0,16.4,29.1,,24.1,81.1,17.2,36.8,11.7,31.5,3.0,12.5,MN,Blue Earth,70006,27013,Blue Earth County,Minnesota,0.3831,0.2822,0.0433,0.4018,0.9325,69022.0,2025,2022,14.7,28.3,6.7,7.8,11.0,3.4,4.3,20.6,13.4,10.5,10.6,,8.3,7.2,30.1,2023,0,Low
27015,8.6,20.3,20.6,28.4,56.6,7.3,10.1,,5.2,73.2,82.4,62.1,5.3,,,15.5,62.0,25.1,9.0,16.0,27.9,,23.1,78.3,17.0,36.2,11.6,29.2,2.8,10.4,MN,Brown,25628,27015,Brown County,Minnesota,0.1145,0.05,0.237,0.1928,0.413,25880.0,2025,2022,14.3,27.4,6.4,7.4,10.8,3.0,3.9,21.5,12.2,8.9,10.1,,7.6,6.3,29.9,2023,0,Low
27017,8.3,20.3,21.7,29.0,56.0,7.4,10.6,,5.4,70.4,81.6,62.3,5.4,,,16.2,64.3,27.5,9.7,16.7,28.4,,24.3,77.8,17.0,38.5,11.8,36.0,2.9,11.4,MN,Carlton,36825,27017,Carlton County,Minnesota,0.3678,0.21,0.4808,0.3649,0.6386,36362.0,2025,2022,14.6,29.3,6.6,7.6,11.4,3.1,4.1,21.7,12.3,9.1,10.4,,8.2,6.7,33.7,2023,0,Low
27019,6.1,18.2,20.9,23.9,55.4,7.3,9.5,,4.3,73.2,84.9,66.3,3.8,,,11.0,72.7,23.5,7.3,11.9,26.3,,18.3,81.7,14.3,31.3,9.2,26.4,2.2,6.3,MN,Carver,111057,27019,Carver County,Minnesota,0.0337,0.0048,0.1954,0.3818,0.0862,107216.0,2025,2022,11.1,22.6,5.3,5.4,8.0,2.2,2.9,20.1,8.3,5.2,7.3,,5.6,4.5,29.4,2023,0,Low
27021,8.2,20.9,20.9,29.7,57.1,7.3,10.6,,5.8,72.0,81.6,58.8,5.9,,,17.8,62.1,25.4,10.0,18.0,28.9,,25.5,76.1,18.1,36.9,12.6,37.9,3.0,11.0,MN,Cass,31446,27021,Cass County,Minnesota,0.3465,0.4763,0.2291,0.5202,0.2657,30288.0,2025,2022,15.1,30.5,7.1,8.3,11.9,3.4,4.5,21.9,14.4,11.0,11.5,,9.1,7.7,29.2,2023,2,Moderate
27023,10.4,21.5,19.5,28.6,57.0,7.2,10.2,,5.8,71.1,81.2,62.4,6.0,,,17.0,66.3,25.6,10.1,18.5,28.7,,27.0,74.5,17.6,40.8,12.7,30.6,3.1,11.7,MN,Chippewa,12172,27023,Chippewa County,Minnesota,0.6452,0.5145,0.8024,0.4222,0.6806,12466.0,2025,2022,15.4,29.6,6.9,8.3,12.3,3.6,4.7,22.8,15.5,11.5,12.2,,9.1,7.8,31.4,2023,2,Moderate
27025,7.4,21.3,20.9,28.1,56.6,7.3,10.0,,5.0,72.9,83.1,62.4,4.8,,,14.7,65.9,25.0,8.6,14.7,29.7,,21.8,79.0,16.3,35.9,10.8,31.9,2.6,11.5,MN,Chisago,58535,27025,Chisago County,Minnesota,0.0426,0.0385,0.0251,0.2323,0.3131,56927.0,2025,2022,13.4,26.9,6.2,6.7,9.9,2.7,3.5,20.9,10.6,7.2,9.4,,6.7,5.6,29.0,2023,0,Low
27027,7.3,20.0,19.6,30.1,56.3,7.3,10.4,,5.3,72.6,82.9,63.5,5.1,,,14.6,68.1,25.9,9.3,15.4,30.7,,22.1,78.7,16.4,34.1,11.0,32.8,2.8,11.3,MN,Clay,66258,27027,Clay County,Minnesota,0.4381,0.2514,0.2383,0.4314,0.8807,65307.0,2025,2022,13.8,27.0,6.3,7.3,10.3,3.1,3.9,21.4,12.4,9.2,10.2,,7.6,6.7,31.4,2023,0,Low
27029,9.4,21.4,20.1,28.8,57.1,7.2,10.7,,6.0,70.1,80.4,58.4,6.4,,,19.4,63.4,26.5,10.0,19.6,27.9,,26.6,70.8,18.6,34.7,13.3,31.9,3.2,9.3,MN,Clearwater,8644,27029,Clearwater County,Minnesota,0.7779,0.7381,0.5552,0.4658,0.9109,8541.0,2025,2022,16.4,30.5,7.3,8.9,12.6,3.7,4.9,24.2,15.9,12.2,12.3,,9.6,8.0,32.7,2023,2,Moderate
27031,6.9,19.5,20.7,27.5,56.4,7.4,10.1,,5.0,72.9,83.9,63.5,4.6,,,13.5,70.9,24.9,8.8,14.4,28.2,,21.4,78.2,15.9,35.2,10.7,30.7,2.6,8.5,MN,Cook,5639,27031,Cook County,Minnesota,0.084,0.0503,0.1298,0.4378,0.2253,5611.0,2025,2022,12.8,25.1,6.2,6.6,9.6,2.8,3.7,20.9,11.0,7.8,9.4,,7.2,6.1,30.5,2023,0,Low
27033,10.7,21.2,19.7,30.1,56.7,7.1,10.0,,5.8,71.7,81.2,62.3,5.9,,,16.7,60.7,25.1,10.2,18.6,29.8,,27.6,77.2,17.1,39.8,12.5,33.5,3.1,13.9,MN,Cottonwood,11319,27033,Cottonwood County,Minnesota,0.4903,0.1823,0.9004,0.4613,0.6102,11481.0,2025,2022,15.3,29.5,6.9,8.2,11.9,3.6,4.8,23.2,15.6,11.6,12.2,,9.1,7.7,31.7,2023,2,Moderate
27035,7.5,21.0,21.4,28.7,55.7,7.4,10.5,,5.4,71.9,82.4,63.0,5.2,,,15.4,64.4,24.8,8.7,15.0,26.7,,22.3,78.2,16.5,37.4,11.1,30.9,2.8,14.4,MN,Crow Wing,68304,27035,Crow Wing County,Minnesota,0.2087,0.2889,0.2393,0.1152,0.2984,66558.0,2025,2022,13.8,27.5,6.4,7.3,10.4,3.0,3.8,19.6,11.2,8.4,9.4,,7.2,6.1,28.9,2023,0,Low
27037,7.4,19.4,18.5,26.8,58.4,7.1,9.8,,4.4,73.8,85.7,65.3,4.0,,,11.3,71.6,23.5,8.4,13.7,30.1,,21.8,78.6,14.8,34.2,10.2,28.5,2.4,6.1,MN,Dakota,447440,27037,Dakota County,Minnesota,0.1492,0.0601,0.4123,0.6013,0.2071,439179.0,2025,2022,11.7,24.8,5.4,6.1,9.3,2.5,3.3,21.0,10.0,6.7,8.7,,6.4,5.6,30.4,2023,0,Low
27039,7.3,19.9,20.9,26.4,55.8,7.4,9.9,,4.8,71.5,83.4,65.1,4.5,,,13.4,71.1,24.9,8.3,14.4,28.3,,21.7,79.0,16.0,34.9,10.5,30.2,2.5,8.4,MN,Dodge,21088,27039,Dodge County,Minnesota,0.0401,0.0111,0.1839,0.265,0.1543,20893.0,2025,2022,12.9,25.0,5.9,6.4,9.2,2.5,3.3,21.5,9.8,6.6,8.7,,6.4,5.3,31.3,2023,0,Low
27041,7.3,20.9,19.9,26.5,55.4,7.3,10.2,,5.0,72.6,82.9,63.9,4.9,,,14.5,65.2,26.4,8.5,14.9,29.4,,21.6,76.2,16.6,35.5,10.8,30.7,2.6,9.4,MN,Douglas,39953,27041,Douglas County,Minnesota,0.1174,0.0614,0.2886,0.0675,0.3971,39081.0,2025,2022,13.5,26.4,6.2,6.9,9.9,2.8,3.6,20.8,10.7,7.6,9.3,,6.8,5.8,30.0,2023,0,Low
27043,9.9,21.4,20.2,29.3,56.7,7.2,10.4,,5.8,71.4,81.1,57.9,6.0,,,17.1,67.1,25.5,9.7,18.0,29.3,,26.7,75.5,17.7,37.8,12.6,30.6,3.1,14.6,MN,Faribault,13873,27043,Faribault County,Minnesota,0.1629,0.1661,0.3742,0.328,0.1734,13931.0,2025,2022,15.6,31.1,7.0,8.3,12.1,3.6,4.7,22.5,14.8,11.2,11.9,,8.8,7.6,33.3,2023,0,Low
27045,8.1,20.5,20.7,29.4,56.0,7.3,10.3,,5.3,71.7,82.0,63.0,5.4,,,16.1,63.9,25.6,9.0,16.1,28.7,,23.4,77.5,17.3,40.7,11.8,32.0,2.8,10.1,MN,Fillmore,21522,27045,Fillmore County,Minnesota,0.2004,0.1584,0.371,0.0579,0.433,21251.0,2025,2022,14.6,28.5,6.4,7.5,10.5,3.1,3.9,21.3,11.9,8.7,9.9,,7.5,6.2,30.7,2023,0,Low
27047,10.5,20.9,21.1,28.9,57.2,7.0,10.1,,5.7,71.3,81.3,58.2,5.7,,,16.7,60.4,24.1,9.9,18.7,28.3,,27.9,74.8,17.4,36.2,12.4,34.3,3.0,12.6,MN,Freeborn,30515,27047,Freeborn County,Minnesota,0.4986,0.3516,0.7203,0.4763,0.524,30857.0,2025,2022,15.3,29.4,6.8,7.9,11.8,3.4,4.6,23.1,14.8,10.6,11.8,,8.6,7.2,31.7,2023,2,Moderate
27049,8.2,19.5,20.9,28.6,56.1,7.3,10.1,,5.1,71.1,82.4,61.5,5.1,,,14.9,66.7,24.4,8.5,15.7,28.2,,23.7,76.5,16.9,35.8,11.4,33.2,2.7,14.1,MN,Goodhue,48035,27049,Goodhue County,Minnesota,0.1645,0.1266,0.1196,0.2733,0.4979,47697.0,2025,2022,13.8,26.4,6.3,7.2,10.4,2.9,3.8,21.8,11.6,8.3,9.9,,7.3,6.1,29.8,2023,0,Low
27051,8.4,21.2,20.2,29.8,57.6,7.3,10.5,,5.8,71.8,81.7,60.6,5.9,,,17.2,63.2,26.7,9.6,17.3,29.6,,24.5,78.1,17.9,39.9,12.3,30.9,3.0,12.7,MN,Grant,6139,27051,Grant County,Minnesota,0.1998,0.2323,0.4951,0.1339,0.1861,6091.0,2025,2022,15.3,29.2,7.0,8.2,11.5,3.4,4.3,22.3,13.6,10.5,11.0,,8.4,7.2,31.9,2023,0,Low
27053,7.6,17.1,19.0,26.9,54.5,6.9,9.6,,4.5,73.7,85.1,64.7,4.0,,,11.1,67.5,25.8,7.4,14.1,29.3,,18.5,77.9,14.9,27.1,9.4,28.2,2.5,7.8,MN,Hennepin,1258713,27053,Hennepin County,Minnesota,0.4108,0.1979,0.1979,0.7038,0.8126,1270787.0,2025,2022,12.6,24.4,5.4,6.2,8.9,2.7,3.5,22.0,11.4,7.6,10.2,,7.2,5.9,33.6,2023,0,Low
27055,7.3,20.1,21.5,26.1,56.0,7.4,10.2,,5.0,71.5,83.1,64.3,4.9,,,14.2,63.7,24.5,8.4,15.0,28.1,,23.5,75.2,16.2,34.0,11.1,30.6,2.6,6.2,MN,Houston,18582,27055,Houston County,Minnesota,0.0207,0.0235,0.1546,0.0983,0.0716,18826.0,2025,2022,13.4,25.5,6.1,6.8,9.8,2.7,3.5,20.1,10.4,7.3,8.9,,6.7,5.6,31.1,2023,0,Low
27057,7.7,21.2,20.6,26.3,57.0,7.3,10.1,,5.4,73.0,82.7,63.6,5.3,,,14.8,65.7,24.4,9.3,15.5,27.2,,21.9,78.5,16.7,35.3,11.3,30.4,2.8,9.9,MN,Hubbard,22132,27057,Hubbard County,Minnesota,0.2809,0.2358,0.2937,0.2364,0.5297,21479.0,2025,2022,14.0,26.5,6.4,7.3,10.4,3.0,3.9,20.7,12.0,9.0,9.9,,7.6,6.4,31.5,2023,0,Low
27059,8.3,21.1,20.5,28.0,56.3,7.3,10.1,,5.3,71.1,81.8,64.9,5.4,,,16.1,65.2,25.4,8.8,16.1,29.3,,23.6,75.3,17.1,32.4,11.9,31.8,2.8,11.0,MN,Isanti,43182,27059,Isanti County,Minnesota,0.0913,0.2081,0.1199,0.1861,0.0996,41257.0,2025,2022,14.5,27.6,6.4,7.5,10.5,3.1,3.9,22.7,12.2,8.7,10.0,,7.6,6.3,30.6,2023,0,Low
27061,7.7,21.3,20.1,29.7,55.9,7.4,10.5,,5.6,71.8,82.0,63.3,5.6,,,16.7,65.1,26.0,9.9,16.6,27.3,,23.1,74.0,17.4,36.1,12.1,28.8,2.9,9.7,MN,Itasca,45365,27061,Itasca County,Minnesota,0.4012,0.3465,0.3089,0.314,0.6405,45054.0,2025,2022,14.8,29.4,6.7,7.8,11.1,3.2,4.1,21.3,12.9,9.7,10.4,,8.0,6.8,30.5,2023,0,Low
27063,8.3,20.0,20.2,28.3,56.4,7.3,10.0,,5.2,71.9,82.5,63.0,5.1,,,14.8,68.8,24.5,8.9,15.4,28.9,,23.1,76.2,16.6,36.1,11.2,29.9,2.7,7.7,MN,Jackson,9919,27063,Jackson County,Minnesota,0.0856,0.0264,0.3503,0.2485,0.2386,9990.0,2025,2022,13.8,27.2,6.4,7.0,10.4,2.9,3.8,21.6,11.5,8.2,9.9,,7.3,6.1,29.5,2023,0,Low
27065,9.1,22.1,20.7,29.4,57.0,7.2,10.5,,5.7,69.9,80.6,60.6,6.2,,,18.2,60.6,26.7,9.8,18.1,28.0,,26.0,77.2,18.1,37.3,12.8,33.1,3.1,10.1,MN,Kanabec,16602,27065,Kanabec County,Minnesota,0.2612,0.308,0.1304,0.1225,0.5565,16145.0,2025,2022,16.0,31.2,7.0,8.5,12.3,3.5,4.5,23.2,14.7,11.3,11.5,,8.7,7.3,33.3,2023,0,Low
27067,10.5,20.2,19.6,28.3,57.9,7.1,10.2,,5.4,72.7,82.3,60.8,5.4,,,14.9,66.5,24.4,10.0,16.8,28.3,,24.1,79.6,16.2,41.0,11.7,32.3,2.9,10.2,MN,Kandiyohi,43813,27067,Kandiyohi County,Minnesota,0.5383,0.2765,0.7684,0.5667,0.6895,43686.0,2025,2022,14.3,27.7,6.6,7.6,10.9,3.3,4.5,21.8,14.2,10.4,11.7,,8.5,7.2,31.6,2023,2,Moderate
27069,7.6,20.6,20.9,28.2,56.4,7.4,10.2,,5.2,72.0,82.6,61.8,5.2,,,15.2,64.2,25.6,8.8,15.6,28.6,,23.1,76.4,16.9,34.4,11.3,32.6,2.7,6.8,MN,Kittson,4060,27069,Kittson County,Minnesota,0.0958,0.0232,0.1123,0.1037,0.609,4191.0,2025,2022,13.9,26.9,6.4,7.2,10.3,2.9,3.8,21.4,11.5,8.4,9.6,,7.3,6.2,31.1,2023,0,Low
27071,8.0,20.9,21.0,29.7,56.8,7.4,10.4,,5.6,71.6,81.8,62.5,5.6,,,16.8,62.3,25.9,9.3,16.6,28.4,,25.1,76.9,17.5,37.1,12.0,32.3,2.9,10.3,MN,Koochiching,11751,27071,Koochiching County,Minnesota,0.3118,0.1989,0.5119,0.2536,0.5323,12072.0,2025,2022,14.9,28.8,6.8,7.7,10.9,3.2,4.1,21.9,12.6,9.3,10.3,,7.9,6.7,31.8,2023,0,Low
27073,7.9,20.0,21.5,27.3,56.2,7.3,10.0,,5.2,72.1,82.5,61.9,5.1,,,15.2,65.2,24.9,8.7,15.6,28.8,,23.0,79.7,16.7,34.8,11.1,30.7,2.7,10.6,MN,Lac qui Parle,6630,27073,Lac qui Parle County,Minnesota,0.0535,0.0169,0.4932,0.0932,0.1276,6736.0,2025,2022,13.8,26.9,6.3,7.0,10.1,2.9,3.7,21.3,11.1,7.9,9.5,,7.1,5.9,30.6,2023,0,Low
27075,7.8,20.8,21.2,26.7,56.2,7.4,10.1,,5.4,70.5,82.2,65.6,5.4,,,15.6,67.5,25.5,8.7,15.8,28.0,,22.8,78.4,17.1,35.3,11.6,28.6,2.8,12.2,MN,Lake,10855,27075,Lake County,Minnesota,0.0805,0.0741,0.2873,0.0474,0.1934,10915.0,2025,2022,14.5,28.4,6.6,7.4,10.4,3.0,3.9,21.4,11.7,8.7,9.9,,7.5,6.3,31.8,2023,0,Low
27077,7.8,20.5,20.7,27.9,56.4,7.3,10.1,,5.3,71.9,82.2,62.9,5.2,,,15.6,63.1,25.1,8.9,15.7,28.9,,23.3,74.6,16.9,35.6,11.4,31.8,2.8,11.9,MN,Lake of the Woods,3778,27077,Lake of the Woods County,Minnesota,0.0417,0.0942,0.0264,0.2265,0.1588,3786.0,2025,2022,14.2,27.7,6.5,7.2,10.4,3.0,3.8,22.3,11.6,8.3,9.9,,7.4,6.2,31.0,2023,0,Low
27079,8.2,19.8,21.5,27.8,56.3,7.4,9.9,,5.0,72.2,82.8,63.4,4.8,,,14.4,61.5,24.7,8.7,14.9,28.1,,21.1,73.7,16.2,35.0,10.9,35.3,2.6,11.1,MN,Le Sueur,29255,27079,Le Sueur County,Minnesota,0.0694,0.069,0.3408,0.2879,0.0786,28795.0,2025,2022,13.5,25.2,6.0,6.8,9.8,2.8,3.6,21.1,11.0,7.5,9.5,,6.9,5.8,31.2,2023,0,Low
27081,8.2,20.4,20.4,28.2,56.7,7.3,10.1,,5.3,72.7,82.1,59.6,5.4,,,15.7,63.1,25.2,8.9,16.0,27.9,,23.8,78.1,17.0,36.9,11.7,31.0,2.8,10.8,MN,Lincoln,5521,27081,Lincoln County,Minnesota,0.069,0.0961,0.3073,0.0675,0.1002,5630.0,2025,2022,14.4,28.4,6.6,7.5,10.8,3.1,3.9,21.6,12.2,9.0,10.0,,7.6,6.4,30.6,2023,0,Low
27083,8.9,20.6,20.2,28.3,57.6,7.1,10.1,,5.3,72.8,82.6,59.5,5.3,,,15.2,65.5,23.7,9.5,16.7,28.4,,24.0,76.1,16.5,38.4,11.6,31.4,2.8,10.0,MN,Lyon,25427,27083,Lyon County,Minnesota,0.5348,0.2125,0.7245,0.4913,0.8498,25352.0,2025,2022,14.1,27.4,6.4,7.5,10.7,3.2,4.1,22.4,13.1,9.5,10.5,,8.0,6.7,31.3,2023,0,Low
27085,8.7,21.2,21.1,28.3,56.1,7.3,10.0,,5.1,71.1,82.2,63.5,5.2,,,15.4,66.3,24.6,9.2,15.8,28.6,,24.2,77.3,16.7,42.2,11.4,34.1,2.7,11.5,MN,McLeod,36785,27085,McLeod County,Minnesota,0.1126,0.0875,0.2603,0.3086,0.2087,36727.0,2025,2022,14.3,27.0,6.4,7.2,10.3,3.0,3.9,21.5,11.7,8.3,10.2,,7.4,6.2,30.8,2023,0,Low
27087,12.0,24.2,18.0,33.2,58.3,6.8,12.8,,7.5,72.1,78.4,55.9,8.5,,,25.7,50.4,27.9,14.0,27.2,28.7,,33.2,69.8,21.5,44.4,16.9,35.9,4.3,23.3,MN,Mahnomen,5280,27087,Mahnomen County,Minnesota,0.9577,0.944,0.8645,0.8941,0.8708,5389.0,2025,2022,20.8,40.1,9.2,12.5,17.6,5.5,8.0,27.6,28.0,22.8,20.2,,16.6,14.1,36.0,2023,1,Critical
27089,8.7,21.1,21.8,28.8,56.5,7.2,10.2,,5.3,71.5,81.9,59.8,5.4,,,15.9,63.1,25.3,9.1,16.8,29.3,,23.5,76.2,17.1,39.2,11.7,31.7,2.8,12.5,MN,Marshall,8810,27089,Marshall County,Minnesota,0.1133,0.0414,0.4925,0.2062,0.2246,9017.0,2025,2022,14.7,28.6,6.5,7.5,10.8,3.0,4.0,22.2,12.5,8.9,10.2,,7.7,6.3,31.3,2023,0,Low
27091,9.0,20.5,20.3,27.7,56.9,7.3,10.1,,5.6,71.8,81.6,61.7,5.7,,,16.4,64.7,25.0,9.7,17.3,28.8,,26.3,77.7,17.2,36.6,12.1,31.1,2.9,9.7,MN,Martin,19657,27091,Martin County,Minnesota,0.2867,0.2364,0.504,0.2536,0.3859,19960.0,2025,2022,14.7,28.4,6.7,7.9,11.4,3.3,4.3,21.5,13.7,10.2,11.1,,8.3,7.1,30.5,2023,0,Low
27093,8.3,20.1,21.4,28.0,56.9,7.3,10.1,,5.4,72.3,82.1,62.7,5.4,,,16.1,66.5,25.4,9.4,15.9,27.9,,24.3,74.7,17.2,37.1,11.4,30.3,2.8,8.7,MN,Meeker,23490,27093,Meeker County,Minnesota,0.1018,0.0611,0.286,0.1508,0.2701,23352.0,2025,2022,14.4,26.6,6.6,7.5,10.6,3.1,4.0,21.8,12.1,8.9,10.1,,7.6,6.4,30.4,2023,0,Low
27095,8.7,20.4,20.7,30.7,56.5,7.4,10.6,,5.6,71.1,81.1,61.0,5.9,,,17.6,60.8,26.0,9.7,17.1,30.0,,26.7,75.4,17.7,38.0,12.2,34.6,3.0,12.2,MN,Mille Lacs,27427,27095,Mille Lacs County,Minnesota,0.5406,0.3754,0.6137,0.3484,0.7636,26680.0,2025,2022,15.8,30.8,7.0,8.3,11.7,3.4,4.4,22.3,14.5,10.5,11.5,,8.4,7.1,30.7,2023,2,Moderate
27097,8.2,22.0,20.1,29.1,57.2,7.3,10.5,,5.6,71.9,81.4,63.2,5.7,,,16.7,65.4,25.9,9.3,16.4,29.2,,24.5,79.6,17.1,37.1,12.2,33.2,2.9,8.9,MN,Morrison,34250,27097,Morrison County,Minnesota,0.1448,0.217,0.1394,0.0474,0.2997,34023.0,2025,2022,14.8,27.6,6.7,7.8,11.0,3.2,4.1,21.8,12.6,9.5,10.3,,7.8,6.6,30.8,2023,0,Low
27099,11.1,20.9,18.5,29.2,57.3,7.0,10.0,,5.6,71.8,81.4,59.6,5.7,,,16.3,60.5,25.2,10.1,17.8,28.0,,27.5,79.2,16.9,38.3,12.0,34.8,3.0,14.3,MN,Mower,40058,27099,Mower County,Minnesota,0.5021,0.1845,0.8215,0.6083,0.6697,40082.0,2025,2022,15.1,28.9,6.7,8.0,11.4,3.5,4.7,24.1,15.9,11.2,12.5,,9.0,7.6,31.7,2023,2,Moderate
27101,8.9,20.7,20.0,28.2,56.5,7.3,10.2,,5.4,71.0,82.1,61.8,5.3,,,15.5,62.3,26.1,9.1,16.8,28.4,,24.4,76.4,17.2,36.7,11.7,32.7,2.8,6.8,MN,Murray,8049,27101,Murray County,Minnesota,0.0983,0.0719,0.5008,0.2733,0.0942,8170.0,2025,2022,14.6,27.8,6.5,7.5,10.9,3.1,4.0,22.5,12.6,9.0,10.5,,7.7,6.5,32.4,2023,0,Low
27103,7.6,20.4,21.0,27.3,57.3,7.3,10.1,,5.1,71.4,83.1,65.2,5.0,,,14.7,65.7,25.5,8.8,14.9,27.3,,22.7,78.7,16.5,34.3,11.0,30.9,2.7,11.7,MN,Nicollet,34242,27103,Nicollet County,Minnesota,0.1877,0.0468,0.2781,0.3888,0.5943,34380.0,2025,2022,13.7,26.9,6.2,7.1,10.0,2.9,3.8,20.9,11.5,8.3,9.9,,7.3,6.4,29.5,2023,0,Low
27105,17.3,20.0,17.4,29.1,58.1,6.4,9.6,,6.2,70.9,79.9,57.9,6.2,,,17.1,56.9,22.1,11.7,22.1,30.0,,32.7,70.4,16.7,39.2,13.5,32.1,3.3,12.9,MN,Nobles,21727,27105,Nobles County,Minnesota,0.8323,0.5549,0.9599,0.8225,0.797,22194.0,2025,2022,16.2,31.2,7.2,8.9,13.6,4.3,6.2,25.6,21.2,14.8,16.2,,11.2,9.4,32.5,2023,3,High
27107,9.0,20.7,20.7,30.1,56.4,7.3,10.3,,5.6,71.2,81.5,63.1,5.7,,,16.4,63.2,25.6,9.6,17.6,28.7,,24.8,76.2,17.3,35.8,12.2,33.1,3.0,9.2,MN,Norman,6329,27107,Norman County,Minnesota,0.2806,0.2326,0.2946,0.3535,0.4763,6457.0,2025,2022,15.1,28.8,6.8,7.9,11.5,3.4,4.4,21.8,13.7,10.1,11.0,,8.3,7.1,30.3,2023,0,Low
27109,6.8,19.3,17.0,27.4,56.9,7.3,9.8,,4.6,71.4,84.6,64.0,4.2,,,11.4,70.1,24.7,8.4,13.4,29.8,,20.6,81.8,14.5,36.5,9.9,30.5,2.4,6.7,MN,Olmsted,164784,27109,Olmsted County,Minnesota,0.2361,0.0627,0.2841,0.5654,0.6367,162307.0,2025,2022,11.7,23.6,5.5,6.1,9.5,2.5,3.4,19.7,10.1,7.0,8.6,,6.6,5.5,28.2,2023,0,Low
27111,8.1,20.9,20.6,25.6,57.1,7.5,10.2,,5.3,71.2,82.2,65.3,5.3,,,15.9,60.3,25.4,8.7,16.0,30.2,,23.5,81.0,17.1,34.4,11.6,33.7,2.8,11.0,MN,Otter Tail,60626,27111,Otter Tail County,Minnesota,0.3303,0.2482,0.4852,0.2444,0.5221,60072.0,2025,2022,14.2,27.0,6.5,7.5,10.5,3.1,3.9,21.6,12.2,8.9,10.1,,7.6,6.5,33.1,2023,0,Low
27113,8.3,21.0,21.0,29.7,56.4,7.4,10.4,,5.3,72.4,82.3,62.5,5.3,,,16.0,68.1,26.0,9.3,16.4,29.5,,23.5,77.2,17.5,40.5,11.8,29.8,2.8,9.7,MN,Pennington,13714,27113,Pennington County,Minnesota,0.1416,0.0436,0.2205,0.3217,0.5091,13995.0,2025,2022,14.6,28.7,6.5,7.6,10.7,3.1,4.0,22.6,12.4,9.0,10.4,,7.9,6.5,32.3,2023,0,Low
27115,9.4,21.7,20.8,31.8,57.0,7.2,10.1,,5.9,72.3,80.8,58.3,6.1,,,18.2,63.3,26.4,10.1,18.9,29.0,,25.8,74.1,18.4,39.1,12.9,33.3,3.1,12.0,MN,Pine,30197,27115,Pine County,Minnesota,0.4919,0.4493,0.1689,0.3446,0.8482,29090.0,2025,2022,15.8,31.4,7.1,8.3,12.1,3.5,4.5,23.8,14.9,11.0,11.8,,8.9,7.5,33.2,2023,2,Moderate
27117,9.6,21.2,19.4,29.9,57.1,7.2,10.4,,5.7,72.3,81.5,60.5,6.0,,,17.2,64.1,25.8,10.0,17.9,29.5,,26.0,77.1,17.5,38.9,12.5,31.0,3.0,12.3,MN,Pipestone,9245,27117,Pipestone County,Minnesota,0.2288,0.1059,0.7509,0.4248,0.2043,9380.0,2025,2022,15.3,29.5,6.8,8.3,12.0,3.5,4.6,22.3,14.6,11.0,11.6,,8.8,7.5,30.9,2023,0,Low
27119,8.7,21.0,20.7,27.4,57.2,7.3,10.3,,5.5,71.9,82.0,62.1,5.5,,,15.8,67.0,25.7,9.2,17.0,27.5,,24.6,79.1,16.9,39.7,11.9,33.1,2.9,10.7,MN,Polk,30412,27119,Polk County,Minnesota,0.4365,0.2027,0.4018,0.4314,0.8428,31128.0,2025,2022,14.6,27.6,6.6,7.7,10.9,3.3,4.3,22.4,13.5,10.0,11.0,,8.2,7.0,31.7,2023,0,Low
27121,7.7,20.7,20.7,28.6,56.7,7.4,10.2,,5.4,72.8,82.3,61.9,5.3,,,15.2,64.4,25.7,8.9,15.7,28.5,,22.7,79.1,17.0,38.9,11.6,32.3,2.8,6.6,MN,Pope,11400,27121,Pope County,Minnesota,0.028,0.0315,0.0585,0.0821,0.1779,11312.0,2025,2022,14.2,26.7,6.5,7.4,10.5,3.0,3.8,21.7,11.4,8.5,9.7,,7.4,6.3,29.7,2023,0,Low
27123,7.8,19.1,16.3,28.6,57.3,6.9,10.1,,5.1,73.7,83.7,61.7,4.8,,,12.8,63.5,25.9,9.8,17.8,30.3,,20.0,78.8,16.3,32.3,11.4,30.1,2.8,9.8,MN,Ramsey,536075,27123,Ramsey County,Minnesota,0.7076,0.4346,0.5278,0.7881,0.9456,547202.0,2025,2022,13.4,27.1,5.8,7.3,11.0,3.1,4.2,25.3,14.9,9.9,11.4,,8.7,7.0,37.5,2023,2,Moderate
27125,8.1,20.8,20.4,28.7,56.6,7.3,10.3,,5.4,72.3,82.2,58.7,5.3,,,16.1,64.9,25.8,9.1,16.2,28.6,,24.5,78.5,17.3,38.8,11.8,30.9,2.8,9.0,MN,Red Lake,3911,27125,Red Lake County,Minnesota,0.0891,0.0216,0.2978,0.2399,0.3143,3912.0,2025,2022,14.5,27.9,6.5,7.4,10.6,3.0,3.9,21.9,12.3,8.9,10.3,,7.7,6.5,31.6,2023,0,Low
27127,9.0,21.3,20.3,28.8,57.1,7.2,10.4,,5.6,71.6,81.5,64.6,5.8,,,17.1,64.1,25.4,10.0,17.7,29.3,,24.3,75.4,17.7,36.9,12.3,29.3,3.0,14.4,MN,Redwood,15288,27127,Redwood County,Minnesota,0.1794,0.1047,0.3341,0.4085,0.3223,15428.0,2025,2022,15.4,28.7,6.9,8.1,11.4,3.4,4.5,22.2,14.7,10.9,11.4,,8.7,7.3,32.3,2023,0,Low
27129,10.4,20.6,19.7,29.1,57.0,7.2,10.2,,5.7,71.6,81.3,60.7,5.9,,,17.1,61.5,24.7,10.2,18.3,29.3,,26.2,73.9,17.2,39.1,12.6,31.0,3.0,13.6,MN,Renville,14348,27129,Renville County,Minnesota,0.2482,0.118,0.4957,0.4057,0.4375,14707.0,2025,2022,15.3,30.3,7.0,8.2,11.7,3.5,4.6,23.3,14.6,10.9,11.9,,8.8,7.4,34.5,2023,0,Low
27131,9.2,20.4,18.7,30.3,57.7,7.2,9.9,,5.3,73.6,82.9,60.7,5.0,,,14.9,66.3,23.3,9.4,15.8,28.3,,25.4,76.6,16.2,38.7,11.5,32.1,2.8,7.2,MN,Rice,67948,27131,Rice County,Minnesota,0.4598,0.2984,0.2491,0.5269,0.8253,67152.0,2025,2022,13.9,27.1,6.4,7.3,10.5,3.1,4.1,21.9,13.3,9.3,10.9,,8.0,6.8,29.6,2023,0,Low
27133,8.5,20.5,20.3,27.9,56.2,7.4,10.1,,5.4,72.4,82.1,63.0,5.5,,,16.0,63.7,25.5,9.2,16.4,28.6,,24.5,74.6,17.1,37.0,11.7,30.6,2.8,12.3,MN,Rock,9551,27133,Rock County,Minnesota,0.1304,0.07,0.1594,0.1696,0.4887,9659.0,2025,2022,14.5,28.2,6.5,7.6,10.9,3.1,4.1,21.5,12.6,9.4,10.3,,7.8,6.6,31.3,2023,0,Low
27135,8.3,20.3,21.7,26.9,56.8,7.2,10.1,,5.4,71.5,81.7,60.2,5.5,,,15.9,67.2,24.6,9.2,16.2,28.3,,23.4,77.5,17.1,35.7,11.7,30.7,2.8,10.9,MN,Roseau,15252,27135,Roseau County,Minnesota,0.2504,0.139,0.4069,0.3016,0.5097,15294.0,2025,2022,14.8,28.4,6.7,7.6,10.7,3.1,4.0,22.8,12.8,9.2,10.3,,7.8,6.5,31.3,2023,0,Low
27137,7.2,21.4,21.4,28.1,57.4,7.3,10.6,,5.5,72.3,82.8,59.3,5.5,,,16.3,63.1,26.1,9.4,16.7,27.0,,22.6,77.4,17.6,36.2,12.1,34.5,2.9,16.7,MN,St. Louis,200514,27137,St. Louis County,Minnesota,0.3054,0.2542,0.0964,0.2816,0.7684,200122.0,2025,2022,14.2,28.7,6.6,7.5,11.3,3.2,4.0,22.1,12.3,9.5,9.9,,8.2,6.6,33.9,2023,0,Low
27139,6.9,18.4,20.1,28.4,56.7,7.1,9.5,,4.5,73.1,84.9,67.2,4.0,,,11.9,67.9,22.6,8.5,14.1,28.7,,22.2,79.7,14.8,31.5,10.0,28.2,2.4,5.4,MN,Scott,155814,27139,Scott County,Minnesota,0.1034,0.0175,0.4359,0.5616,0.1807,151347.0,2025,2022,11.8,23.5,5.5,5.9,9.0,2.4,3.2,22.0,9.9,6.3,8.9,,6.3,5.2,29.6,2023,0,Low
27141,7.4,20.1,22.5,27.4,56.2,7.2,9.8,,4.8,71.1,83.5,64.0,4.6,,,13.9,67.7,24.2,8.3,14.3,28.4,,22.9,77.9,16.3,38.4,10.6,29.3,2.5,11.2,MN,Sherburne,102206,27141,Sherburne County,Minnesota,0.1047,0.0245,0.3799,0.3592,0.2612,97820.0,2025,2022,13.3,27.3,6.1,6.6,9.5,2.7,3.4,21.2,10.7,7.2,9.2,,6.8,5.6,30.6,2023,0,Low
27143,9.6,20.7,20.8,28.7,56.5,7.1,10.0,,5.5,71.6,81.9,59.6,5.4,,,16.0,64.4,24.7,9.2,17.0,28.2,,25.8,74.8,17.0,38.8,12.0,31.3,2.9,10.7,MN,Sibley,15084,27143,Sibley County,Minnesota,0.1139,0.0624,0.168,0.3675,0.3293,14950.0,2025,2022,14.8,28.2,6.6,7.7,11.0,3.2,4.2,22.0,13.3,9.6,11.0,,8.0,6.8,30.2,2023,0,Low
27145,8.2,20.2,19.6,28.7,57.6,7.3,10.3,,5.4,73.3,82.5,65.3,5.4,,,15.1,66.7,25.5,9.4,16.4,29.4,,23.0,78.0,17.0,37.4,11.7,31.3,2.9,9.2,MN,Stearns,160977,27145,Stearns County,Minnesota,0.4572,0.2673,0.3035,0.4725,0.8473,158622.0,2025,2022,14.4,26.5,6.3,7.6,10.6,3.3,4.2,22.7,13.6,10.2,11.5,,8.1,7.3,31.2,2023,0,Low
27147,8.7,20.2,20.2,28.5,56.6,7.2,10.0,,5.2,71.5,82.7,63.5,5.1,,,14.6,67.8,24.2,9.0,15.8,28.2,,23.0,80.2,16.4,37.6,11.3,29.1,2.7,5.0,MN,Steele,37421,27147,Steele County,Minnesota,0.3105,0.1562,0.524,0.4273,0.5247,37396.0,2025,2022,13.7,26.2,6.2,7.1,10.3,3.0,3.9,22.0,12.4,8.6,10.4,,7.5,6.4,31.8,2023,0,Low
27149,10.3,21.3,20.6,28.3,56.7,7.2,9.9,,5.4,71.3,82.4,59.1,5.3,,,14.8,64.2,24.7,9.6,17.0,28.5,,25.1,77.2,16.5,39.4,11.8,31.1,2.8,14.7,MN,Stevens,9728,27149,Stevens County,Minnesota,0.1728,0.0732,0.1435,0.42,0.5555,9682.0,2025,2022,14.2,28.2,6.6,7.4,11.1,3.2,4.3,21.8,13.2,9.4,11.1,,8.1,6.9,30.5,2023,0,Low
27151,9.7,21.3,20.1,30.6,57.6,7.3,10.2,,5.8,71.8,81.2,58.6,6.0,,,17.6,63.0,26.7,10.1,18.3,29.9,,25.8,75.5,17.5,39.1,12.4,31.1,3.1,9.7,MN,Swift,9719,27151,Swift County,Minnesota,0.5119,0.3204,0.9618,0.3503,0.3487,9806.0,2025,2022,15.3,30.2,7.0,8.3,11.9,3.6,4.7,22.2,14.8,11.4,12.0,,8.9,7.8,32.3,2023,2,Moderate
27153,11.2,21.5,19.7,30.2,55.9,7.1,10.2,,5.9,70.4,80.4,60.8,6.3,,,18.6,60.9,26.0,9.9,19.3,29.2,,26.7,75.8,17.8,39.6,12.9,31.4,3.2,11.4,MN,Todd,25667,27153,Todd County,Minnesota,0.5915,0.4031,0.7763,0.363,0.7331,25277.0,2025,2022,16.1,31.0,7.2,8.7,12.3,3.7,4.9,23.1,15.8,12.2,12.5,,9.2,7.7,33.4,2023,2,Moderate
27155,9.2,21.1,20.7,29.4,56.5,7.2,10.4,,5.7,71.3,81.6,61.6,5.7,,,16.8,65.5,25.4,9.7,17.5,29.5,,25.2,76.3,17.4,39.3,12.3,32.4,3.0,9.7,MN,Traverse,3136,27155,Traverse County,Minnesota,0.1829,0.0713,0.4257,0.3977,0.3691,3345.0,2025,2022,15.1,29.6,6.9,8.0,11.6,3.4,4.4,22.6,14.0,10.3,11.5,,8.6,7.4,31.4,2023,0,Low
27157,7.6,20.8,21.6,26.3,56.5,7.4,10.1,,5.0,72.3,83.0,64.3,4.9,,,14.4,69.1,24.4,8.5,15.0,28.0,,21.7,77.3,16.6,37.5,11.0,31.3,2.6,8.7,MN,Wabasha,21683,27157,Wabasha County,Minnesota,0.0986,0.0449,0.3293,0.0983,0.2949,21460.0,2025,2022,13.5,25.3,6.2,6.9,9.8,2.8,3.6,20.9,10.7,7.6,9.1,,6.8,5.7,30.2,2023,0,Low
27159,9.2,22.4,19.6,29.2,57.1,7.3,10.7,,5.9,71.3,80.8,62.7,6.4,,,17.8,60.0,26.8,10.1,18.4,28.2,,27.4,77.0,18.4,38.5,12.9,31.2,3.2,16.0,MN,Wadena,14241,27159,Wadena County,Minnesota,0.7448,0.5027,0.7604,0.2265,0.9822,14108.0,2025,2022,16.1,31.8,7.2,8.7,12.7,3.7,4.6,22.4,14.9,11.7,11.5,,8.9,7.6,33.1,2023,2,Moderate
27161,9.3,21.0,19.9,28.1,56.1,7.2,10.4,,5.4,72.4,82.2,64.2,5.5,,,15.7,64.8,25.7,9.5,16.9,29.1,,25.3,76.2,17.4,39.2,11.9,29.8,2.8,12.0,MN,Waseca,18981,27161,Waseca County,Minnesota,0.2195,0.1158,0.4973,0.3388,0.3818,18953.0,2025,2022,14.8,28.9,6.5,7.7,11.1,3.2,4.2,22.3,13.4,9.8,11.2,,8.1,7.0,31.2,2023,0,Low
27163,6.1,18.1,17.9,25.8,56.7,7.3,9.3,,4.3,74.0,85.4,61.8,3.8,,,10.9,74.9,23.5,8.7,12.7,29.5,,18.2,83.0,14.1,32.1,9.3,25.7,2.3,8.3,MN,Washington,278936,27163,Washington County,Minnesota,0.0503,0.0134,0.1938,0.5326,0.1263,268651.0,2025,2022,11.3,22.3,5.2,5.5,8.1,2.3,3.0,19.1,8.8,5.5,7.9,,5.8,4.8,29.8,2023,0,Low
27165,14.0,20.1,19.4,28.7,56.6,6.7,9.7,,5.5,72.1,81.6,59.8,5.4,,,15.5,59.7,23.6,10.4,19.5,28.8,,27.9,79.3,16.5,37.4,12.6,33.1,3.0,12.6,MN,Watonwan,11077,27165,Watonwan County,Minnesota,0.6583,0.5199,0.7261,0.6701,0.6557,11205.0,2025,2022,15.1,30.1,6.8,7.9,12.0,3.6,5.1,23.3,16.9,11.2,13.7,,9.3,7.9,31.0,2023,2,Moderate
27167,8.5,21.3,20.9,29.5,56.9,7.3,10.5,,5.7,71.6,81.6,63.7,5.9,,,16.8,63.2,26.2,9.6,17.3,28.7,,24.6,79.8,17.5,38.3,12.4,30.9,3.0,15.3,MN,Wilkin,6306,27167,Wilkin County,Minnesota,0.1556,0.1629,0.0729,0.2164,0.4941,6454.0,2025,2022,15.0,29.0,6.9,8.0,11.4,3.4,4.3,22.0,13.3,10.1,10.7,,8.3,7.1,31.5,2023,0,Low
27169,7.7,20.4,20.9,28.8,57.7,7.4,10.3,,5.4,71.6,82.2,61.9,5.4,,,14.9,64.0,25.5,9.1,15.9,28.0,,22.7,75.6,16.9,36.3,11.5,30.1,2.8,8.2,MN,Winona,49721,27169,Winona County,Minnesota,0.2377,0.2208,0.0134,0.2816,0.8664,49792.0,2025,2022,14.1,27.7,6.5,7.4,10.9,3.1,4.0,20.9,11.9,9.0,9.8,,7.6,6.5,31.1,2023,0,Low
27171,7.1,20.2,20.8,28.4,56.7,7.3,10.0,,4.7,73.5,83.7,66.4,4.4,,,12.5,69.3,24.8,8.2,13.9,29.4,,19.8,77.6,15.8,34.8,10.1,31.3,2.4,7.9,MN,Wright,151150,27171,Wright County,Minnesota,0.0235,0.0165,0.1149,0.2914,0.0827,142543.0,2025,2022,12.7,25.5,5.8,6.2,9.2,2.5,3.3,19.9,9.6,6.4,8.6,,6.2,5.3,30.3,2023,0,Low
27173,9.1,21.8,20.2,29.3,57.1,7.2,10.4,,5.6,72.0,81.6,61.3,5.7,,,16.6,62.0,26.0,9.7,17.5,28.4,,25.1,75.6,17.5,38.9,12.2,33.9,3.0,9.4,MN,Yellow Medicine,9467,27173,Yellow Medicine County,Minnesota,0.237,0.076,0.5829,0.335,0.483,9569.0,2025,2022,15.2,28.6,6.8,8.0,11.4,3.3,4.4,21.8,13.6,10.2,11.2,,8.4,7.2,31.7,2023,0,Low
28001,16.0,27.6,13.2,45.8,66.6,5.8,10.4,,7.3,80.6,83.3,56.9,9.0,,,20.7,7.1,18.2,16.8,29.3,33.9,,39.8,72.0,19.0,41.5,15.8,40.4,4.9,31.3,MS,Adams,28746,28001,Adams County,Mississippi,0.971,0.9523,0.9402,0.936,0.8393,29425.0,2025,2022,20.4,41.8,7.6,12.5,20.8,6.7,9.1,33.0,32.9,22.1,24.6,,16.9,17.1,38.0,2023,1,Critical
28003,12.3,27.0,15.9,40.7,63.2,7.1,9.8,,6.6,78.0,83.3,51.6,8.3,,,19.8,9.2,22.9,12.4,23.4,36.1,,33.6,70.2,18.9,40.0,14.8,37.5,3.7,20.1,MS,Alcorn,34135,28003,Alcorn County,Mississippi,0.8944,0.9494,0.6761,0.5161,0.8785,34717.0,2025,2022,19.1,36.9,7.9,10.2,16.4,4.6,6.2,27.9,20.1,11.8,15.1,,10.9,9.8,38.1,2023,3,High
28005,13.5,28.2,13.9,43.2,65.7,6.3,10.5,,7.2,79.5,83.2,52.7,9.2,,,21.5,6.6,20.9,15.1,27.2,33.9,,38.4,73.1,20.0,45.4,15.9,42.2,4.5,19.5,MS,Amite,12442,28005,Amite County,Mississippi,0.7894,0.7808,0.9348,0.8027,0.3646,12683.0,2025,2022,20.8,41.9,7.9,12.1,19.5,5.9,7.9,31.9,28.1,18.7,21.2,,14.7,14.6,37.6,2023,1,Critical
28007,12.7,28.0,13.8,43.1,65.9,6.2,10.4,,6.5,80.3,84.4,55.6,8.1,,,18.8,7.5,19.9,13.9,25.1,33.6,,35.5,72.3,19.1,43.0,14.8,40.4,4.2,19.0,MS,Attala,17359,28007,Attala County,Mississippi,0.957,0.9411,0.8893,0.8549,0.8603,17842.0,2025,2022,19.2,37.6,7.2,11.1,17.9,5.4,7.2,31.0,25.9,16.6,20.3,,13.7,13.6,37.5,2023,1,Critical
28009,13.4,27.6,15.3,42.3,64.3,6.4,10.2,,6.7,79.1,83.7,54.4,8.3,,,19.7,9.2,20.5,14.0,25.6,34.4,,34.8,71.7,19.1,42.3,15.1,38.3,4.2,24.6,MS,Benton,7438,28009,Benton County,Mississippi,0.7725,0.8212,0.7913,0.7821,0.4219,7637.0,2025,2022,19.8,39.4,7.5,11.1,18.1,5.3,7.1,31.4,24.9,15.4,19.5,,13.2,12.8,38.0,2023,1,Critical
28011,14.2,29.7,12.0,48.5,68.4,5.6,11.2,,7.4,82.8,84.3,51.5,9.4,,,20.4,8.1,19.5,17.9,30.9,35.3,,41.3,74.3,19.6,46.8,16.2,38.0,5.2,23.5,MS,Bolivar,28968,28011,Bolivar County,Mississippi,0.994,0.9927,0.8883,0.9567,0.9583,30688.0,2025,2022,20.6,41.3,7.3,13.4,21.7,7.3,9.8,32.3,34.4,25.5,25.8,,18.0,18.9,39.2,2023,1,Critical
28013,14.9,28.2,14.1,42.8,64.0,6.6,10.3,,7.1,78.4,82.7,54.0,9.3,,,20.8,6.9,21.2,14.6,27.5,33.8,,35.6,69.8,19.8,41.3,16.1,40.4,4.4,21.7,MS,Calhoun,12685,28013,Calhoun County,Mississippi,0.8988,0.7964,0.9844,0.7378,0.7066,13193.0,2025,2022,20.9,40.4,8.1,12.0,19.1,5.8,7.9,29.4,26.7,17.4,20.1,,14.2,13.5,37.7,2023,1,Critical
28015,13.7,27.0,14.9,42.5,65.0,6.5,10.0,,7.1,79.0,83.0,53.2,8.8,,,20.3,7.2,20.1,14.3,26.3,34.3,,36.2,69.8,18.9,40.4,15.4,39.3,4.3,23.3,MS,Carroll,9535,28015,Carroll County,Mississippi,0.7,0.7884,0.3653,0.7442,0.5947,9930.0,2025,2022,19.9,39.2,7.9,11.4,18.2,5.6,7.5,30.8,25.8,16.4,19.4,,13.7,13.1,37.8,2023,1,Critical
28017,14.5,28.1,13.5,43.5,65.7,6.1,10.5,,7.0,79.4,83.5,55.0,9.0,,,20.6,6.6,19.9,15.7,28.5,35.6,,37.5,70.8,19.4,43.8,16.0,41.0,4.6,24.9,MS,Chickasaw,16866,28017,Chickasaw County,Mississippi,0.9542,0.8664,0.9838,0.8759,0.8081,17024.0,2025,2022,20.5,41.5,7.7,12.1,20.2,6.1,8.2,32.2,29.1,19.4,22.3,,15.4,15.2,38.4,2023,1,Critical
28019,12.0,26.5,14.6,40.2,64.0,6.7,9.9,,6.2,78.9,84.1,55.0,7.6,,,18.0,9.0,20.8,12.9,22.9,34.2,,32.7,73.8,18.2,40.5,14.0,38.1,3.8,20.3,MS,Choctaw,8088,28019,Choctaw County,Mississippi,0.7932,0.9074,0.7286,0.7028,0.4305,8208.0,2025,2022,18.3,36.6,7.2,10.0,16.1,4.6,6.2,29.0,21.7,12.5,16.6,,11.4,10.8,36.8,2023,3,High
28021,14.5,29.3,10.7,51.4,69.7,5.0,11.5,,7.5,83.4,84.8,54.8,9.2,,,21.1,6.7,17.8,19.6,32.2,34.1,,42.1,73.0,19.8,50.5,16.4,45.7,5.7,32.6,MS,Claiborne,8617,28021,Claiborne County,Mississippi,0.819,0.9714,0.0137,0.9924,0.9427,9044.0,2025,2022,21.1,43.6,6.7,14.2,23.3,8.0,10.7,35.8,39.9,29.9,30.6,,20.8,22.9,40.9,2023,1,Critical
28023,12.3,28.0,14.4,42.7,65.0,6.5,10.3,,6.7,79.7,84.0,55.2,8.5,,,19.8,8.3,21.6,14.0,25.7,33.9,,33.5,74.2,19.3,38.9,15.3,38.5,4.2,23.7,MS,Clarke,15228,28023,Clarke County,Mississippi,0.8021,0.8759,0.9087,0.7521,0.3156,15553.0,2025,2022,19.7,38.9,7.5,11.3,18.1,5.4,7.2,29.9,25.3,16.2,19.4,,13.5,13.2,37.6,2023,3,High
28025,13.5,28.0,12.7,45.8,67.1,5.8,10.7,,6.9,81.7,84.5,53.2,8.7,,,19.7,7.0,18.9,16.0,27.7,34.1,,37.3,75.6,19.2,47.9,15.6,43.2,4.7,24.7,MS,Clay,18206,28025,Clay County,Mississippi,0.7913,0.9825,0.2879,0.93,0.3649,18598.0,2025,2022,20.0,39.2,7.0,12.3,19.7,6.3,8.4,33.9,30.9,21.3,23.6,,16.2,16.8,38.6,2023,1,Critical
28027,15.6,30.0,10.9,50.7,69.2,5.2,11.5,,7.7,83.0,84.0,51.4,9.8,,,22.0,5.8,18.4,19.5,32.7,35.6,,42.1,74.0,20.1,47.1,17.1,47.0,5.7,27.3,MS,Coahoma,20077,28027,Coahoma County,Mississippi,0.9895,0.9933,0.9045,0.9822,0.8896,21264.0,2025,2022,21.8,43.7,7.2,14.6,23.6,8.2,11.0,34.4,39.3,30.5,29.8,,20.9,22.5,38.8,2023,1,Critical
28029,13.0,27.5,13.4,44.1,66.5,6.1,10.4,,6.7,80.8,84.6,56.3,8.2,,,18.6,8.1,19.7,15.3,26.5,33.2,,36.1,73.8,18.8,42.4,15.0,42.1,4.4,28.7,MS,Copiah,27664,28029,Copiah County,Mississippi,0.7976,0.8034,0.3719,0.9017,0.8148,28210.0,2025,2022,19.2,39.2,7.2,11.4,18.7,5.8,7.8,31.8,27.7,18.3,21.8,,14.7,15.1,38.4,2023,1,Critical
28031,12.1,26.7,14.5,42.1,65.1,6.5,10.2,,6.4,80.0,84.6,55.1,7.8,,,18.2,8.5,19.9,13.3,23.7,33.5,,33.8,72.5,18.6,40.4,14.3,39.2,4.0,24.8,MS,Covington,18059,28031,Covington County,Mississippi,0.7674,0.8947,0.6678,0.7894,0.3758,18323.0,2025,2022,18.6,36.8,7.3,10.4,16.8,4.9,6.6,30.2,23.5,14.2,18.3,,12.5,11.9,37.7,2023,3,High
28033,10.0,24.6,15.6,38.2,64.0,6.6,9.6,,5.2,80.3,86.8,62.7,5.8,,,13.8,11.9,19.9,11.4,19.0,33.3,,27.5,74.1,16.8,36.9,12.0,37.9,3.2,15.8,MS,DeSoto,193247,28033,DeSoto County,Mississippi,0.3563,0.3847,0.51,0.7859,0.1289,186214.0,2025,2022,15.5,32.2,6.3,8.0,13.5,3.6,4.9,28.5,17.2,8.6,14.5,,9.3,9.0,36.5,2023,2,Moderate
28035,11.0,27.3,14.9,41.0,65.8,6.6,10.0,,6.2,80.2,85.5,58.7,7.5,,,16.6,9.6,20.6,13.5,22.7,32.9,,30.6,76.0,18.1,37.6,14.0,39.7,3.9,17.3,MS,Forrest,78208,28035,Forrest County,Mississippi,0.9497,0.923,0.7346,0.8101,0.9758,77917.0,2025,2022,17.8,36.8,7.1,9.9,16.4,4.8,6.5,27.6,23.2,13.7,17.6,,12.1,12.1,35.5,2023,3,High
28037,12.8,28.4,14.6,43.7,65.6,6.6,10.4,,7.2,79.4,83.5,56.7,9.1,,,20.7,7.7,20.9,14.6,26.6,35.2,,36.1,69.3,19.5,40.6,15.6,38.5,4.4,21.4,MS,Franklin,7610,28037,Franklin County,Mississippi,0.5787,0.5568,0.915,0.7537,0.1597,7690.0,2025,2022,20.2,39.9,8.0,11.9,18.9,5.8,7.7,29.7,26.8,17.8,20.2,,14.2,14.2,38.1,2023,1,Critical
28039,11.6,26.5,16.9,37.3,61.9,7.2,9.5,,6.4,77.0,83.5,55.5,7.9,,,18.2,9.3,21.9,11.7,22.0,34.2,,31.0,71.6,18.5,36.9,14.3,34.6,3.5,19.9,MS,George,25619,28039,George County,Mississippi,0.8384,0.9045,0.728,0.3961,0.7591,24547.0,2025,2022,18.5,36.6,8.0,9.7,15.4,4.2,5.7,26.8,18.1,10.1,13.7,,10.0,8.8,35.8,2023,3,High
28041,13.4,26.5,16.0,41.5,62.7,6.7,9.3,,6.7,77.8,82.8,53.8,8.2,,,19.5,7.8,20.0,13.1,24.1,34.3,,33.1,70.6,18.2,41.9,14.6,38.0,3.9,20.4,MS,Greene,13601,28041,Greene County,Mississippi,0.7776,0.888,0.1308,0.6538,0.8969,13672.0,2025,2022,18.8,38.1,7.9,10.1,16.7,4.8,6.4,31.1,22.0,12.3,16.8,,11.7,11.0,37.2,2023,3,High
28043,12.7,27.2,13.7,43.3,66.4,6.3,10.4,,6.7,79.2,84.1,55.8,8.4,,,19.0,7.7,20.1,14.7,25.9,33.8,,35.4,71.3,18.9,46.1,14.9,42.7,4.3,24.8,MS,Grenada,21065,28043,Grenada County,Mississippi,0.8492,0.9093,0.6885,0.8616,0.6306,21474.0,2025,2022,19.3,38.5,7.3,11.2,18.2,5.5,7.4,30.4,26.6,17.2,20.4,,14.0,13.9,38.4,2023,1,Critical
28045,10.4,25.8,17.0,35.9,61.8,7.2,9.4,,5.9,77.6,84.6,56.5,6.9,,,16.0,8.7,21.1,10.8,19.6,34.3,,29.0,72.5,18.0,37.0,13.3,36.4,3.2,12.3,MS,Hancock,46159,28045,Hancock County,Mississippi,0.4776,0.5959,0.4343,0.4445,0.3236,46010.0,2025,2022,16.9,34.1,7.5,8.7,13.9,3.7,5.1,25.5,15.8,8.4,12.8,,9.0,8.0,34.0,2023,2,Moderate
28047,11.5,25.0,15.0,39.0,63.1,6.7,9.7,,6.1,79.9,84.9,55.2,7.0,,,16.5,9.6,21.6,12.3,22.0,34.8,,34.1,71.3,18.2,36.6,13.7,41.1,3.5,14.8,MS,Harrison,210612,28047,Harrison County,Mississippi,0.9182,0.9246,0.9093,0.756,0.7525,208748.0,2025,2022,17.6,36.4,7.3,9.3,15.5,4.3,5.9,28.7,20.3,11.3,15.5,,10.9,10.1,36.5,2023,3,High
28049,11.4,25.7,12.7,45.7,67.7,5.4,10.6,,6.1,82.6,86.6,55.8,7.0,,,16.5,7.9,17.6,15.3,25.0,34.0,,34.2,77.4,17.9,44.6,13.7,44.1,4.4,21.1,MS,Hinds,214870,28049,Hinds County,Mississippi,0.9154,0.9437,0.5686,0.9771,0.8638,226541.0,2025,2022,17.4,36.3,5.9,10.7,17.9,5.6,7.5,33.6,28.3,18.1,22.9,,14.8,15.9,39.2,2023,1,Critical
28051,16.1,31.1,10.6,53.1,69.9,5.0,11.6,,8.0,83.1,83.3,54.0,10.4,,,23.5,5.4,18.3,21.0,34.8,34.9,,44.4,74.9,20.4,51.5,17.5,44.2,6.2,39.0,MS,Holmes,15777,28051,Holmes County,Mississippi,0.992,0.994,0.875,0.9879,0.945,16848.0,2025,2022,22.7,45.3,7.3,15.5,24.7,9.0,11.9,37.8,43.0,33.9,32.5,,22.5,24.8,43.8,2023,1,Critical
28053,16.8,30.5,10.6,52.4,69.3,5.2,11.8,,8.3,82.5,82.9,52.7,11.1,,,24.1,5.0,19.5,20.6,36.0,34.5,,46.2,72.6,20.8,53.0,18.1,45.0,6.2,31.8,MS,Humphreys,7216,28053,Humphreys County,Mississippi,0.9787,0.9997,0.9297,0.9815,0.5927,7744.0,2025,2022,23.3,46.3,7.6,16.1,25.4,9.3,12.3,36.2,43.6,34.8,32.1,,23.0,24.8,41.6,2023,1,Critical
28055,20.0,27.9,13.2,48.9,66.6,5.5,9.9,,8.0,79.0,81.1,54.7,10.0,,,24.0,6.0,17.1,17.8,33.1,34.7,,42.1,72.4,19.0,47.3,17.0,43.7,5.4,29.6,MS,Issaquena,1256,28055,Issaquena County,Mississippi,0.9539,0.9879,0.0767,0.9682,0.9994,1206.0,2025,2022,22.1,44.2,8.2,13.3,22.2,7.5,10.1,37.2,36.9,24.6,27.2,,18.8,18.5,39.9,2023,1,Critical
28057,10.9,26.6,16.8,37.2,61.1,7.3,9.6,,6.0,77.8,84.3,57.6,7.3,,,17.1,9.6,21.8,10.8,20.1,35.1,,31.1,69.3,18.4,37.0,13.8,33.1,3.3,13.0,MS,Itawamba,24093,28057,Itawamba County,Mississippi,0.2463,0.3446,0.0773,0.328,0.4251,23888.0,2025,2022,17.8,34.4,7.5,9.0,14.5,3.8,5.1,26.7,16.1,8.3,12.5,,9.1,7.8,36.4,2023,2,Moderate
28059,11.6,25.3,16.7,40.8,63.1,6.8,9.5,,5.8,79.3,85.1,59.1,6.7,,,15.5,10.5,20.4,12.8,20.3,33.5,,29.4,73.5,17.6,40.5,13.0,38.2,3.4,14.4,MS,Jackson,146389,28059,Jackson County,Mississippi,0.8288,0.8533,0.929,0.7066,0.4442,143721.0,2025,2022,16.7,33.9,7.0,8.7,14.9,4.0,5.5,27.6,18.4,9.6,14.9,,10.0,9.1,36.6,2023,3,High
28061,13.0,27.6,13.4,44.3,66.3,6.0,10.4,,6.7,80.9,84.5,56.7,8.1,,,19.4,7.8,19.3,15.2,26.1,33.7,,38.1,75.7,19.1,45.2,14.9,39.9,4.4,22.0,MS,Jasper,16013,28061,Jasper County,Mississippi,0.6281,0.5227,0.7591,0.8969,0.4139,16320.0,2025,2022,19.3,38.5,7.1,11.3,18.5,5.6,7.6,32.6,28.2,18.1,21.7,,14.5,14.9,38.4,2023,1,Critical
28063,15.6,28.8,11.0,52.2,69.5,4.9,11.3,,7.6,82.9,83.9,55.1,9.6,,,22.1,6.2,17.3,19.8,33.2,34.6,,43.3,71.7,19.8,51.7,16.7,43.9,5.8,29.7,MS,Jefferson,6941,28063,Jefferson County,Mississippi,0.8991,0.9084,0.5822,0.9901,0.8619,7207.0,2025,2022,21.3,43.7,6.8,14.3,23.5,8.2,11.0,36.4,40.4,30.2,30.3,,20.8,22.5,40.2,2023,1,Critical
28065,13.6,28.3,12.4,47.1,67.8,5.7,10.9,,7.1,81.5,84.1,56.8,9.0,,,21.0,7.4,19.3,16.8,28.7,34.4,,38.8,73.7,19.7,45.8,15.7,41.6,5.0,22.4,MS,Jefferson Davis,10969,28065,Jefferson Davis County,Mississippi,0.8743,0.9749,0.6831,0.9332,0.4903,11291.0,2025,2022,20.4,40.4,7.2,12.7,20.6,6.6,8.9,33.4,33.1,23.1,25.2,,17.1,18.0,40.8,2023,1,Critical
28067,12.4,27.2,14.4,42.4,65.0,6.7,10.0,,6.6,79.3,84.2,54.8,8.0,,,18.2,9.9,20.7,13.6,23.7,34.7,,35.1,75.2,18.1,41.9,14.5,32.2,3.9,16.2,MS,Jones,66250,28067,Jones County,Mississippi,0.791,0.6666,0.916,0.7321,0.6319,67152.0,2025,2022,18.5,37.2,7.6,10.6,17.1,5.0,6.7,29.2,22.7,13.9,17.7,,12.5,11.9,37.5,2023,3,High
28069,13.2,27.3,13.1,46.0,67.0,5.7,10.6,,6.8,81.1,84.7,54.4,8.0,,,19.3,7.7,18.2,15.8,27.1,33.9,,36.6,74.8,18.7,45.6,14.9,40.3,4.6,18.4,MS,Kemper,8584,28069,Kemper County,Mississippi,0.95,0.9615,0.7054,0.9472,0.8998,8980.0,2025,2022,19.4,39.6,7.0,11.5,19.0,6.0,8.0,33.8,29.7,19.1,23.0,,15.6,15.9,39.4,2023,1,Critical
28071,9.5,25.9,17.1,37.0,64.6,6.9,9.5,,5.8,79.9,85.9,58.1,6.6,,,14.6,10.7,20.0,11.8,19.1,34.5,,28.1,74.9,16.6,37.0,12.7,35.8,3.4,17.7,MS,Lafayette,58467,28071,Lafayette County,Mississippi,0.4391,0.5686,0.0057,0.6656,0.8578,56172.0,2025,2022,16.0,32.8,6.9,8.6,14.2,4.0,5.3,25.3,16.9,9.8,13.7,,9.7,9.3,34.0,2023,2,Moderate
28073,9.7,25.5,15.9,38.0,63.4,7.2,9.4,,5.7,80.1,85.9,58.1,6.4,,,14.8,10.1,21.7,11.2,19.2,34.5,,28.7,70.5,16.8,38.5,12.5,38.7,3.2,14.3,MS,Lamar,66217,28073,Lamar County,Mississippi,0.6032,0.6662,0.637,0.6373,0.3627,64425.0,2025,2022,16.0,33.2,6.9,8.4,14.0,3.7,5.1,25.8,16.3,9.0,13.4,,9.3,8.7,33.7,2023,2,Moderate
28075,12.4,27.6,13.8,43.1,66.6,6.3,10.4,,6.7,80.3,84.8,56.9,8.2,,,19.0,8.1,19.6,14.1,24.9,33.2,,34.3,74.8,18.7,42.3,14.8,42.2,4.3,18.8,MS,Lauderdale,70527,28075,Lauderdale County,Mississippi,0.959,0.9249,0.8097,0.8638,0.9612,72741.0,2025,2022,18.9,38.1,7.3,11.2,18.0,5.5,7.4,30.3,26.2,16.8,20.5,,14.0,13.9,37.0,2023,1,Critical
28077,14.4,28.4,14.2,44.4,65.2,6.4,10.6,,7.4,79.2,82.5,53.4,9.7,,,22.1,6.6,21.8,15.2,28.4,33.6,,39.0,70.0,20.2,46.1,16.5,40.2,4.6,22.8,MS,Lawrence,11741,28077,Lawrence County,Mississippi,0.8505,0.9405,0.9596,0.735,0.2479,11933.0,2025,2022,21.5,42.2,8.3,12.7,19.9,6.2,8.3,31.2,28.7,19.4,20.9,,15.0,14.5,38.7,2023,1,Critical
28079,14.1,27.4,14.3,43.6,65.4,6.2,10.4,,6.8,79.7,83.9,55.2,8.3,,,19.6,7.5,19.9,14.5,26.5,33.9,,36.8,74.2,19.1,42.8,15.5,40.8,4.3,23.5,MS,Leake,21258,28079,Leake County,Mississippi,0.9574,0.8692,0.9695,0.882,0.8606,21335.0,2025,2022,19.7,40.2,7.6,11.4,18.7,5.6,7.7,31.5,27.5,17.1,21.3,,14.5,14.2,38.1,2023,1,Critical
28081,10.5,25.5,15.1,41.3,64.3,6.9,9.8,,5.7,80.2,85.9,56.8,6.6,,,15.5,9.2,20.5,12.3,20.7,34.7,,31.2,70.0,17.3,36.3,13.0,36.1,3.4,10.2,MS,Lee,82799,28081,Lee County,Mississippi,0.7455,0.6758,0.7016,0.7391,0.6815,83343.0,2025,2022,17.0,34.1,6.7,8.8,14.3,3.9,5.4,28.4,18.6,9.8,14.7,,10.0,9.5,38.6,2023,3,High
28083,15.0,29.1,11.9,49.2,69.5,5.3,11.3,,7.5,83.2,84.2,52.0,9.6,,,21.6,5.2,18.0,19.0,32.1,34.8,,41.1,74.0,19.5,43.9,16.7,42.8,5.6,30.3,MS,Leflore,26378,28083,Leflore County,Mississippi,0.9411,0.9962,0.5485,0.9806,0.763,27920.0,2025,2022,21.5,43.0,7.1,14.3,23.0,7.9,10.6,34.2,38.4,29.0,28.8,,20.0,21.5,39.6,2023,1,Critical
28085,11.5,26.1,14.9,40.6,63.9,6.7,10.0,,6.4,78.7,84.2,55.1,7.8,,,18.1,7.9,20.6,13.1,23.2,34.2,,33.4,68.0,18.6,40.1,14.4,38.1,3.9,19.5,MS,Lincoln,34702,28085,Lincoln County,Mississippi,0.6042,0.6551,0.2739,0.7019,0.6252,34855.0,2025,2022,18.8,36.8,7.3,10.4,16.7,4.8,6.5,28.0,21.9,13.4,17.2,,11.9,11.5,36.7,2023,3,High
28087,11.2,25.4,13.9,41.9,66.0,6.3,10.1,,6.0,80.5,85.5,59.3,7.1,,,16.5,9.2,19.5,13.6,22.8,32.8,,32.3,77.2,17.7,37.9,13.5,40.8,3.9,15.6,MS,Lowndes,57283,28087,Lowndes County,Mississippi,0.7521,0.8559,0.3522,0.8718,0.5787,58547.0,2025,2022,17.6,36.4,6.6,9.9,16.5,4.8,6.4,29.7,22.8,13.8,17.9,,12.3,12.1,37.3,2023,3,High
28089,8.4,23.0,15.3,37.1,64.4,6.6,9.3,,4.9,81.1,87.8,61.5,5.1,,,11.9,12.9,18.2,10.8,16.9,31.5,,25.6,77.0,15.4,36.0,10.8,33.4,3.0,8.4,MS,Madison,112511,28089,Madison County,Mississippi,0.3554,0.2937,0.3656,0.8323,0.2883,109257.0,2025,2022,13.9,29.4,5.7,7.2,12.1,3.3,4.5,25.5,14.6,7.7,12.8,,8.6,8.1,35.1,2023,2,Moderate
28091,13.3,28.8,14.6,43.1,64.8,6.5,10.4,,7.0,79.2,83.3,52.9,9.0,,,20.9,7.0,21.3,14.4,26.6,34.2,,35.7,70.2,19.4,43.6,15.7,40.9,4.3,25.6,MS,Marion,24224,28091,Marion County,Mississippi,0.8928,0.9847,0.6004,0.7423,0.6879,24362.0,2025,2022,20.6,40.6,7.9,11.8,18.9,5.7,7.6,30.8,26.8,17.0,19.9,,14.0,13.5,38.3,2023,1,Critical
28093,14.9,28.6,13.3,44.9,66.8,6.1,10.5,,7.1,80.2,83.5,51.3,8.9,,,20.8,7.6,20.1,15.7,28.2,34.8,,36.9,71.4,19.5,42.1,16.0,41.8,4.6,23.2,MS,Marshall,34123,28093,Marshall County,Mississippi,0.8699,0.8832,0.7133,0.8848,0.7388,33980.0,2025,2022,20.5,41.6,7.7,12.2,19.7,6.1,8.4,32.3,29.7,19.4,22.6,,15.5,15.3,40.1,2023,1,Critical
28095,12.3,26.9,14.3,42.1,65.1,6.6,10.1,,6.5,79.6,84.0,57.7,8.2,,,19.3,8.5,20.9,13.5,25.1,35.0,,36.4,74.8,19.4,42.9,15.0,40.1,4.0,22.7,MS,Monroe,33609,28095,Monroe County,Mississippi,0.6163,0.7512,0.5457,0.7066,0.3054,34168.0,2025,2022,19.6,39.7,7.5,10.8,17.9,5.0,6.8,30.3,23.7,14.2,17.8,,12.3,11.8,37.2,2023,3,High
28097,13.5,28.1,14.1,44.3,66.4,6.3,10.5,,7.2,80.3,83.5,50.7,9.0,,,20.3,6.4,20.0,15.3,27.7,34.7,,37.7,68.6,19.6,43.8,15.7,40.5,4.6,37.2,MS,Montgomery,9600,28097,Montgomery County,Mississippi,0.9599,0.9774,0.8428,0.8591,0.8295,9803.0,2025,2022,20.2,39.9,7.7,12.2,19.5,6.1,8.2,31.3,28.8,19.5,21.7,,15.1,15.0,37.7,2023,1,Critical
28099,13.2,28.7,15.4,41.2,64.5,6.7,10.8,,7.2,78.8,82.9,52.9,9.2,,,21.7,6.7,22.0,14.5,27.1,34.5,,36.9,72.1,20.2,43.4,16.2,38.4,4.3,22.1,MS,Neshoba,28789,28099,Neshoba County,Mississippi,0.9402,0.9087,0.8902,0.804,0.8893,28970.0,2025,2022,21.0,39.7,8.5,12.1,18.8,5.6,7.9,30.8,26.9,17.1,19.7,,14.7,13.4,38.6,2023,1,Critical
28101,12.2,27.3,14.3,41.3,64.3,6.5,10.3,,6.7,79.1,83.9,53.7,8.3,,,19.4,7.4,20.9,13.7,24.9,33.7,,33.4,70.2,19.2,41.5,15.0,39.4,4.1,24.1,MS,Newton,21019,28101,Newton County,Mississippi,0.6793,0.6882,0.6411,0.7922,0.4747,21275.0,2025,2022,19.4,38.2,7.6,11.0,17.7,5.2,7.1,29.6,24.8,15.1,18.7,,13.3,12.7,36.6,2023,3,High
28103,15.7,28.5,11.5,47.7,68.0,5.2,11.2,,7.3,81.4,83.5,54.8,9.4,,,21.9,6.5,18.7,18.0,31.5,33.2,,40.6,75.9,20.0,46.5,16.7,43.4,5.4,25.3,MS,Noxubee,9914,28103,Noxubee County,Mississippi,0.964,0.9946,0.9653,0.973,0.4919,10261.0,2025,2022,21.7,43.2,7.1,13.8,22.5,7.5,10.1,35.4,37.3,26.7,28.2,,19.1,20.0,40.9,2023,1,Critical
28105,10.4,27.7,14.5,42.1,66.7,6.3,9.8,,6.5,80.6,85.4,55.6,7.4,,,15.6,7.9,19.0,13.9,21.9,33.1,,30.8,75.5,17.1,39.6,13.4,38.9,4.0,19.2,MS,Oktibbeha,51203,28105,Oktibbeha County,Mississippi,0.6939,0.8463,0.0407,0.819,0.812,51388.0,2025,2022,16.8,34.5,7.1,9.9,16.6,5.0,6.8,26.1,21.0,14.2,17.0,,12.2,12.4,33.9,2023,3,High
28107,13.7,28.5,13.3,44.5,66.7,6.2,10.8,,7.1,80.5,84.0,52.3,9.1,,,20.8,7.1,20.8,15.6,28.2,34.1,,38.4,72.2,19.7,46.4,15.8,39.5,4.7,19.7,MS,Panola,32669,28107,Panola County,Mississippi,0.8626,0.9771,0.6615,0.8851,0.455,33157.0,2025,2022,20.5,41.7,7.7,12.4,20.1,6.3,8.4,32.1,30.3,20.9,23.0,,15.7,16.2,37.5,2023,1,Critical
28109,11.7,27.3,16.2,37.6,62.7,7.0,9.7,,6.3,78.1,83.8,54.6,7.7,,,18.1,9.8,22.1,11.8,22.2,34.0,,31.4,70.9,18.6,38.1,14.3,40.0,3.5,17.2,MS,Pearl River,57978,28109,Pearl River County,Mississippi,0.6907,0.7604,0.8422,0.5231,0.3417,56351.0,2025,2022,18.5,36.8,7.8,9.7,15.5,4.2,5.8,27.7,19.2,10.2,14.6,,10.3,9.3,37.0,2023,3,High
28111,12.1,27.5,15.6,41.5,63.2,6.9,10.0,,6.7,78.9,83.2,51.2,8.6,,,20.0,6.9,22.2,13.4,24.3,35.5,,34.7,70.1,19.5,43.6,15.1,38.8,4.0,24.7,MS,Perry,11315,28111,Perry County,Mississippi,0.6914,0.7846,0.7159,0.5679,0.4057,11511.0,2025,2022,19.6,38.8,8.0,10.8,17.0,4.9,6.6,28.8,22.0,13.5,16.7,,11.9,11.2,36.6,2023,3,High
28113,14.0,28.3,12.5,46.5,66.6,5.9,10.9,,7.1,81.8,84.0,55.6,9.1,,,21.0,6.6,20.0,16.3,28.5,34.1,,37.7,70.4,19.8,46.5,15.8,43.8,4.8,23.6,MS,Pike,39394,28113,Pike County,Mississippi,0.9812,0.979,0.7922,0.9077,0.9733,40098.0,2025,2022,20.6,39.7,7.3,12.6,20.0,6.5,8.7,32.2,31.6,22.0,24.2,,16.6,16.8,39.6,2023,1,Critical
28115,12.8,27.0,15.9,39.2,62.6,6.9,9.8,,6.3,77.7,83.9,56.4,7.8,,,17.9,9.7,21.3,12.2,23.4,34.2,,33.5,73.2,18.6,38.8,14.3,35.8,3.6,20.3,MS,Pontotoc,31535,28115,Pontotoc County,Mississippi,0.6087,0.5679,0.8804,0.6077,0.3035,31202.0,2025,2022,18.6,37.0,7.6,9.9,15.8,4.4,6.0,27.9,20.1,10.8,15.4,,10.6,9.6,36.7,2023,3,High
28117,11.4,26.4,15.6,39.1,63.2,7.1,9.9,,6.4,78.3,83.8,53.5,8.1,,,18.5,9.0,22.3,12.3,23.0,34.7,,33.2,74.0,18.8,41.3,14.5,37.7,3.6,20.8,MS,Prentiss,25135,28117,Prentiss County,Mississippi,0.6993,0.6303,0.7744,0.5317,0.6389,24945.0,2025,2022,18.9,37.2,7.8,10.1,16.0,4.5,6.0,27.9,19.6,11.2,14.9,,10.8,9.8,35.5,2023,3,High
28119,16.0,29.9,11.1,50.6,69.2,5.3,11.7,,7.9,82.1,83.1,49.6,10.6,,,23.7,5.6,19.1,19.5,33.9,34.2,,43.8,71.1,20.7,51.1,17.6,44.9,5.9,33.0,MS,Quitman,5546,28119,Quitman County,Mississippi,0.9551,0.9959,0.4645,0.9749,0.8867,6113.0,2025,2022,22.8,45.2,7.5,15.4,24.4,8.6,11.4,34.8,40.7,31.8,30.4,,21.4,23.0,39.8,2023,1,Critical
28121,9.1,24.9,16.8,37.5,62.4,7.0,9.2,,5.1,79.4,86.8,59.1,5.6,,,13.1,11.5,19.8,10.7,17.5,34.5,,26.3,77.2,16.2,36.4,11.7,38.8,2.9,11.9,MS,Rankin,160417,28121,Rankin County,Mississippi,0.3732,0.3166,0.3436,0.636,0.4225,157185.0,2025,2022,15.1,30.7,6.3,7.5,12.6,3.3,4.4,26.8,14.7,7.3,12.0,,8.3,7.6,36.2,2023,2,Moderate
28123,17.2,28.1,13.5,42.8,65.3,6.1,10.4,,7.3,79.0,82.9,54.4,9.1,,,20.7,6.9,20.6,15.8,28.7,34.9,,39.8,74.6,19.7,43.2,16.5,39.9,4.6,26.6,MS,Scott,27507,28123,Scott County,Mississippi,0.9217,0.8877,0.9936,0.8769,0.5177,27943.0,2025,2022,21.3,41.9,8.0,12.4,20.2,6.3,8.7,32.1,30.7,19.6,23.0,,15.8,15.3,39.0,2023,1,Critical
28125,16.5,29.8,10.9,51.2,69.2,5.2,11.5,,8.1,82.0,83.1,50.8,10.5,,,23.5,4.9,18.8,19.6,34.3,34.3,,44.3,72.7,20.6,50.5,17.5,46.1,5.9,29.6,MS,Sharkey,3336,28125,Sharkey County,Mississippi,0.9838,0.9854,0.8027,0.9707,0.9494,3910.0,2025,2022,22.6,44.9,7.7,15.1,24.2,8.5,11.4,35.4,41.5,32.4,30.6,,21.6,23.1,40.0,2023,1,Critical
28127,12.5,26.8,14.9,40.9,64.4,6.5,10.2,,6.3,79.5,84.3,55.5,7.9,,,18.5,8.7,20.6,13.2,23.8,34.2,,33.5,76.6,18.9,40.1,14.4,36.2,3.9,21.3,MS,Simpson,25715,28127,Simpson County,Mississippi,0.7808,0.8632,0.8186,0.7668,0.3583,25889.0,2025,2022,19.0,37.6,7.2,10.5,16.9,4.9,6.6,30.4,23.4,13.7,18.2,,12.3,11.7,38.3,2023,3,High
28129,13.1,27.7,14.8,42.3,64.0,6.8,10.3,,6.9,78.6,82.9,55.1,9.0,,,20.6,7.5,22.2,13.5,25.6,35.0,,35.5,72.3,19.7,43.8,15.4,40.7,4.1,25.4,MS,Smith,14099,28129,Smith County,Mississippi,0.7251,0.6293,0.8708,0.6249,0.5504,14310.0,2025,2022,20.4,39.5,8.0,11.5,17.9,5.3,7.1,29.1,24.6,15.1,18.1,,12.7,12.1,37.4,2023,3,High
28131,11.4,26.5,16.2,39.7,62.3,7.0,9.8,,6.3,78.6,84.2,55.1,7.6,,,17.7,8.5,21.6,12.1,22.0,34.0,,32.4,72.4,18.4,41.3,14.0,38.5,3.6,18.6,MS,Stone,18756,28131,Stone County,Mississippi,0.8587,0.8355,0.6157,0.5892,0.9408,18360.0,2025,2022,18.2,36.2,7.6,9.6,15.5,4.3,5.7,28.8,19.1,10.5,15.0,,10.5,9.7,36.4,2023,3,High
28133,16.5,28.3,12.4,49.5,68.6,5.2,10.8,,7.6,82.0,83.0,56.8,9.5,,,21.9,6.3,17.2,18.3,31.9,34.0,,41.5,73.3,19.2,48.9,16.5,42.3,5.5,29.2,MS,Sunflower,24468,28133,Sunflower County,Mississippi,0.9303,0.986,0.5068,0.9777,0.8091,25867.0,2025,2022,21.4,43.6,7.3,13.5,22.4,7.7,10.2,36.0,37.2,26.4,27.7,,19.2,19.9,40.2,2023,1,Critical
28135,16.0,28.0,13.2,48.0,67.1,5.7,10.3,,7.4,80.1,82.9,51.4,9.2,,,21.2,6.1,18.8,17.0,29.9,35.4,,39.8,73.3,18.8,45.1,16.2,43.4,5.0,27.7,MS,Tallahatchie,11837,28135,Tallahatchie County,Mississippi,0.9141,0.9809,0.5336,0.9437,0.7639,12621.0,2025,2022,20.6,41.5,7.6,12.5,20.9,6.8,9.1,34.5,32.6,22.1,24.8,,17.0,17.5,39.0,2023,1,Critical
28137,11.6,26.5,15.7,39.0,63.6,6.6,9.8,,6.1,79.1,84.7,55.0,7.2,,,17.0,9.1,20.5,12.5,22.5,34.7,,32.1,68.9,18.1,36.4,13.9,38.5,3.6,19.1,MS,Tate,28261,28137,Tate County,Mississippi,0.8915,0.951,0.5724,0.7321,0.84,28094.0,2025,2022,17.9,35.6,7.1,9.7,15.9,4.4,5.9,29.4,20.8,11.7,16.5,,11.1,10.5,37.9,2023,3,High
28139,12.9,27.6,15.4,39.7,63.4,7.0,9.9,,6.7,78.6,83.2,50.5,8.5,,,19.2,8.5,22.1,13.1,24.1,34.7,,34.8,69.0,19.3,43.5,15.2,38.5,3.9,26.6,MS,Tippah,21287,28139,Tippah County,Mississippi,0.8839,0.924,0.9061,0.574,0.6815,21769.0,2025,2022,19.6,38.1,8.0,10.8,17.2,4.9,6.6,27.5,22.0,13.1,16.4,,11.8,10.8,35.7,2023,3,High
28141,12.2,28.4,16.5,38.2,62.0,7.4,9.8,,6.8,77.4,82.7,50.5,8.7,,,19.5,9.4,23.5,11.9,23.2,35.0,,33.1,67.0,19.2,39.4,15.3,36.1,3.7,19.8,MS,Tishomingo,18507,28141,Tishomingo County,Mississippi,0.7467,0.8094,0.9465,0.2485,0.4073,18837.0,2025,2022,19.6,37.7,8.4,10.5,16.5,4.6,6.1,26.2,19.3,11.1,14.0,,10.5,9.2,34.8,2023,3,High
28143,16.5,29.7,10.7,51.2,69.5,5.2,11.7,,8.0,82.7,83.4,51.1,10.5,,,23.6,5.3,18.7,19.9,34.7,34.3,,44.8,72.9,20.7,50.8,17.6,46.4,5.9,31.2,MS,Tunica,9234,28143,Tunica County,Mississippi,0.9602,0.9952,0.2943,0.9838,0.9666,9787.0,2025,2022,22.8,45.2,7.5,15.4,24.5,8.7,11.7,35.5,42.7,33.3,31.7,,22.1,23.8,40.4,2023,1,Critical
28145,13.2,26.8,15.6,39.4,62.4,7.1,9.8,,6.4,77.7,83.3,57.5,8.2,,,18.8,10.6,22.0,12.3,23.5,36.5,,32.4,71.8,18.8,41.5,15.0,32.4,3.7,22.7,MS,Union,28284,28145,Union County,Mississippi,0.6977,0.6109,0.9306,0.5727,0.4403,27880.0,2025,2022,19.2,37.7,7.9,10.3,16.3,4.6,6.3,28.4,20.9,11.7,15.8,,11.2,10.0,36.9,2023,3,High
28147,13.6,28.0,14.3,43.7,65.2,6.2,10.5,,6.8,79.6,83.5,54.3,8.6,,,19.8,8.1,20.3,14.4,26.9,34.8,,35.8,74.0,19.4,43.2,15.5,38.6,4.3,22.6,MS,Walthall,13863,28147,Walthall County,Mississippi,0.8982,0.936,0.9577,0.8543,0.4448,13888.0,2025,2022,20.1,39.6,7.4,11.6,18.7,5.6,7.5,32.0,27.5,17.1,20.8,,14.2,13.8,40.0,2023,1,Critical
28149,11.0,26.1,14.1,41.5,65.8,6.1,10.2,,5.9,81.1,85.9,58.1,6.9,,,16.4,9.4,19.1,13.5,22.4,32.9,,31.5,73.8,17.5,43.8,13.3,38.2,3.9,17.9,MS,Warren,42298,28149,Warren County,Mississippi,0.8279,0.7496,0.9386,0.8858,0.5285,44341.0,2025,2022,17.2,35.4,6.4,9.7,16.2,4.7,6.3,29.7,23.1,13.8,18.5,,12.3,12.3,35.9,2023,3,High
28151,15.0,28.9,11.1,49.4,68.4,5.3,11.3,,7.3,81.6,84.1,54.7,9.4,,,21.2,7.4,17.7,17.6,31.2,33.0,,39.4,71.2,19.6,44.2,16.3,42.8,5.4,23.5,MS,Washington,41946,28151,Washington County,Mississippi,0.9971,0.9965,0.9784,0.9758,0.8836,44604.0,2025,2022,21.1,41.1,7.0,13.9,21.9,7.6,10.1,34.1,37.3,27.9,28.1,,19.5,20.4,38.2,2023,1,Critical
28153,13.7,28.6,13.7,43.1,65.8,6.3,10.6,,7.1,79.6,83.3,54.2,9.1,,,20.6,8.2,20.6,15.0,27.3,34.1,,36.6,70.9,19.6,44.4,15.9,42.1,4.5,22.7,MS,Wayne,19703,28153,Wayne County,Mississippi,0.9119,0.9446,0.9739,0.8075,0.4607,19760.0,2025,2022,20.5,40.2,7.8,12.1,19.3,5.9,8.0,31.2,28.5,19.1,21.3,,14.9,14.8,38.9,2023,1,Critical
28155,11.2,25.8,15.6,38.3,62.0,6.9,9.7,,5.8,78.4,84.3,55.9,7.2,,,17.1,9.2,21.1,11.3,20.9,35.3,,30.6,72.3,17.9,36.3,13.6,35.8,3.4,13.0,MS,Webster,9988,28155,Webster County,Mississippi,0.6112,0.7919,0.6866,0.5542,0.2068,9942.0,2025,2022,17.8,35.1,7.1,9.2,14.9,4.0,5.4,27.2,17.9,9.6,14.0,,9.7,8.6,36.9,2023,3,High
28157,14.8,28.3,12.7,48.8,67.9,5.4,10.5,,7.3,81.4,83.7,54.5,8.9,,,21.2,5.9,17.5,17.6,30.2,34.3,,40.3,73.0,19.0,47.7,15.8,45.8,5.2,27.2,MS,Wilkinson,8058,28157,Wilkinson County,Mississippi,0.8349,0.8498,0.6446,0.9672,0.6497,8531.0,2025,2022,20.2,41.6,7.2,12.6,21.2,6.9,9.3,34.7,34.5,24.0,26.3,,17.9,18.9,38.8,2023,1,Critical
28159,13.7,28.9,13.0,44.8,66.2,6.1,10.4,,7.2,81.0,83.5,57.0,9.0,,,20.5,7.6,19.8,15.7,27.2,34.1,,36.0,71.5,19.4,42.0,15.5,39.7,4.6,25.3,MS,Winston,17416,28159,Winston County,Mississippi,0.8543,0.8591,0.8438,0.8734,0.6036,17741.0,2025,2022,20.1,39.8,7.6,12.1,19.7,6.1,8.2,31.2,29.7,19.9,21.9,,15.3,15.4,37.8,2023,1,Critical
28161,13.9,28.4,13.7,44.1,65.7,6.3,10.5,,7.1,79.2,82.9,52.3,9.2,,,21.3,7.6,20.7,15.0,27.6,34.7,,37.7,71.4,19.7,40.1,15.8,38.4,4.5,23.9,MS,Yalobusha,12386,28161,Yalobusha County,Mississippi,0.7429,0.7976,0.7725,0.8031,0.3799,12499.0,2025,2022,20.7,40.4,7.8,12.2,19.5,5.9,8.1,31.6,29.1,19.1,21.5,,14.9,14.8,38.2,2023,1,Critical
28163,18.3,28.5,12.9,48.6,67.3,5.7,10.4,,7.9,79.9,81.8,53.5,10.2,,,23.4,6.1,18.7,17.9,32.7,35.3,,42.3,72.9,19.6,50.2,17.1,42.1,5.3,32.4,MS,Yazoo,25796,28163,Yazoo County,Mississippi,0.9975,0.9968,0.8396,0.945,0.9952,27467.0,2025,2022,22.1,44.5,8.1,13.7,22.5,7.5,10.2,35.2,36.2,25.6,26.5,,18.8,18.9,39.9,2023,1,Critical
29001,8.8,26.4,17.1,33.0,59.0,7.6,10.8,,6.2,76.9,81.8,55.9,7.9,,,17.6,56.8,27.2,10.9,20.8,32.4,,29.8,70.9,19.0,38.9,14.4,39.4,3.3,22.1,MO,Adair,25122,29001,Adair County,Missouri,0.4006,0.6494,0.0143,0.342,0.6837,25299.0,2025,2022,18.7,35.5,8.0,9.8,14.7,3.9,5.1,19.2,14.6,12.4,12.8,,9.1,10.0,30.5,2023,2,Moderate
29003,8.1,24.9,18.9,32.3,57.3,7.6,10.4,,5.3,75.3,82.6,58.9,6.5,,,15.6,60.9,25.0,9.2,17.5,32.4,,25.5,77.8,18.2,35.8,12.9,37.5,2.8,15.2,MO,Andrew,18127,29003,Andrew County,Missouri,0.0169,0.097,0.048,0.1508,0.0248,18069.0,2025,2022,17.1,32.6,7.2,8.1,12.2,3.0,4.0,19.4,11.3,8.4,10.6,,7.2,7.7,30.7,2023,0,Low
29005,9.5,26.4,17.7,34.7,58.9,7.5,10.7,,6.3,75.7,80.9,55.9,8.2,,,18.8,56.4,27.0,10.9,21.3,32.2,,31.0,69.7,19.5,41.6,14.6,38.5,3.3,19.5,MO,Atchison,5107,29005,Atchison County,Missouri,0.2249,0.3347,0.5399,0.0757,0.1339,5270.0,2025,2022,19.4,36.8,8.1,10.0,14.9,3.9,5.1,20.4,14.9,12.5,12.8,,9.1,9.7,33.9,2023,2,Moderate
29007,10.4,27.3,17.5,34.6,59.4,7.3,11.4,,6.5,76.5,80.1,52.2,9.0,,,20.6,49.5,27.1,11.6,23.6,31.2,,33.2,70.0,20.9,39.9,15.9,41.7,3.6,21.2,MO,Audrain,24394,29007,Audrain County,Missouri,0.7105,0.6338,0.8062,0.3802,0.7079,24873.0,2025,2022,21.1,39.1,8.2,11.2,16.2,4.4,5.9,21.1,17.8,15.3,15.0,,10.5,11.4,33.1,2023,3,High
29009,12.8,27.2,17.5,34.0,58.7,7.1,10.8,,6.7,74.7,79.7,51.4,8.9,,,20.7,53.5,26.0,11.6,24.4,32.9,,34.4,70.3,20.1,37.7,16.0,37.6,3.5,19.1,MO,Barry,35265,29009,Barry County,Missouri,0.5768,0.672,0.749,0.5094,0.2568,34701.0,2025,2022,21.1,39.6,8.6,10.9,16.5,4.4,6.0,21.5,18.8,15.1,15.4,,10.7,11.0,34.9,2023,3,High
29011,11.5,28.0,17.1,35.6,59.2,7.4,11.3,,7.1,75.4,79.1,52.4,9.9,,,22.2,50.6,27.1,12.0,25.3,33.2,,33.8,70.7,20.9,40.8,16.7,39.8,3.8,23.0,MO,Barton,11731,29011,Barton County,Missouri,0.6767,0.9208,0.8183,0.2628,0.1788,11683.0,2025,2022,22.0,41.0,9.0,11.9,17.6,4.9,6.4,20.9,19.1,17.1,15.4,,11.2,11.9,32.2,2023,3,High
29013,10.5,26.8,17.5,34.6,58.3,7.3,11.0,,6.5,75.3,79.9,52.8,8.8,,,21.0,56.2,27.6,11.1,23.1,33.1,,32.2,66.5,20.6,41.0,15.5,40.5,3.5,21.0,MO,Bates,16242,29013,Bates County,Missouri,0.7114,0.8027,0.5698,0.1985,0.7261,16101.0,2025,2022,20.8,38.8,8.4,10.7,16.0,4.2,5.6,21.0,16.8,14.3,14.2,,9.9,10.7,32.4,2023,2,Moderate
29015,10.3,26.7,17.8,33.4,58.5,7.4,10.9,,6.5,75.6,80.3,53.7,8.6,,,20.4,54.1,27.3,11.0,22.2,33.0,,30.7,71.8,20.0,38.9,15.2,38.7,3.4,16.0,MO,Benton,20552,29015,Benton County,Missouri,0.5364,0.7222,0.4079,0.1753,0.4827,19616.0,2025,2022,20.2,37.6,8.4,10.3,15.3,4.1,5.4,20.8,16.0,13.4,13.6,,9.5,10.1,32.8,2023,2,Moderate
29017,10.5,27.1,17.7,34.7,57.6,7.3,11.0,,6.5,75.5,79.7,52.7,8.9,,,20.9,50.8,27.6,10.8,23.1,32.5,,32.4,70.6,20.5,38.9,15.6,40.1,3.5,25.2,MO,Bollinger,10544,29017,Bollinger County,Missouri,0.4241,0.6869,0.3373,0.1037,0.2771,10658.0,2025,2022,20.9,38.8,8.4,10.7,16.0,4.2,5.5,21.0,16.1,13.8,13.6,,9.7,10.1,33.3,2023,2,Moderate
29019,7.6,24.6,18.0,32.0,58.9,7.3,10.3,,5.4,77.2,83.5,58.5,6.3,,,13.5,64.5,23.7,10.1,17.6,32.5,,24.9,72.5,16.8,31.6,12.4,33.9,2.9,13.8,MO,Boone,189463,29019,Boone County,Missouri,0.4244,0.3968,0.062,0.5711,0.7776,184043.0,2025,2022,16.1,32.2,7.1,8.2,13.2,3.3,4.4,18.4,12.4,9.8,11.4,,8.0,8.7,29.0,2023,0,Low
29021,11.0,26.1,17.1,34.6,59.6,7.2,10.9,,6.4,76.2,81.1,57.3,8.2,,,19.1,58.0,25.5,11.4,22.5,34.0,,31.7,72.1,19.4,43.1,14.9,39.9,3.4,25.4,MO,Buchanan,82956,29021,Buchanan County,Missouri,0.8218,0.7541,0.7639,0.5094,0.8845,84544.0,2025,2022,19.5,37.5,8.0,10.1,15.4,4.1,5.6,20.1,16.8,13.7,14.4,,9.9,10.8,31.3,2023,3,High
29023,11.8,29.4,16.1,37.6,59.8,7.2,11.7,,7.1,75.9,79.2,53.7,10.0,,,22.7,52.9,28.7,12.6,26.7,34.5,,36.1,63.6,21.7,41.3,17.3,39.6,3.9,21.0,MO,Butler,41948,29023,Butler County,Missouri,0.8412,0.9402,0.6265,0.3888,0.7563,42280.0,2025,2022,22.6,42.4,8.8,12.3,18.2,5.0,6.6,22.0,20.7,18.1,16.5,,11.6,12.8,34.1,2023,3,High
29025,9.7,26.2,18.1,33.2,58.2,7.5,10.8,,6.1,75.4,80.9,55.6,8.0,,,19.0,56.8,26.3,10.3,21.0,33.0,,30.7,69.1,19.7,38.9,14.6,38.7,3.2,20.6,MO,Caldwell,8955,29025,Caldwell County,Missouri,0.3163,0.5212,0.1966,0.1457,0.3191,8876.0,2025,2022,19.4,36.9,8.0,9.7,14.5,3.8,5.0,20.5,14.7,11.8,12.8,,8.9,9.5,33.1,2023,2,Moderate
29027,9.0,25.8,18.3,33.3,58.4,7.4,10.6,,5.9,75.8,81.8,57.2,7.3,,,17.2,55.5,25.5,10.2,19.5,32.5,,28.0,75.7,18.7,37.1,13.6,39.4,3.1,19.1,MO,Callaway,44731,29027,Callaway County,Missouri,0.2447,0.4445,0.0589,0.3217,0.3169,44517.0,2025,2022,18.1,34.4,7.5,8.9,13.5,3.5,4.6,19.9,13.6,10.5,12.4,,8.4,9.0,31.5,2023,2,Moderate
29029,8.9,25.5,17.9,31.4,57.3,7.5,10.6,,5.8,76.1,82.0,59.1,7.2,,,17.2,59.2,25.8,9.9,19.3,33.1,,28.5,75.5,18.8,35.5,13.7,37.6,3.0,16.6,MO,Camden,44044,29029,Camden County,Missouri,0.3493,0.5428,0.2892,0.1572,0.294,43227.0,2025,2022,18.0,33.9,7.5,8.9,13.5,3.4,4.5,19.9,12.7,9.9,11.5,,8.1,8.5,31.3,2023,2,Moderate
29031,8.5,25.4,17.8,33.3,59.6,7.4,10.6,,5.7,77.4,82.9,60.8,7.0,,,16.1,55.9,25.1,10.2,19.4,32.1,,28.0,73.4,18.6,35.9,13.5,39.3,3.0,17.0,MO,Cape Girardeau,82984,29031,Cape Girardeau County,Missouri,0.3099,0.3551,0.0598,0.4378,0.6147,81703.0,2025,2022,17.4,33.9,7.3,8.9,13.8,3.5,4.6,18.8,13.4,10.8,12.2,,8.4,9.2,31.7,2023,2,Moderate
29033,9.9,26.2,17.6,32.9,58.4,7.3,10.8,,6.1,75.4,80.9,57.7,8.1,,,19.1,56.3,26.7,10.6,21.4,31.9,,31.3,69.5,19.8,38.8,14.8,39.0,3.2,20.0,MO,Carroll,8391,29033,Carroll County,Missouri,0.1378,0.3019,0.1285,0.1037,0.1556,8513.0,2025,2022,19.6,36.5,7.9,9.9,14.8,3.8,5.1,20.9,15.1,12.2,13.0,,9.0,9.6,32.1,2023,2,Moderate
29035,11.5,29.0,17.2,36.5,59.3,7.3,11.4,,7.2,75.9,78.8,53.3,10.2,,,23.1,52.3,28.3,12.2,26.2,33.2,,34.8,69.7,21.5,39.8,17.2,38.4,3.9,26.7,MO,Carter,5303,29035,Carter County,Missouri,0.4823,0.8005,0.3353,0.1696,0.2348,5299.0,2025,2022,22.5,42.3,9.1,12.3,18.1,4.9,6.5,21.4,19.9,17.8,15.8,,11.4,12.2,33.4,2023,3,High
29037,8.4,24.4,17.4,30.9,57.8,7.5,10.2,,5.1,76.1,83.4,63.2,6.2,,,15.1,63.7,24.9,9.5,17.2,32.0,,25.0,77.7,17.9,37.8,12.3,39.3,2.7,12.5,MO,Cass,111732,29037,Cass County,Missouri,0.1257,0.1868,0.2981,0.4165,0.0608,108205.0,2025,2022,16.4,30.4,6.7,7.8,11.7,3.0,3.9,19.6,11.3,8.0,11.1,,7.2,7.7,29.6,2023,0,Low
29039,10.8,27.4,17.0,34.8,58.9,7.4,11.2,,6.9,75.3,79.2,54.1,9.5,,,21.4,49.9,27.3,11.7,24.3,33.3,,32.7,66.2,20.7,40.1,16.1,40.4,3.7,18.8,MO,Cedar,14672,29039,Cedar County,Missouri,0.6643,0.756,0.5975,0.1696,0.6809,14314.0,2025,2022,21.5,39.4,8.7,11.4,16.8,4.6,6.1,20.6,18.0,15.9,14.7,,10.6,11.3,33.4,2023,3,High
29041,9.5,26.3,17.9,32.8,58.3,7.4,10.7,,6.1,75.6,80.9,55.7,7.9,,,18.9,61.2,26.0,10.4,20.6,32.2,,29.3,74.4,19.7,38.8,14.5,37.8,3.2,23.5,MO,Chariton,7399,29041,Chariton County,Missouri,0.1747,0.2052,0.3891,0.1094,0.2065,7417.0,2025,2022,19.5,36.1,7.8,9.7,14.5,3.8,4.9,20.0,14.4,11.8,12.6,,8.8,9.4,31.3,2023,2,Moderate
29043,7.7,25.4,18.4,31.1,57.9,7.6,10.4,,5.2,76.6,83.6,59.9,6.3,,,14.8,59.6,25.5,9.1,17.3,31.4,,25.3,73.8,17.8,35.9,12.7,39.7,2.7,15.4,MO,Christian,94422,29043,Christian County,Missouri,0.1107,0.1724,0.2641,0.2294,0.1047,89568.0,2025,2022,16.6,33.1,7.1,7.9,12.6,2.9,3.9,19.0,10.8,7.9,10.3,,7.1,7.4,31.5,2023,0,Low
29045,10.6,27.5,17.9,34.6,58.2,7.5,11.0,,6.8,75.1,79.2,53.7,9.3,,,21.5,51.2,27.2,11.3,23.8,32.9,,33.0,70.3,20.8,41.4,15.9,41.5,3.6,21.9,MO,Clark,6641,29045,Clark County,Missouri,0.265,0.4381,0.154,0.0264,0.4031,6693.0,2025,2022,21.1,39.7,8.7,11.1,16.4,4.4,5.7,20.6,17.2,14.7,14.1,,10.1,10.8,32.6,2023,2,Moderate
29047,8.1,24.8,16.5,32.5,57.8,7.3,10.3,,5.2,76.0,83.9,60.8,5.8,,,14.1,62.6,23.8,9.7,16.8,32.8,,23.9,75.9,17.0,37.1,12.1,33.9,2.7,10.1,MO,Clay,259772,29047,Clay County,Missouri,0.2692,0.2218,0.4556,0.546,0.2514,253085.0,2025,2022,15.9,32.0,6.8,7.6,12.2,3.0,4.0,19.1,11.3,8.3,11.2,,7.4,7.9,33.4,2023,0,Low
29049,8.6,25.3,18.4,32.8,57.8,7.4,10.5,,5.8,75.5,82.1,57.9,7.1,,,17.1,58.2,26.2,9.6,19.2,32.3,,28.5,72.0,18.9,39.1,13.7,36.5,3.0,17.9,MO,Clinton,21548,29049,Clinton County,Missouri,0.1661,0.3618,0.1772,0.182,0.1136,21155.0,2025,2022,18.1,35.3,7.5,8.8,13.5,3.3,4.4,19.9,12.6,9.6,11.5,,7.8,8.3,30.5,2023,0,Low
29051,7.9,24.5,19.0,33.2,58.1,7.4,10.3,,5.2,77.3,83.8,61.3,6.1,,,14.2,63.7,23.9,9.4,17.4,31.8,,26.3,78.0,17.4,36.7,12.3,36.8,2.8,9.2,MO,Cole,77278,29051,Cole County,Missouri,0.2049,0.1161,0.1877,0.525,0.4696,76890.0,2025,2022,16.4,33.1,6.8,7.8,12.2,3.0,4.1,19.8,11.7,8.8,11.2,,7.5,8.1,32.8,2023,0,Low
29053,9.0,25.3,18.5,32.7,58.6,7.4,10.5,,5.7,75.8,82.1,57.2,7.2,,,17.2,56.4,25.1,10.0,19.4,32.3,,29.2,76.5,18.7,37.7,13.6,39.7,3.0,16.9,MO,Cooper,16947,29053,Cooper County,Missouri,0.3716,0.4448,0.3245,0.3592,0.3828,16893.0,2025,2022,18.1,34.2,7.4,8.9,13.5,3.4,4.6,20.2,13.4,10.3,12.2,,8.3,8.8,31.6,2023,2,Moderate
29055,10.8,26.5,18.1,32.9,58.0,7.3,11.0,,6.5,75.3,79.8,57.2,8.8,,,20.8,50.3,27.3,11.0,22.9,32.6,,31.7,71.8,20.5,41.7,15.5,40.7,3.4,21.0,MO,Crawford,22719,29055,Crawford County,Missouri,0.657,0.9179,0.4104,0.1572,0.4773,23023.0,2025,2022,20.8,39.4,8.3,10.6,15.8,4.2,5.5,21.4,16.4,13.6,13.9,,9.7,10.1,34.0,2023,2,Moderate
29057,10.5,27.4,17.5,35.3,58.9,7.4,11.2,,6.9,75.8,79.7,52.9,9.4,,,21.5,51.0,27.5,11.8,23.7,33.2,,32.3,73.8,20.7,40.5,16.0,40.7,3.6,23.8,MO,Dade,7716,29057,Dade County,Missouri,0.595,0.7894,0.3013,0.1572,0.6338,7598.0,2025,2022,21.2,39.9,8.8,11.2,16.6,4.5,5.9,20.3,17.5,15.4,14.5,,10.4,11.3,32.2,2023,2,Moderate
29059,10.8,27.3,17.2,34.6,58.9,7.4,11.1,,6.8,75.1,79.3,54.2,9.5,,,21.8,53.9,27.5,11.7,24.0,32.3,,33.0,69.4,20.7,39.3,16.1,38.7,3.6,22.8,MO,Dallas,17768,29059,Dallas County,Missouri,0.5466,0.8031,0.6662,0.1276,0.2176,17158.0,2025,2022,21.5,40.0,8.8,11.4,16.7,4.5,6.0,20.4,18.1,15.7,14.8,,10.5,11.3,32.3,2023,2,Moderate
29061,10.7,27.1,17.7,34.4,57.7,7.5,11.0,,6.6,75.0,79.9,52.8,8.9,,,20.7,52.0,27.4,11.0,22.9,34.2,,31.7,72.6,20.2,38.7,15.5,39.3,3.5,20.7,MO,Daviess,8551,29061,Daviess County,Missouri,0.5157,0.5514,0.3213,0.0379,0.7884,8418.0,2025,2022,20.9,39.0,8.5,10.7,15.9,4.2,5.6,20.2,16.3,13.7,13.7,,9.7,10.3,33.1,2023,2,Moderate
29063,9.7,25.7,18.8,33.5,58.3,7.4,10.5,,5.8,75.4,81.1,53.4,7.4,,,18.1,57.2,24.6,10.1,20.0,32.2,,28.2,76.3,18.9,39.2,13.9,36.9,3.1,19.2,MO,DeKalb,9899,29063,DeKalb County,Missouri,0.1753,0.2243,0.0293,0.4356,0.4559,11838.0,2025,2022,18.7,35.6,7.5,9.0,13.9,3.5,4.6,21.2,13.7,10.3,12.4,,8.4,8.9,32.5,2023,2,Moderate
29065,10.5,26.8,17.4,34.3,58.4,7.4,11.0,,6.6,75.6,79.9,51.2,8.8,,,20.4,53.4,26.2,11.1,22.8,32.0,,31.6,69.4,20.1,39.3,15.5,40.7,3.5,22.7,MO,Dent,14647,29065,Dent County,Missouri,0.6551,0.7388,0.7569,0.1861,0.5374,14509.0,2025,2022,20.6,38.5,8.5,10.8,15.9,4.3,5.6,20.5,16.4,13.9,13.8,,9.9,10.4,31.4,2023,2,Moderate
29067,10.8,27.5,17.5,34.6,58.1,7.4,11.3,,6.6,75.5,79.7,52.9,9.0,,,20.8,54.1,27.4,11.3,23.5,32.8,,32.0,65.6,20.5,37.9,15.7,41.2,3.5,25.7,MO,Douglas,12228,29067,Douglas County,Missouri,0.5969,0.8702,0.8196,0.1225,0.1448,11803.0,2025,2022,21.0,38.8,8.5,10.9,16.2,4.3,5.7,21.1,17.0,14.3,14.3,,10.1,10.6,32.7,2023,2,Moderate
29069,13.5,29.1,15.4,38.7,60.4,7.0,11.5,,7.2,75.7,79.0,52.9,10.3,,,23.4,49.6,27.8,13.1,28.0,33.5,,40.6,68.6,21.7,46.4,17.9,40.3,4.0,26.6,MO,Dunklin,27032,29069,Dunklin County,Missouri,0.9707,0.9424,0.993,0.5778,0.8291,28174.0,2025,2022,23.5,44.1,8.8,12.8,19.6,5.3,7.2,22.9,23.3,20.7,18.7,,12.9,13.8,36.5,2023,1,Critical
29071,8.5,25.7,19.8,31.9,58.1,7.5,10.5,,5.6,76.1,82.3,59.1,7.0,,,16.6,61.2,26.8,9.7,18.9,32.8,,27.7,71.3,18.6,39.3,13.5,34.5,2.9,11.7,MO,Franklin,106404,29071,Franklin County,Missouri,0.1066,0.2851,0.07,0.2536,0.0964,104858.0,2025,2022,17.9,34.2,7.4,8.7,13.0,3.3,4.3,19.5,12.0,9.2,11.2,,7.7,8.0,30.4,2023,0,Low
29073,9.1,26.3,18.0,32.8,57.7,7.5,10.8,,5.9,75.7,81.3,54.9,7.7,,,18.2,59.7,26.7,10.0,20.3,32.6,,28.0,69.2,19.6,39.2,14.1,37.6,3.1,19.5,MO,Gasconade,14705,29073,Gasconade County,Missouri,0.2488,0.2024,0.4085,0.0757,0.4836,14801.0,2025,2022,19.1,36.2,7.8,9.4,14.1,3.6,4.7,20.0,13.4,10.7,12.0,,8.3,8.7,31.8,2023,2,Moderate
29075,10.1,26.2,17.6,33.5,58.5,7.4,10.9,,6.2,75.0,80.5,54.1,8.4,,,19.5,54.0,26.2,10.6,21.8,32.4,,31.4,68.2,19.8,40.9,14.9,39.2,3.3,21.0,MO,Gentry,6287,29075,Gentry County,Missouri,0.4066,0.5711,0.2358,0.0627,0.5129,6219.0,2025,2022,20.0,37.7,8.0,10.2,15.4,3.9,5.2,20.4,15.5,12.9,13.1,,9.2,9.7,32.7,2023,2,Moderate
29077,8.6,26.3,16.5,31.6,59.0,7.4,10.8,,5.8,76.7,82.7,56.5,7.3,,,16.4,62.1,24.8,10.2,19.3,31.9,,25.8,69.3,18.6,37.8,14.0,37.6,3.1,21.8,MO,Greene,304611,29077,Greene County,Missouri,0.5317,0.5835,0.1034,0.4085,0.8272,299188.0,2025,2022,18.1,35.2,7.5,9.0,13.9,3.5,4.7,19.2,13.9,10.9,12.3,,8.5,9.3,31.9,2023,2,Moderate
29079,10.7,26.7,17.4,34.2,58.4,7.4,11.0,,6.5,75.6,79.9,55.6,8.9,,,20.5,55.0,27.1,11.2,23.2,32.9,,32.5,70.6,20.4,39.6,15.7,38.7,3.5,15.8,MO,Grundy,9815,29079,Grundy County,Missouri,0.679,0.7375,0.7031,0.1409,0.6748,9878.0,2025,2022,20.9,39.2,8.4,10.8,16.0,4.3,5.6,20.9,16.9,14.0,14.1,,10.0,10.5,33.0,2023,2,Moderate
29081,10.5,27.3,17.6,34.2,58.3,7.4,10.9,,6.6,75.6,80.0,54.4,9.1,,,20.7,54.1,26.9,11.3,23.0,33.5,,32.3,70.9,20.5,39.7,15.7,42.8,3.5,20.3,MO,Harrison,8220,29081,Harrison County,Missouri,0.4378,0.4015,0.8113,0.0983,0.3637,8190.0,2025,2022,20.7,38.5,8.5,10.9,16.1,4.3,5.7,20.1,16.8,14.6,14.0,,10.0,10.7,31.4,2023,2,Moderate
29083,10.4,27.0,17.1,34.2,58.3,7.4,11.0,,6.5,75.5,80.3,55.7,8.8,,,20.3,57.2,26.9,11.0,22.7,32.6,,31.5,73.5,20.3,38.6,15.4,38.9,3.4,14.0,MO,Henry,22485,29083,Henry County,Missouri,0.6526,0.7674,0.8527,0.1928,0.3691,22064.0,2025,2022,20.6,38.1,8.4,10.6,15.7,4.2,5.5,20.7,16.4,13.9,14.0,,9.8,10.6,32.4,2023,2,Moderate
29085,11.9,29.5,16.7,37.1,59.8,7.4,11.6,,7.6,75.6,78.1,55.4,11.1,,,24.6,48.4,28.5,12.9,27.4,34.1,,36.5,69.9,22.1,43.1,17.7,41.0,4.1,27.8,MO,Hickory,8718,29085,Hickory County,Missouri,0.6157,0.9669,0.6182,0.1037,0.1298,8452.0,2025,2022,23.6,43.5,9.6,13.2,19.2,5.4,7.2,21.0,22.0,20.7,17.0,,12.5,13.7,33.4,2023,3,High
29087,9.4,26.0,18.2,32.8,58.0,7.5,10.7,,6.0,75.4,81.0,58.0,7.8,,,18.7,54.5,26.0,10.3,20.3,32.6,,30.4,74.6,19.4,37.0,14.2,39.5,3.2,20.3,MO,Holt,4248,29087,Holt County,Missouri,0.1705,0.2545,0.5765,0.0627,0.084,4274.0,2025,2022,19.1,36.0,7.9,9.5,14.1,3.7,4.9,20.1,14.2,11.4,12.5,,8.7,9.2,31.9,2023,2,Moderate
29089,8.7,26.0,18.2,32.8,57.9,7.4,10.7,,5.8,76.4,82.1,59.7,7.3,,,17.0,57.3,26.2,10.1,19.7,32.9,,28.3,71.8,18.8,36.0,13.8,38.6,3.1,17.9,MO,Howard,10101,29089,Howard County,Missouri,0.35,0.4423,0.3458,0.3723,0.3029,10142.0,2025,2022,18.2,35.1,7.5,9.0,13.8,3.5,4.6,19.9,13.2,10.4,12.0,,8.3,8.8,32.7,2023,2,Moderate
29091,11.3,29.0,16.2,35.1,58.2,7.4,11.3,,7.0,75.5,79.0,55.1,9.9,,,22.1,50.6,28.1,12.0,25.8,32.4,,32.6,72.0,21.0,36.8,16.6,40.2,3.8,24.7,MO,Howell,40735,29091,Howell County,Missouri,0.7693,0.9096,0.7149,0.1572,0.6271,39960.0,2025,2022,22.1,40.6,8.8,11.9,17.6,4.8,6.4,20.7,19.4,17.2,15.4,,11.1,11.8,33.1,2023,3,High
29093,10.7,27.8,17.3,35.3,58.4,7.4,11.1,,6.7,75.6,79.6,53.7,9.2,,,21.0,56.3,28.1,11.5,23.9,33.2,,33.0,74.2,20.7,42.1,16.1,38.0,3.6,22.2,MO,Iron,9440,29093,Iron County,Missouri,0.6074,0.6242,0.7331,0.1928,0.5778,9538.0,2025,2022,21.3,39.9,8.6,11.1,16.5,4.5,5.8,20.7,17.4,15.0,14.4,,10.3,10.9,33.3,2023,2,Moderate
29095,10.1,24.5,18.0,33.4,58.4,6.6,10.5,,5.5,76.1,83.6,57.5,6.7,,,16.0,63.0,25.8,11.0,20.8,34.9,,30.2,75.7,19.5,37.2,13.4,34.8,3.2,15.3,MO,Jackson,718560,29095,Jackson County,Missouri,0.6866,0.6612,0.5899,0.7684,0.5829,715526.0,2025,2022,17.8,35.3,6.8,9.4,14.8,3.9,5.2,23.2,16.9,12.6,16.1,,9.9,11.6,33.5,2023,2,Moderate
29097,11.1,26.7,16.9,34.8,58.4,7.3,10.8,,6.3,75.7,81.0,59.1,8.4,,,19.0,56.3,26.3,11.5,22.6,32.8,,31.8,68.8,19.9,40.2,15.1,41.1,3.4,14.0,MO,Jasper,125056,29097,Jasper County,Missouri,0.7451,0.7531,0.7703,0.489,0.6344,122788.0,2025,2022,19.9,37.7,8.1,10.3,15.5,4.2,5.7,20.6,16.5,13.8,14.4,,10.0,10.6,33.0,2023,3,High
29099,8.2,25.3,17.7,31.5,58.2,7.6,10.5,,5.5,76.7,82.6,61.2,6.8,,,16.3,59.3,24.7,9.4,18.5,31.3,,26.6,73.6,18.4,39.7,13.0,37.4,2.8,15.0,MO,Jefferson,231230,29099,Jefferson County,Missouri,0.1136,0.1931,0.2151,0.2816,0.0983,226984.0,2025,2022,17.4,33.4,7.3,8.4,12.7,3.1,4.2,19.5,11.6,8.6,10.9,,7.5,7.9,30.6,2023,0,Low
29101,8.7,25.7,17.8,32.0,57.3,7.4,10.5,,5.8,77.1,81.8,58.5,7.2,,,16.9,61.4,26.4,10.3,19.1,32.4,,27.2,72.7,19.0,37.5,13.8,38.5,3.1,11.3,MO,Johnson,54962,29101,Johnson County,Missouri,0.3815,0.5142,0.0484,0.4416,0.5873,54025.0,2025,2022,18.3,34.2,7.4,8.8,13.4,3.5,4.6,20.4,13.3,10.4,12.2,,8.5,9.1,31.2,2023,2,Moderate
29103,11.4,27.4,17.1,35.1,59.0,7.4,11.3,,7.0,75.1,78.6,52.0,9.9,,,22.2,48.8,26.9,11.6,24.8,33.0,,33.0,70.7,20.9,39.8,16.4,38.7,3.7,18.6,MO,Knox,3723,29103,Knox County,Missouri,0.2679,0.6583,0.3382,0.0983,0.0509,3772.0,2025,2022,22.0,40.0,8.8,11.8,17.0,4.7,6.2,21.2,18.5,16.2,14.8,,10.8,11.3,32.5,2023,2,Moderate
29105,11.2,27.6,16.6,34.9,58.9,7.3,11.2,,6.8,75.6,79.3,55.2,9.4,,,21.4,52.4,27.1,11.5,23.9,33.7,,33.0,70.6,20.6,38.3,15.9,40.1,3.6,20.4,MO,Laclede,36680,29105,Laclede County,Missouri,0.7327,0.8101,0.861,0.2444,0.503,36060.0,2025,2022,21.5,39.2,8.7,11.3,16.4,4.5,6.0,20.8,18.2,15.9,14.8,,10.6,11.3,32.6,2023,3,High
29107,9.0,25.1,18.3,31.6,57.4,7.4,10.6,,5.6,75.1,82.1,57.0,7.0,,,16.8,57.0,25.9,9.5,19.2,33.7,,27.2,70.7,19.0,36.8,13.4,40.3,2.9,11.1,MO,Lafayette,33196,29107,Lafayette County,Missouri,0.1101,0.1247,0.3754,0.2587,0.1094,32858.0,2025,2022,18.2,35.2,7.4,8.7,13.1,3.3,4.4,19.9,12.4,9.5,11.5,,7.9,8.3,31.2,2023,0,Low
29109,12.1,26.9,17.5,34.5,58.6,7.3,11.0,,6.8,75.5,79.7,53.5,9.1,,,20.8,57.1,26.7,11.5,24.1,33.2,,33.9,73.1,20.3,40.1,16.0,39.7,3.6,21.8,MO,Lawrence,38872,29109,Lawrence County,Missouri,0.7362,0.8352,0.7661,0.3723,0.5027,38231.0,2025,2022,21.2,39.3,8.6,11.1,16.5,4.5,6.0,21.2,18.1,15.1,15.0,,10.5,11.2,33.0,2023,3,High
29111,10.3,26.8,17.1,33.8,58.5,7.3,11.1,,6.4,75.4,80.3,51.7,8.7,,,20.6,52.5,26.9,10.9,22.8,31.7,,31.8,69.6,20.2,38.2,15.4,41.1,3.4,18.4,MO,Lewis,9818,29111,Lewis County,Missouri,0.4486,0.6328,0.0286,0.2109,0.7932,9987.0,2025,2022,20.5,37.9,8.2,10.6,15.6,4.1,5.5,20.9,16.6,13.8,13.9,,9.8,10.3,32.8,2023,2,Moderate
29113,8.9,25.0,18.8,31.7,56.9,7.4,10.6,,5.7,75.8,81.7,55.4,7.1,,,17.5,59.1,25.3,9.9,19.1,32.1,,28.1,75.2,19.0,39.4,13.8,39.1,3.0,17.0,MO,Lincoln,64699,29113,Lincoln County,Missouri,0.1976,0.2316,0.4222,0.1928,0.1925,60172.0,2025,2022,18.4,35.7,7.4,8.8,13.6,3.3,4.4,19.9,12.4,9.5,11.7,,7.9,8.2,32.1,2023,2,Moderate
29115,10.1,26.3,17.7,33.0,58.5,7.4,10.8,,6.2,75.8,80.6,55.3,8.3,,,19.5,52.5,26.7,10.5,22.0,32.8,,30.9,74.4,19.8,35.9,14.9,39.8,3.3,21.0,MO,Linn,11791,29115,Linn County,Missouri,0.1263,0.2682,0.3007,0.0932,0.0687,11892.0,2025,2022,20.1,36.9,8.1,10.1,15.1,3.9,5.3,20.1,15.5,12.9,13.2,,9.3,9.8,32.0,2023,2,Moderate
29117,9.8,26.8,17.3,33.5,58.5,7.4,11.3,,6.0,76.2,81.0,57.4,8.2,,,19.1,59.6,27.4,10.5,21.7,32.5,,30.6,73.8,20.4,39.6,15.0,38.2,3.3,15.4,MO,Livingston,14557,29117,Livingston County,Missouri,0.3073,0.3519,0.2854,0.2164,0.4394,14402.0,2025,2022,20.2,37.7,7.8,10.4,15.3,3.9,5.2,20.6,15.9,13.3,13.7,,9.4,10.2,33.3,2023,2,Moderate
29119,14.7,28.1,16.0,36.8,59.3,7.0,11.3,,7.5,75.7,78.1,48.5,10.3,,,23.3,48.3,27.3,13.5,28.2,33.5,,37.4,64.6,21.4,42.7,17.5,41.5,4.1,23.5,MO,McDonald,23903,29119,McDonald County,Missouri,0.8899,0.9596,0.8581,0.6701,0.5854,23381.0,2025,2022,23.3,43.2,9.4,12.8,19.0,5.4,7.5,22.6,23.7,20.2,18.9,,13.1,14.0,35.5,2023,3,High
29121,9.0,25.8,18.2,32.2,58.2,7.4,10.6,,5.8,75.9,81.6,58.2,7.3,,,17.6,56.8,25.5,9.9,20.1,32.1,,29.2,73.3,19.2,34.6,14.0,38.9,3.1,18.9,MO,Macon,15161,29121,Macon County,Missouri,0.3388,0.3773,0.6287,0.182,0.2549,15173.0,2025,2022,18.7,35.7,7.6,9.1,13.9,3.5,4.6,20.7,13.4,10.4,12.0,,8.3,8.6,32.2,2023,2,Moderate
29123,10.1,26.3,17.8,33.2,58.1,7.4,10.7,,6.1,75.0,80.7,57.6,8.1,,,19.6,55.5,26.7,10.6,21.5,32.2,,30.4,75.1,19.7,37.5,14.8,38.8,3.2,20.0,MO,Madison,12698,29123,Madison County,Missouri,0.5097,0.5612,0.7299,0.1094,0.4181,12649.0,2025,2022,19.8,37.5,7.9,9.9,15.0,3.8,5.1,20.7,15.0,11.9,13.0,,9.0,9.4,32.6,2023,2,Moderate
29125,10.0,26.3,17.9,33.0,57.7,7.4,10.9,,6.1,75.4,80.6,57.5,8.1,,,19.2,52.4,26.9,10.3,21.4,32.2,,30.7,72.3,20.0,37.9,14.8,43.0,3.2,13.5,MO,Maries,8430,29125,Maries County,Missouri,0.4814,0.7423,0.4292,0.1276,0.2835,8454.0,2025,2022,20.0,37.4,8.0,9.9,14.8,3.8,5.0,21.0,15.0,11.9,12.9,,9.0,9.2,33.2,2023,2,Moderate
29127,9.2,26.2,17.9,33.7,58.0,7.4,10.7,,5.9,76.3,81.3,58.9,7.7,,,17.8,56.4,26.1,10.6,20.6,31.4,,30.0,75.0,19.3,39.8,14.3,40.9,3.2,17.9,MO,Marion,28336,29127,Marion County,Missouri,0.4368,0.3182,0.4865,0.2984,0.6627,28525.0,2025,2022,19.0,35.3,7.6,9.5,14.3,3.7,4.9,20.3,14.5,11.8,12.8,,8.9,9.5,32.2,2023,2,Moderate
29129,11.4,27.9,17.1,35.4,58.7,7.4,11.0,,6.7,75.6,79.9,55.1,9.1,,,20.8,56.8,27.4,11.8,23.8,33.1,,33.2,73.0,20.4,41.4,15.8,38.7,3.6,21.6,MO,Mercer,3469,29129,Mercer County,Missouri,0.4878,0.4728,0.6962,0.1572,0.4852,3517.0,2025,2022,21.0,39.8,8.7,11.0,16.6,4.4,5.9,20.6,17.9,15.4,14.8,,10.5,11.3,32.5,2023,2,Moderate
29131,9.7,26.4,18.3,33.1,58.4,7.4,10.8,,6.2,75.9,80.8,54.4,8.1,,,19.0,55.9,27.2,10.6,21.3,33.0,,29.6,72.2,19.8,37.3,14.7,38.0,3.3,11.3,MO,Miller,25590,29131,Miller County,Missouri,0.3793,0.5237,0.2914,0.0932,0.4276,24855.0,2025,2022,19.6,37.2,8.0,10.0,14.8,3.9,5.1,20.0,15.0,12.2,12.9,,9.0,9.6,32.3,2023,2,Moderate
29133,13.2,29.8,15.3,40.0,62.3,6.7,11.7,,7.4,76.9,78.7,52.6,10.5,,,24.2,43.9,26.0,14.1,29.4,33.1,,39.8,71.3,21.2,47.7,17.5,44.6,4.3,29.7,MO,Mississippi,11822,29133,Mississippi County,Missouri,0.9106,0.9586,0.8851,0.658,0.6844,12305.0,2025,2022,23.0,44.1,8.8,13.1,20.0,5.7,7.6,24.5,25.2,23.5,20.2,,14.0,15.8,36.1,2023,1,Critical
29135,10.7,25.6,18.1,32.5,57.7,7.3,10.5,,5.9,75.1,81.0,56.6,7.6,,,18.2,56.1,25.6,10.2,20.9,32.5,,29.5,72.2,19.1,39.1,14.3,38.3,3.1,22.7,MO,Moniteau,15256,29135,Moniteau County,Missouri,0.5367,0.3882,0.4884,0.3248,0.8288,15401.0,2025,2022,19.1,36.1,7.7,9.3,14.1,3.6,4.8,20.9,14.5,10.9,12.8,,8.7,9.0,33.2,2023,2,Moderate
29137,10.3,26.4,17.5,33.7,58.5,7.3,10.9,,6.4,75.8,80.3,58.5,8.6,,,20.2,54.4,27.2,11.0,22.4,32.3,,31.1,73.2,20.2,38.0,15.1,40.3,3.4,23.0,MO,Monroe,8698,29137,Monroe County,Missouri,0.5059,0.4289,0.6064,0.2164,0.6656,8668.0,2025,2022,20.3,37.5,8.2,10.4,15.4,4.1,5.4,21.0,16.3,13.7,13.8,,9.7,10.4,32.1,2023,2,Moderate
29139,10.2,27.1,17.8,34.0,58.4,7.4,11.0,,6.3,75.2,80.3,53.9,8.5,,,19.9,54.1,26.6,10.9,22.3,33.0,,31.6,72.7,20.1,37.1,15.1,39.7,3.4,18.0,MO,Montgomery,11459,29139,Montgomery County,Missouri,0.4187,0.4235,0.6367,0.1696,0.4104,11421.0,2025,2022,20.3,37.8,8.2,10.4,15.4,4.0,5.4,20.8,15.9,13.2,13.5,,9.5,10.0,32.4,2023,2,Moderate
29141,12.0,26.9,17.6,34.7,58.5,7.3,11.1,,6.9,74.0,78.8,50.2,9.6,,,21.9,53.6,28.2,11.6,25.1,32.5,,34.1,65.4,20.8,38.2,16.5,40.7,3.7,24.2,MO,Morgan,21970,29141,Morgan County,Missouri,0.8657,0.853,0.8393,0.1572,0.9481,21169.0,2025,2022,22.2,40.4,8.8,11.7,17.0,4.7,6.1,21.7,18.6,15.8,15.0,,10.8,11.1,34.7,2023,3,High
29143,11.9,28.7,15.3,37.4,60.9,6.9,11.6,,6.8,75.7,79.6,55.6,9.7,,,21.8,50.2,27.2,12.7,26.2,33.0,,36.9,70.5,21.2,43.0,16.7,42.8,4.0,28.0,MO,New Madrid,15424,29143,New Madrid County,Missouri,0.7891,0.812,0.9045,0.5915,0.4706,16341.0,2025,2022,22.4,42.0,8.3,12.5,18.3,5.1,6.8,22.4,22.0,19.8,17.6,,12.4,13.6,34.4,2023,3,High
29145,10.5,26.5,16.8,33.5,58.6,7.4,10.8,,6.2,76.0,81.1,58.5,7.9,,,18.4,59.9,26.1,11.1,21.3,32.8,,29.9,76.1,19.5,38.9,14.7,38.1,3.3,17.3,MO,Newton,60677,29145,Newton County,Missouri,0.5682,0.5628,0.4435,0.489,0.6354,59019.0,2025,2022,19.3,35.9,8.1,9.9,15.0,3.9,5.3,20.4,15.9,12.5,13.6,,9.5,10.0,31.0,2023,2,Moderate
29147,8.7,25.9,18.3,33.3,58.7,7.5,10.6,,6.1,76.9,81.6,56.8,7.6,,,17.5,55.3,26.4,10.4,20.1,32.6,,28.3,76.3,19.0,39.5,14.0,44.4,3.1,18.6,MO,Nodaway,20695,29147,Nodaway County,Missouri,0.2151,0.3675,0.0102,0.1654,0.6538,21140.0,2025,2022,18.4,35.4,7.9,9.2,13.8,3.6,4.7,19.8,13.8,11.1,12.4,,8.6,9.3,31.5,2023,2,Moderate
29149,11.6,28.9,16.7,36.1,59.3,7.3,11.3,,7.3,75.3,78.3,50.7,10.4,,,23.6,48.9,27.9,12.5,26.2,33.2,,34.4,70.5,21.6,41.2,16.9,39.1,3.9,30.1,MO,Oregon,8720,29149,Oregon County,Missouri,0.6589,0.8941,0.7273,0.1339,0.3112,8783.0,2025,2022,22.8,41.8,9.2,12.5,18.1,5.1,6.7,21.8,20.5,18.9,16.2,,11.8,12.6,34.0,2023,3,High
29151,8.1,24.8,19.0,31.3,57.1,7.6,10.3,,5.5,75.7,82.3,59.0,6.8,,,16.4,60.6,25.3,9.2,18.0,32.4,,26.5,76.3,18.4,35.6,13.1,38.3,2.8,14.1,MO,Osage,13468,29151,Osage County,Missouri,0.0181,0.0188,0.0258,0.0057,0.2517,13374.0,2025,2022,17.5,33.3,7.3,8.4,12.7,3.1,4.1,19.3,11.4,8.5,10.6,,7.3,7.6,30.9,2023,0,Low
29153,12.4,28.4,16.9,36.7,59.2,7.4,11.4,,7.6,75.0,78.1,51.3,10.8,,,24.0,44.8,28.4,12.5,27.2,33.0,,35.5,66.0,22.0,42.3,17.6,41.2,4.0,23.0,MO,Ozark,8970,29153,Ozark County,Missouri,0.5632,0.9224,0.3099,0.0821,0.3045,8688.0,2025,2022,23.4,43.1,9.5,12.8,18.6,5.3,7.0,21.3,20.9,19.3,16.6,,12.1,13.0,32.3,2023,3,High
29155,13.6,30.3,14.4,40.1,62.9,6.7,12.3,,7.7,78.1,78.6,50.4,11.3,,,25.3,47.3,26.8,14.9,30.8,34.8,,40.5,73.1,22.0,44.9,18.3,44.1,4.6,33.8,MO,Pemiscot,14613,29155,Pemiscot County,Missouri,0.9364,0.9901,0.9415,0.7105,0.5122,15555.0,2025,2022,24.5,45.5,8.9,14.4,21.1,6.4,8.5,23.8,27.9,27.1,21.6,,15.2,17.7,35.8,2023,1,Critical
29157,9.5,25.6,18.1,32.6,57.8,7.4,10.5,,5.8,75.2,81.2,56.7,7.5,,,18.0,58.9,25.9,9.9,20.1,32.2,,29.1,76.5,19.0,36.0,14.0,39.2,3.1,13.9,MO,Perry,18950,29157,Perry County,Missouri,0.3175,0.5164,0.2284,0.0983,0.3315,18970.0,2025,2022,18.9,35.4,7.7,9.2,13.8,3.5,4.7,20.2,13.7,10.6,12.0,,8.3,8.6,33.1,2023,2,Moderate
29159,11.0,26.1,17.3,32.4,58.5,7.3,10.8,,6.0,76.2,81.5,54.8,7.8,,,18.2,57.2,25.4,10.8,22.0,31.7,,30.9,71.4,19.2,36.3,14.8,38.6,3.2,18.3,MO,Pettis,43530,29159,Pettis County,Missouri,0.6936,0.6188,0.84,0.4636,0.6074,43059.0,2025,2022,19.3,37.0,7.8,9.8,15.0,3.9,5.2,20.9,15.7,12.3,14.1,,9.3,9.9,32.2,2023,2,Moderate
29161,9.1,26.9,17.8,33.9,58.2,7.4,10.5,,6.2,75.6,81.4,51.5,7.8,,,17.9,56.1,26.5,10.9,21.3,32.3,,29.1,73.2,18.7,36.2,14.3,41.6,3.2,17.0,MO,Phelps,45284,29161,Phelps County,Missouri,0.6402,0.6309,0.3544,0.3977,0.8361,44843.0,2025,2022,18.9,36.8,8.0,9.5,14.5,3.8,5.1,19.9,14.5,11.9,12.4,,9.0,9.7,32.0,2023,2,Moderate
29163,11.1,26.6,18.0,35.6,59.1,7.2,10.6,,6.6,75.9,79.6,55.1,8.7,,,20.7,53.3,25.1,11.3,23.2,32.8,,31.9,74.0,19.8,38.3,15.3,40.4,3.5,24.5,MO,Pike,17935,29163,Pike County,Missouri,0.7216,0.5122,0.7321,0.3217,0.9459,17719.0,2025,2022,20.5,38.2,8.3,10.5,15.8,4.3,5.7,22.0,17.2,14.6,14.6,,10.1,10.8,32.1,2023,2,Moderate
29165,7.2,23.0,17.7,30.9,58.0,7.4,9.9,,4.8,78.7,85.1,63.1,5.2,,,12.1,65.4,23.4,8.8,15.1,32.6,,22.1,74.1,16.1,36.7,11.3,35.6,2.5,11.9,MO,Platte,111940,29165,Platte County,Missouri,0.1632,0.104,0.3379,0.5488,0.2078,107033.0,2025,2022,14.6,28.7,6.3,6.8,10.6,2.6,3.6,18.1,9.7,6.8,9.8,,6.6,7.1,28.9,2023,0,Low
29167,10.2,26.9,17.6,34.2,58.9,7.4,11.0,,6.5,76.3,80.5,55.5,8.8,,,20.0,51.4,27.1,11.2,22.8,33.3,,32.1,72.3,20.1,39.5,15.3,40.3,3.5,22.9,MO,Polk,32780,29167,Polk County,Missouri,0.6077,0.7289,0.3869,0.1861,0.7047,31877.0,2025,2022,20.4,38.3,8.4,10.6,15.9,4.2,5.6,19.9,16.5,14.0,13.8,,9.8,10.5,32.6,2023,2,Moderate
29169,10.3,26.1,17.2,34.1,59.4,7.0,10.2,,5.8,76.7,82.2,57.1,7.0,,,16.8,58.8,24.0,10.9,20.6,32.1,,29.1,72.7,17.9,38.4,13.8,42.6,3.2,17.4,MO,Pulaski,53812,29169,Pulaski County,Missouri,0.6927,0.5479,0.419,0.6793,0.9049,53726.0,2025,2022,17.8,35.3,7.5,8.9,14.2,3.7,5.0,21.0,15.1,11.5,13.8,,9.1,10.0,31.6,2023,2,Moderate
29171,9.3,26.8,18.4,33.1,58.2,7.5,10.6,,6.0,76.5,81.4,55.0,7.7,,,17.8,59.9,26.2,10.2,20.2,32.8,,29.1,74.2,19.3,35.1,14.2,38.6,3.1,14.0,MO,Putnam,4638,29171,Putnam County,Missouri,0.3258,0.2409,0.63,0.0525,0.5151,4698.0,2025,2022,18.8,36.5,7.8,9.3,14.1,3.6,4.8,20.3,13.8,10.9,12.3,,8.6,9.0,32.1,2023,2,Moderate
29173,9.5,26.9,18.4,33.7,58.4,7.4,10.8,,6.1,75.7,80.9,55.1,8.1,,,19.3,58.4,26.8,10.4,20.9,32.4,,29.9,72.6,19.8,39.7,14.6,37.9,3.2,17.2,MO,Ralls,10489,29173,Ralls County,Missouri,0.1168,0.377,0.1489,0.1409,0.0363,10356.0,2025,2022,19.7,37.3,8.0,9.8,14.7,3.8,4.9,20.1,14.5,11.8,12.6,,8.8,9.3,32.6,2023,2,Moderate
29175,10.1,26.6,17.1,34.1,58.5,7.3,10.9,,6.3,75.4,80.5,55.4,8.4,,,19.7,54.8,26.2,11.0,22.2,32.3,,30.7,72.1,19.8,37.6,15.0,40.0,3.4,20.2,MO,Randolph,24109,29175,Randolph County,Missouri,0.6268,0.7267,0.4556,0.3649,0.6179,24652.0,2025,2022,20.1,37.6,8.2,10.2,15.1,4.1,5.4,20.7,16.1,13.5,13.8,,9.8,10.4,34.5,2023,2,Moderate
29177,9.6,26.2,17.8,33.9,58.0,7.4,10.7,,6.0,75.1,81.1,55.5,7.9,,,18.9,58.3,26.4,10.6,20.8,32.9,,31.3,68.4,19.7,39.3,14.5,38.8,3.2,19.7,MO,Ray,23182,29177,Ray County,Missouri,0.0932,0.2911,0.1273,0.1572,0.0468,23122.0,2025,2022,19.3,36.5,7.9,9.6,14.5,3.7,4.9,20.4,14.3,11.3,12.6,,8.7,9.2,32.4,2023,2,Moderate
29179,11.6,27.8,17.5,35.0,58.6,7.3,11.2,,7.1,74.7,78.8,51.1,9.8,,,22.4,49.9,27.5,11.8,25.1,33.1,,33.8,69.9,20.9,41.0,16.5,41.1,3.8,20.9,MO,Reynolds,5950,29179,Reynolds County,Missouri,0.6354,0.8575,0.3882,0.1985,0.5301,6102.0,2025,2022,22.1,41.0,9.0,11.7,17.1,4.8,6.2,21.6,18.8,16.3,15.1,,10.9,11.4,33.0,2023,3,High
29181,11.8,28.6,17.0,35.9,59.1,7.4,11.5,,7.4,75.8,78.6,54.8,10.6,,,23.4,48.7,28.5,12.5,26.7,33.7,,35.4,70.6,21.8,41.1,17.0,39.5,3.9,28.9,MO,Ripley,10806,29181,Ripley County,Missouri,0.476,0.8231,0.4384,0.1572,0.1441,10839.0,2025,2022,23.0,42.9,9.3,12.6,18.4,5.1,6.7,21.5,20.1,18.6,16.0,,11.7,12.5,33.6,2023,3,High
29183,6.7,22.8,20.2,28.4,57.7,7.6,10.1,,4.6,76.3,85.1,63.9,5.1,,,12.2,65.6,23.5,8.8,14.4,32.1,,22.2,77.4,16.1,35.5,11.1,40.6,2.4,12.9,MO,St. Charles,416659,29183,St. Charles County,Missouri,0.034,0.0178,0.0764,0.4308,0.118,406262.0,2025,2022,14.7,30.0,6.2,6.6,10.1,2.5,3.3,17.3,8.8,5.8,9.0,,6.0,6.3,29.3,2023,0,Low
29185,11.0,27.2,17.4,35.8,58.4,7.4,11.0,,6.9,75.1,79.4,56.7,9.4,,,21.8,52.6,27.6,11.8,24.4,32.8,,33.7,71.4,20.7,37.7,16.3,37.3,3.6,21.3,MO,St. Clair,9752,29185,St. Clair County,Missouri,0.6182,0.5877,0.7486,0.1696,0.6688,9330.0,2025,2022,21.5,40.3,8.8,11.3,16.7,4.5,6.0,20.8,17.8,15.5,14.6,,10.5,11.2,33.9,2023,2,Moderate
29186,8.9,26.1,18.7,33.1,57.6,7.4,10.5,,5.8,75.7,81.6,57.1,7.3,,,17.5,57.1,25.9,9.8,19.4,32.5,,28.2,72.2,18.9,37.1,13.8,38.6,3.0,14.4,MO,Ste. Genevieve,18642,29186,Ste. Genevieve County,Missouri,0.1537,0.1734,0.3029,0.0881,0.2669,18494.0,2025,2022,18.4,35.7,7.6,8.9,13.5,3.4,4.5,20.6,12.9,10.0,11.8,,8.1,8.6,32.0,2023,2,Moderate
29187,10.8,27.3,18.1,36.1,58.6,7.4,10.8,,6.6,75.6,79.9,55.4,9.0,,,20.9,54.9,26.5,11.4,23.6,33.0,,33.4,72.9,20.1,40.3,15.8,40.7,3.5,15.3,MO,St. Francois,67058,29187,St. Francois County,Missouri,0.7257,0.7426,0.4636,0.2733,0.889,66814.0,2025,2022,20.4,39.0,8.4,10.6,16.1,4.3,5.6,22.2,17.2,14.3,14.5,,10.1,11.0,34.1,2023,3,High
29189,7.3,23.7,17.8,32.5,60.9,6.8,10.7,,4.8,77.3,84.8,60.8,5.5,,,13.6,62.2,23.6,9.6,16.8,31.2,,24.2,76.8,17.1,31.5,11.7,35.0,2.8,12.2,MO,St. Louis,987059,29189,St. Louis County,Missouri,0.3401,0.2227,0.4289,0.7458,0.3767,999703.0,2025,2022,15.4,31.0,6.0,7.8,11.8,3.0,4.1,21.1,12.6,9.7,12.6,,8.0,9.3,34.1,2023,0,Low
29195,11.2,25.7,17.6,33.0,58.8,7.1,10.6,,6.0,76.0,81.7,54.8,7.4,,,17.6,57.4,25.3,11.2,21.7,33.0,,31.5,72.3,18.7,39.2,14.4,40.9,3.2,18.1,MO,Saline,23049,29195,Saline County,Missouri,0.44,0.3694,0.4314,0.5616,0.4928,23219.0,2025,2022,19.1,37.5,7.7,9.5,14.9,3.9,5.3,20.8,16.2,12.4,14.2,,9.6,10.2,34.0,2023,2,Moderate
29197,8.9,25.6,18.5,32.6,57.7,7.4,10.6,,5.7,75.2,81.4,56.4,7.4,,,17.9,60.1,25.7,9.8,19.7,32.3,,29.3,75.8,19.4,39.0,14.0,38.7,3.0,15.5,MO,Schuyler,4053,29197,Schuyler County,Missouri,0.2329,0.2122,0.3525,0.0379,0.468,4066.0,2025,2022,18.9,35.6,7.6,9.0,13.6,3.3,4.4,20.5,12.8,9.7,11.6,,8.0,8.3,32.5,2023,2,Moderate
29199,11.1,26.2,17.5,33.0,56.9,7.4,11.0,,6.3,74.9,79.5,54.8,8.7,,,20.1,53.8,26.5,10.4,22.6,32.6,,31.5,70.1,20.2,37.7,15.3,38.5,3.3,20.6,MO,Scotland,4676,29199,Scotland County,Missouri,0.3169,0.6395,0.2529,0.007,0.1963,4720.0,2025,2022,20.8,37.5,8.2,10.6,15.4,4.0,5.3,20.7,15.5,12.5,13.1,,9.3,9.4,32.5,2023,2,Moderate
29201,10.2,26.3,16.4,35.1,59.7,7.2,11.1,,6.2,76.9,81.1,54.2,8.3,,,19.6,55.6,25.7,11.1,22.3,33.0,,34.7,69.0,19.6,38.2,14.8,41.4,3.4,21.0,MO,Scott,37889,29201,Scott County,Missouri,0.665,0.615,0.6923,0.4973,0.6548,38055.0,2025,2022,19.9,37.6,7.8,10.6,15.5,4.2,5.5,20.5,18.0,15.2,15.7,,10.2,11.2,33.2,2023,3,High
29203,10.9,27.1,17.4,34.4,58.2,7.4,11.1,,6.6,75.1,79.7,56.2,9.0,,,21.2,49.9,26.9,11.2,23.3,32.2,,31.9,74.1,20.5,36.8,15.6,41.1,3.5,23.8,MO,Shannon,7238,29203,Shannon County,Missouri,0.4429,0.6052,0.266,0.1508,0.4833,7132.0,2025,2022,21.1,38.8,8.5,10.9,16.2,4.3,5.7,21.0,17.3,14.3,14.2,,10.1,10.6,34.4,2023,2,Moderate
29205,10.6,27.5,17.4,35.6,58.6,7.4,11.0,,6.9,74.8,79.2,53.9,9.4,,,21.4,53.9,27.1,11.5,23.8,33.0,,32.7,69.9,20.6,40.6,16.0,38.8,3.6,22.9,MO,Shelby,5931,29205,Shelby County,Missouri,0.3968,0.4295,0.4874,0.0675,0.5014,6049.0,2025,2022,21.4,40.1,8.8,11.3,16.5,4.5,6.0,20.7,17.7,15.9,14.5,,10.5,11.3,32.8,2023,2,Moderate
29207,11.3,28.8,17.2,34.4,57.2,7.3,11.0,,6.7,73.8,79.2,55.4,9.4,,,22.2,49.4,27.6,11.3,25.0,32.0,,33.2,69.7,20.7,37.6,16.1,41.8,3.6,26.2,MO,Stoddard,28397,29207,Stoddard County,Missouri,0.4359,0.6952,0.5994,0.119,0.1514,28656.0,2025,2022,21.7,41.3,8.7,11.5,16.9,4.5,5.9,20.8,18.0,15.2,14.4,,10.3,10.9,34.2,2023,2,Moderate
29209,9.4,26.4,17.5,33.5,58.3,7.4,10.7,,6.1,75.8,81.4,57.6,7.8,,,18.3,57.3,26.5,10.3,20.8,33.1,,29.2,69.2,19.4,41.1,14.3,38.9,3.2,15.1,MO,Stone,32658,29209,Stone County,Missouri,0.4337,0.734,0.203,0.1037,0.3436,31314.0,2025,2022,19.0,35.6,7.9,9.6,14.2,3.7,4.9,19.8,14.2,11.7,12.6,,8.8,9.4,32.7,2023,2,Moderate
29211,14.1,26.5,17.2,34.5,58.7,7.0,10.5,,6.5,75.4,80.3,53.1,8.2,,,19.3,51.4,25.4,11.9,24.0,33.1,,33.4,69.3,19.5,40.4,15.6,41.1,3.4,20.4,MO,Sullivan,5797,29211,Sullivan County,Missouri,0.5068,0.4244,0.4919,0.5854,0.5638,5983.0,2025,2022,20.5,38.2,8.3,10.4,16.0,4.3,6.0,21.6,18.7,14.5,15.9,,10.5,11.1,33.0,2023,3,High
29213,10.1,26.4,17.2,33.5,58.0,7.5,10.8,,6.1,75.6,81.7,55.6,7.7,,,17.9,55.1,25.8,10.6,20.9,32.4,,29.4,73.2,19.2,36.4,14.6,38.4,3.2,16.8,MO,Taney,56775,29213,Taney County,Missouri,0.7941,0.7887,0.5969,0.377,0.9071,56202.0,2025,2022,19.0,36.9,7.8,9.7,15.0,3.8,5.1,19.9,15.1,12.0,13.2,,9.1,9.7,31.7,2023,2,Moderate
29215,11.8,28.0,16.8,37.9,59.9,7.4,11.0,,7.2,75.9,78.8,54.2,10.0,,,22.3,53.1,26.8,12.7,26.0,33.4,,34.5,67.8,20.9,42.2,16.6,41.1,3.9,19.0,MO,Texas,25619,29215,Texas County,Missouri,0.8575,0.9675,0.5183,0.2854,0.8702,24828.0,2025,2022,22.1,42.1,9.2,11.9,17.9,5.0,6.5,21.4,19.8,17.8,15.9,,11.6,12.4,32.1,2023,3,High
29217,10.7,27.6,17.5,34.8,58.7,7.4,11.3,,6.8,75.7,79.9,52.5,9.3,,,21.4,52.9,28.1,11.5,24.0,33.6,,32.5,68.5,20.8,38.1,16.0,39.7,3.6,24.3,MO,Vernon,19710,29217,Vernon County,Missouri,0.5733,0.6627,0.5717,0.1339,0.5934,19777.0,2025,2022,21.3,40.2,8.7,11.3,16.7,4.5,5.9,20.6,17.7,15.3,14.5,,10.5,11.1,32.8,2023,2,Moderate
29219,9.4,25.8,18.4,32.9,57.1,7.4,10.6,,5.7,75.4,81.8,54.9,7.3,,,17.3,58.3,26.0,10.0,19.9,32.4,,29.6,73.3,19.2,38.7,13.9,37.7,3.0,18.5,MO,Warren,37806,29219,Warren County,Missouri,0.1689,0.3719,0.0881,0.2781,0.1518,35729.0,2025,2022,18.4,34.7,7.6,9.0,13.6,3.4,4.6,20.7,13.3,10.0,12.1,,8.2,8.6,31.9,2023,2,Moderate
29221,11.6,27.7,17.1,36.1,59.3,7.3,11.2,,7.2,75.2,78.6,53.5,10.1,,,22.9,51.7,27.4,12.2,25.6,33.0,,33.8,67.8,21.2,41.3,16.5,42.2,3.8,26.8,MO,Washington,23534,29221,Washington County,Missouri,0.7957,0.8085,0.7327,0.2109,0.8571,23580.0,2025,2022,22.3,41.1,9.0,11.9,17.5,4.9,6.4,21.4,19.4,17.1,15.6,,11.2,12.0,33.1,2023,3,High
29223,12.4,28.5,16.9,36.4,58.8,7.3,11.5,,7.5,74.4,77.7,50.5,10.9,,,24.7,53.4,28.1,12.6,27.1,33.0,,36.0,68.0,22.0,41.3,17.7,41.2,4.0,24.6,MO,Wayne,10811,29223,Wayne County,Missouri,0.6675,0.9233,0.2587,0.1654,0.6122,11081.0,2025,2022,23.4,41.7,9.4,12.9,18.5,5.3,7.0,21.8,21.4,19.6,16.7,,12.1,12.8,32.7,2023,3,High
29225,10.0,26.0,17.7,33.9,58.4,7.4,10.8,,6.4,75.7,80.6,55.7,8.4,,,19.5,58.9,26.8,10.6,22.0,32.5,,30.1,74.1,19.8,41.5,14.9,37.8,3.3,20.5,MO,Webster,41472,29225,Webster County,Missouri,0.5437,0.5555,0.5122,0.2062,0.6675,39265.0,2025,2022,19.8,37.3,8.1,10.1,15.1,4.0,5.2,20.9,15.2,12.3,13.1,,9.2,9.7,32.7,2023,2,Moderate
29227,9.9,27.4,17.4,34.8,58.6,7.4,10.8,,6.5,75.3,80.1,55.8,8.7,,,20.4,56.0,26.8,11.2,22.5,32.8,,31.9,71.6,20.2,40.7,15.2,41.2,3.4,21.3,MO,Worth,1907,29227,Worth County,Missouri,0.2237,0.1731,0.7375,0.0337,0.2291,1982.0,2025,2022,20.3,38.1,8.3,10.5,15.6,4.1,5.4,20.6,16.2,13.9,13.5,,9.6,10.4,32.2,2023,2,Moderate
29229,12.1,28.2,16.6,35.6,59.2,7.3,11.3,,7.2,75.7,78.5,53.4,10.4,,,23.5,53.6,28.1,12.5,26.4,33.3,,36.3,71.3,21.6,42.1,17.1,40.6,3.9,33.0,MO,Wright,19403,29229,Wright County,Missouri,0.749,0.915,0.9564,0.1457,0.2329,18475.0,2025,2022,22.8,42.1,9.2,12.5,18.1,5.1,6.7,21.5,20.6,18.7,16.2,,11.7,12.5,32.5,2023,3,High
29510,9.1,24.7,17.4,36.6,59.6,6.2,11.7,,5.8,80.3,84.0,59.4,7.0,,,16.6,56.5,23.9,12.7,22.1,30.9,,26.9,79.6,18.4,37.0,13.6,37.2,3.8,16.8,MO,St. Louis,281754,29510,St. Louis City,Missouri,0.8139,0.8161,0.3668,0.8941,0.8438,298018.0,2025,2022,18.4,35.1,6.5,10.3,15.7,4.6,6.1,24.9,19.7,17.0,18.2,,11.6,14.3,35.7,2023,3,High
30001,10.1,24.3,22.2,28.9,51.9,7.4,11.1,,5.5,69.3,79.6,56.9,6.2,,,14.2,62.3,25.6,8.4,17.3,28.4,,19.9,73.4,18.4,29.3,13.1,31.4,2.9,11.4,MT,Beaverhead,9885,30001,Beaverhead County,Montana,0.2043,0.307,0.041,0.3166,0.4343,9469.0,2025,2022,15.1,29.4,7.4,8.0,11.1,3.3,4.4,21.6,12.6,9.1,10.3,,8.0,7.4,30.8,2023,0,Low
30003,14.5,25.5,18.3,33.5,54.6,6.4,14.1,,7.4,68.9,76.2,49.2,9.2,,,25.3,50.5,25.6,13.8,28.8,26.8,,28.0,65.7,22.9,35.8,18.6,36.7,4.6,27.5,MT,Big Horn,12751,30003,Big Horn County,Montana,0.7646,0.8861,0.0977,0.9714,0.7661,13090.0,2025,2022,21.0,38.7,10.4,13.4,18.0,5.8,9.2,28.3,30.1,23.6,22.1,,18.7,17.2,37.8,2023,1,Critical
30005,12.3,26.3,20.1,33.1,54.5,6.9,13.4,,6.7,68.2,77.6,48.7,8.0,,,21.6,55.4,25.2,12.3,25.1,28.4,,26.6,68.1,21.1,41.6,17.2,32.3,4.0,23.7,MT,Blaine,6899,30005,Blaine County,Montana,0.9443,0.9055,0.8721,0.9036,0.8982,7030.0,2025,2022,18.8,37.8,9.6,11.3,16.0,4.8,7.2,27.2,23.7,17.5,17.5,,14.6,13.3,34.4,2023,3,High
30007,9.7,23.4,23.1,28.4,51.8,7.5,11.0,,5.2,68.0,80.2,54.7,5.8,,,14.1,59.5,24.7,7.8,16.5,27.5,,19.8,71.5,18.4,30.3,12.7,31.3,2.8,11.5,MT,Broadwater,8032,30007,Broadwater County,Montana,0.0827,0.4913,0.0328,0.314,0.0076,6977.0,2025,2022,14.8,28.3,7.1,7.5,10.4,3.0,3.9,21.8,11.1,7.6,9.5,,7.2,6.5,31.3,2023,0,Low
30009,9.2,24.6,23.4,30.6,51.6,7.6,11.1,,5.2,68.7,80.4,55.6,5.8,,,13.8,64.8,25.2,8.2,16.7,27.5,,19.9,73.2,18.0,32.6,12.7,33.1,2.8,12.5,MT,Carbon,11419,30009,Carbon County,Montana,0.1241,0.342,0.2615,0.2109,0.0258,10645.0,2025,2022,14.6,28.1,7.1,7.4,10.4,3.0,3.9,22.3,11.1,7.8,9.4,,7.3,6.7,32.2,2023,0,Low
30011,10.2,24.3,22.9,29.8,52.7,7.5,11.6,,5.6,67.9,78.8,54.3,6.8,,,15.9,61.2,26.1,8.5,18.7,28.4,,21.9,72.7,19.5,33.2,13.9,31.9,3.1,12.5,MT,Carter,1418,30011,Carter County,Montana,0.4069,0.5084,0.0675,0.1409,0.7681,1332.0,2025,2022,16.3,30.0,7.6,8.6,11.9,3.6,4.5,22.4,13.1,9.8,10.6,,8.4,7.7,31.1,2023,0,Low
30013,10.2,26.9,22.0,30.1,53.7,7.4,12.4,,5.3,71.8,80.0,55.9,6.5,,,15.1,62.5,28.1,8.8,19.4,29.3,,22.5,75.4,20.0,35.9,14.3,36.0,3.0,14.9,MT,Cascade,84900,30013,Cascade County,Montana,0.4435,0.3357,0.3439,0.4613,0.6761,84423.0,2025,2022,16.1,32.5,7.6,8.3,12.2,3.3,4.5,23.0,13.6,9.6,10.5,,8.2,7.7,34.3,2023,0,Low
30015,10.9,24.7,21.7,30.8,53.2,7.1,12.1,,5.6,69.2,78.6,53.3,6.7,,,17.4,58.6,25.5,9.5,19.7,28.2,,22.7,72.4,20.1,35.8,14.6,35.5,3.2,13.5,MT,Chouteau,5847,30015,Chouteau County,Montana,0.2584,0.28,0.1222,0.5892,0.3726,5897.0,2025,2022,16.6,31.9,7.9,9.0,12.4,3.6,5.1,24.6,16.4,11.3,12.9,,10.1,9.1,35.0,2023,2,Moderate
30017,9.5,24.9,22.9,28.9,52.6,7.5,11.2,,5.3,69.0,79.7,57.0,6.2,,,14.8,62.2,25.2,8.5,17.3,27.1,,22.2,75.4,18.4,32.7,13.1,33.0,2.9,9.4,MT,Custer,11985,30017,Custer County,Montana,0.3589,0.196,0.2806,0.3086,0.7989,11957.0,2025,2022,15.2,30.0,7.3,8.0,10.9,3.2,4.3,21.7,12.3,8.7,10.0,,7.8,7.3,31.6,2023,0,Low
30019,9.6,23.9,23.1,28.4,52.2,7.5,11.1,,5.3,68.4,80.0,54.8,5.9,,,14.2,62.0,24.7,8.2,16.8,27.6,,20.3,71.7,18.5,34.0,13.0,32.9,2.8,12.1,MT,Daniels,1633,30019,Daniels County,Montana,0.1228,0.153,0.1759,0.2692,0.1909,1535.0,2025,2022,15.1,28.4,7.2,7.7,10.7,3.1,4.1,21.8,11.8,8.2,9.9,,7.7,7.1,31.2,2023,0,Low
30021,9.5,23.7,23.2,28.2,51.4,7.5,11.0,,5.1,67.0,80.4,59.3,5.8,,,14.1,60.5,24.5,8.2,16.5,26.9,,21.1,72.7,18.4,33.0,12.9,34.5,2.8,11.9,MT,Dawson,8810,30021,Dawson County,Montana,0.0764,0.0124,0.147,0.2294,0.441,8915.0,2025,2022,14.8,27.7,6.9,7.5,10.6,3.0,3.9,22.0,10.9,7.4,9.4,,7.3,6.6,31.8,2023,0,Low
30023,11.5,24.9,22.7,30.5,52.7,7.4,11.4,,6.1,67.4,77.4,53.0,7.5,,,17.5,60.6,26.0,9.5,20.2,27.2,,23.1,70.0,19.6,32.2,14.8,35.6,3.3,19.7,MT,Deer Lodge,9673,30023,Deer Lodge County,Montana,0.6417,0.6144,0.6656,0.3016,0.7073,9435.0,2025,2022,17.3,31.8,8.2,9.3,12.8,3.9,5.2,22.9,15.3,11.9,12.0,,9.4,8.9,30.8,2023,2,Moderate
30025,9.5,24.2,22.9,27.9,52.3,7.5,11.2,,5.3,67.1,79.5,57.4,6.2,,,14.7,63.6,25.1,8.3,17.4,27.3,,22.0,75.8,19.2,31.4,13.2,33.9,2.9,10.0,MT,Fallon,2994,30025,Fallon County,Montana,0.1508,0.035,0.1028,0.1508,0.7938,2941.0,2025,2022,15.4,29.4,7.2,8.0,11.1,3.2,4.1,22.5,11.8,8.4,9.8,,7.6,7.0,31.3,2023,0,Low
30027,9.8,23.5,22.5,29.7,52.4,7.5,11.3,,5.5,68.9,79.2,57.8,6.5,,,15.1,63.7,25.1,8.4,17.6,26.9,,21.7,74.5,18.7,31.2,13.5,30.2,3.0,15.1,MT,Fergus,11772,30027,Fergus County,Montana,0.3837,0.3548,0.091,0.1409,0.8772,11496.0,2025,2022,15.6,29.7,7.5,8.3,11.5,3.4,4.4,22.1,12.9,9.5,10.5,,8.0,7.6,31.6,2023,0,Low
30029,9.3,23.4,22.8,26.1,50.5,7.7,10.8,,5.0,67.5,80.1,58.1,5.7,,,12.9,61.7,25.0,7.4,16.4,27.0,,18.1,71.3,17.2,30.8,12.5,32.0,2.7,12.1,MT,Flathead,113679,30029,Flathead County,Montana,0.2094,0.3108,0.0776,0.2444,0.3929,105950.0,2025,2022,14.2,28.3,7.0,7.2,10.0,2.9,3.8,21.7,10.7,7.4,9.4,,7.2,6.5,30.4,2023,0,Low
30031,8.2,23.0,23.1,25.2,50.6,7.7,10.7,,4.6,69.0,81.9,60.4,4.8,,,10.4,66.8,22.4,7.2,13.5,26.8,,14.5,71.2,16.3,24.0,11.2,28.9,2.5,9.3,MT,Gallatin,126409,30031,Gallatin County,Montana,0.0783,0.2129,0.0013,0.2984,0.4693,119685.0,2025,2022,12.5,24.2,6.4,6.3,8.5,2.6,3.4,18.9,8.6,5.8,7.5,,6.2,5.5,30.0,2023,0,Low
30033,9.8,24.4,22.8,28.7,52.4,7.5,11.5,,5.5,68.2,79.0,52.1,6.6,,,15.5,59.6,26.6,8.5,17.9,27.5,,22.2,73.2,19.5,30.7,13.6,32.5,3.0,12.6,MT,Garfield,1211,30033,Garfield County,Montana,0.0652,0.1915,0.0496,0.0025,0.1648,976.0,2025,2022,15.9,29.5,7.4,8.4,11.5,3.4,4.4,22.4,12.6,9.4,10.3,,8.0,7.5,31.7,2023,0,Low
30035,14.6,27.7,19.0,34.8,54.2,6.5,14.6,,7.9,67.8,75.6,47.9,10.1,,,26.9,42.2,26.0,14.5,30.8,27.2,,32.0,67.0,23.7,39.9,20.2,40.3,5.0,26.4,MT,Glacier,13609,30035,Glacier County,Montana,0.9752,0.9583,0.8403,0.9634,0.9529,13781.0,2025,2022,22.2,42.2,11.1,14.3,20.4,6.4,10.0,27.8,32.4,26.8,22.7,,20.0,18.1,36.0,2023,1,Critical
30037,11.9,25.9,21.2,30.9,52.7,7.3,11.9,,6.0,68.3,77.9,53.7,7.5,,,17.4,56.0,26.5,9.5,20.9,27.9,,24.3,71.7,20.4,32.8,15.1,34.1,3.3,12.4,MT,Golden Valley,835,30037,Golden Valley County,Montana,0.1451,0.2886,0.0916,0.4165,0.1304,841.0,2025,2022,17.6,33.0,8.0,9.7,13.2,4.1,5.3,23.5,16.2,12.5,12.5,,9.8,9.1,32.9,2023,0,Low
30039,10.5,24.1,23.0,29.4,52.4,7.5,11.2,,5.5,68.4,78.9,56.4,6.4,,,15.1,60.7,24.7,8.4,18.0,27.4,,21.4,73.3,18.7,30.6,13.5,33.1,3.0,17.2,MT,Granite,3595,30039,Granite County,Montana,0.2246,0.4871,0.0792,0.1225,0.2421,3368.0,2025,2022,15.7,29.0,7.4,8.2,11.4,3.4,4.5,22.3,12.9,9.5,10.4,,8.1,7.4,31.5,2023,0,Low
30041,11.7,26.0,22.4,33.8,53.9,7.2,12.3,,6.4,70.0,77.9,53.4,7.7,,,18.9,59.5,26.8,10.9,22.7,29.5,,24.8,67.4,21.0,39.0,16.1,36.0,3.6,15.2,MT,Hill,16276,30041,Hill County,Montana,0.4419,0.3723,0.321,0.6923,0.5103,16238.0,2025,2022,18.1,33.7,8.6,10.1,14.1,4.3,6.0,26.3,19.0,14.7,14.3,,11.7,11.0,37.5,2023,2,Moderate
30043,8.8,23.4,23.0,26.5,51.0,7.6,11.0,,4.8,68.3,80.9,58.3,5.3,,,12.7,66.5,24.3,7.6,15.5,26.6,,19.6,70.9,17.5,32.1,12.1,30.9,2.6,8.8,MT,Jefferson,13048,30043,Jefferson County,Montana,0.1158,0.0757,0.1807,0.2364,0.35,12273.0,2025,2022,14.1,26.4,6.7,7.0,9.9,2.8,3.6,21.8,10.1,6.5,8.6,,6.7,6.0,29.0,2023,0,Low
30045,10.2,25.6,21.5,30.3,52.9,7.5,11.3,,5.9,68.7,79.0,53.9,6.8,,,15.7,61.7,25.9,9.0,18.6,28.1,,22.3,72.5,19.1,31.7,13.9,31.9,3.2,12.2,MT,Judith Basin,2093,30045,Judith Basin County,Montana,0.049,0.1483,0.3207,0.1753,0.0099,2039.0,2025,2022,16.0,30.3,7.8,8.7,12.0,3.7,4.7,21.4,13.6,10.5,10.8,,8.5,8.1,31.5,2023,0,Low
30047,10.8,25.5,21.6,29.3,52.1,7.2,12.3,,5.8,70.3,78.9,53.7,6.8,,,16.2,56.3,26.7,9.3,19.8,26.0,,21.9,72.8,19.8,33.2,14.6,33.8,3.3,17.9,MT,Lake,33338,30047,Lake County,Montana,0.7541,0.8113,0.8587,0.7308,0.3223,31509.0,2025,2022,16.5,30.9,7.9,9.3,12.9,3.9,5.4,23.0,16.6,12.1,13.3,,10.8,9.7,32.7,2023,2,Moderate
30049,8.4,25.6,22.0,25.9,51.8,7.6,11.3,,4.7,71.7,81.7,58.5,5.2,,,12.2,70.8,27.0,7.5,15.3,27.8,,17.3,76.5,18.1,30.8,12.4,28.1,2.6,9.9,MT,Lewis and Clark,75011,30049,Lewis and Clark County,Montana,0.1906,0.1772,0.1276,0.2984,0.4496,71487.0,2025,2022,13.8,27.8,6.7,6.9,10.3,2.7,3.6,20.3,10.0,6.9,8.3,,6.7,6.0,30.6,2023,0,Low
30051,12.4,26.8,20.7,31.8,53.6,7.5,12.2,,6.5,68.3,76.9,49.3,8.5,,,18.6,48.5,27.2,9.9,22.8,28.4,,25.4,68.8,20.8,34.5,15.9,37.5,3.6,23.3,MT,Liberty,1974,30051,Liberty County,Montana,0.6592,0.4852,0.9421,0.0048,0.7751,1993.0,2025,2022,18.7,34.6,8.4,10.8,14.6,4.6,5.9,22.8,18.2,15.4,13.2,,10.8,10.0,33.2,2023,2,Moderate
30053,11.8,27.1,22.5,31.7,52.2,7.4,11.8,,6.1,69.2,77.6,55.0,7.6,,,17.4,53.4,27.4,9.4,20.5,28.1,,24.0,69.5,20.4,37.6,15.1,36.7,3.4,15.7,MT,Lincoln,21895,30053,Lincoln County,Montana,0.5628,0.8489,0.4874,0.2444,0.2459,20157.0,2025,2022,17.7,32.4,8.1,9.6,13.0,4.0,5.2,22.7,15.6,12.7,12.2,,9.6,8.9,30.0,2023,2,Moderate
30055,9.1,23.6,23.5,28.7,51.1,7.6,11.0,,5.0,67.6,80.3,56.4,5.7,,,13.7,64.1,24.6,7.7,16.1,28.1,,20.0,74.4,18.4,32.9,12.7,33.3,2.7,7.3,MT,McCone,1676,30055,McCone County,Montana,0.0121,0.0076,0.0725,0.2733,0.0605,1746.0,2025,2022,14.6,27.8,6.9,7.3,10.3,2.9,3.7,22.1,10.5,7.1,9.2,,7.0,6.4,30.8,2023,0,Low
30057,9.3,23.5,23.7,26.8,51.7,7.5,10.8,,4.9,68.1,81.0,59.0,5.2,,,12.7,64.8,23.9,7.3,15.4,27.3,,17.3,71.8,17.7,28.6,12.0,30.0,2.6,7.8,MT,Madison,9521,30057,Madison County,Montana,0.098,0.1454,0.0299,0.2234,0.3592,8742.0,2025,2022,13.9,26.3,6.7,6.9,9.6,2.8,3.6,22.0,10.2,6.8,9.1,,6.8,6.1,31.1,2023,0,Low
30059,9.6,24.1,22.6,28.1,52.2,7.5,11.1,,5.3,68.9,79.7,52.4,6.1,,,14.3,64.8,25.3,8.3,17.0,27.4,,20.7,73.8,18.4,32.6,13.1,31.3,2.9,12.1,MT,Meagher,2071,30059,Meagher County,Montana,0.0188,0.1088,0.0379,0.1861,0.0309,1948.0,2025,2022,15.1,28.9,7.2,7.9,11.1,3.2,4.1,22.0,11.9,8.6,9.9,,7.6,7.1,30.9,2023,0,Low
30061,10.6,25.0,22.2,29.3,52.8,7.4,11.4,,5.7,67.8,79.1,55.6,6.7,,,15.6,60.0,26.1,8.8,18.5,28.5,,22.3,72.8,19.0,35.8,13.8,34.4,3.1,12.2,MT,Mineral,5090,30061,Mineral County,Montana,0.2218,0.3328,0.343,0.2816,0.1521,4652.0,2025,2022,16.2,30.7,7.5,8.5,12.1,3.5,4.6,22.2,14.0,10.4,11.1,,8.5,7.9,30.9,2023,0,Low
30063,8.5,21.7,24.1,25.4,51.3,7.5,10.8,,4.8,70.0,80.9,60.9,5.2,,,12.1,65.6,26.7,7.9,15.3,28.6,,16.5,76.8,17.8,26.9,11.8,27.9,2.6,8.5,MT,Missoula,121849,30063,Missoula County,Montana,0.2762,0.3481,0.0181,0.3697,0.7296,118541.0,2025,2022,13.4,25.6,6.7,7.0,9.3,2.8,3.7,21.0,10.1,7.1,9.0,,6.9,6.2,31.1,2023,0,Low
30065,11.3,24.4,21.9,29.8,52.8,7.3,11.4,,5.7,68.0,78.6,51.8,6.7,,,15.9,58.3,25.5,9.0,19.2,27.3,,24.3,70.1,19.2,35.3,14.1,34.8,3.1,20.8,MT,Musselshell,5308,30065,Musselshell County,Montana,0.2278,0.3427,0.273,0.2733,0.1928,4924.0,2025,2022,16.3,30.5,7.6,8.7,12.1,3.6,4.8,22.9,14.4,10.4,11.3,,8.7,8.0,31.7,2023,0,Low
30067,8.7,23.0,21.9,27.3,52.2,7.6,10.9,,5.2,68.3,80.6,54.0,5.9,,,13.7,63.8,24.2,7.9,16.3,27.1,,20.4,74.8,17.9,30.0,12.7,30.2,2.8,12.4,MT,Park,17903,30067,Park County,Montana,0.1623,0.3287,0.021,0.1928,0.4028,17320.0,2025,2022,14.4,28.0,7.0,7.5,10.7,3.1,4.0,20.4,10.9,8.0,9.2,,7.2,6.8,29.3,2023,0,Low
30069,9.6,23.7,23.0,28.5,51.7,7.5,10.9,,5.3,67.5,79.5,58.5,5.9,,,14.6,62.5,24.4,8.2,16.7,27.3,,20.6,72.3,18.3,32.9,12.8,32.9,2.8,15.5,MT,Petroleum,554,30069,Petroleum County,Montana,0.0013,0.0255,0.0045,0.0016,0.043,416.0,2025,2022,14.9,28.1,7.3,7.6,10.6,3.0,4.0,22.0,11.6,8.2,9.7,,7.5,6.9,31.4,2023,0,Low
30071,10.0,23.9,23.0,28.1,52.6,7.3,11.5,,5.6,68.4,79.1,57.6,6.5,,,15.8,60.9,26.0,8.8,18.3,27.8,,22.7,71.0,19.6,39.0,13.7,36.0,3.1,16.9,MT,Phillips,4249,30071,Phillips County,Montana,0.2081,0.188,0.3188,0.4839,0.2262,4233.0,2025,2022,16.2,29.5,7.6,8.5,11.6,3.5,4.6,22.7,13.7,10.1,11.5,,8.9,8.1,31.6,2023,0,Low
30073,12.3,26.5,21.6,31.0,53.9,7.3,12.5,,6.4,67.6,77.4,54.6,8.2,,,19.9,58.0,26.8,10.5,23.1,27.8,,27.1,67.8,21.0,37.5,16.2,34.3,3.7,19.1,MT,Pondera,6125,30073,Pondera County,Montana,0.7967,0.6837,0.7582,0.5444,0.8861,5987.0,2025,2022,18.7,34.9,8.6,10.7,14.8,4.5,6.1,23.8,19.7,15.1,14.6,,11.6,10.6,33.9,2023,2,Moderate
30075,10.1,23.8,22.4,27.1,51.4,7.4,11.1,,5.1,67.9,79.8,56.3,5.9,,,14.1,56.7,24.4,8.0,16.6,27.6,,19.7,74.6,18.5,30.6,12.8,34.7,2.8,14.1,MT,Powder River,1743,30075,Powder River County,Montana,0.1521,0.1919,0.0789,0.2214,0.3875,1773.0,2025,2022,15.1,29.0,7.0,7.6,10.6,3.0,4.0,22.5,11.7,7.9,9.8,,7.5,6.7,31.5,2023,0,Low
30077,11.6,24.6,23.4,30.2,51.5,7.2,10.4,,6.0,67.2,77.2,55.1,6.7,,,17.1,56.5,23.0,9.2,19.4,28.4,,23.7,71.9,18.3,35.6,14.0,35.4,3.2,16.2,MT,Powell,7133,30077,Powell County,Montana,0.2319,0.1807,0.0544,0.3592,0.7159,6998.0,2025,2022,16.0,32.2,8.2,8.1,12.0,3.5,4.7,24.4,14.0,9.7,11.2,,8.8,7.9,31.1,2023,0,Low
30079,13.2,26.0,20.6,30.8,53.7,7.3,11.9,,6.6,67.3,76.7,50.4,8.4,,,19.2,51.0,26.2,10.2,22.7,27.7,,26.5,66.5,20.9,34.0,15.9,34.0,3.6,27.1,MT,Prairie,1112,30079,Prairie County,Montana,0.3567,0.5495,0.3793,0.2984,0.1884,1283.0,2025,2022,18.8,34.4,8.6,10.6,14.2,4.6,6.1,23.5,18.7,15.4,14.0,,11.2,10.5,31.9,2023,2,Moderate
30081,9.8,24.2,23.3,26.1,50.2,7.5,10.7,,4.9,68.0,80.4,57.8,5.6,,,13.2,65.8,24.4,7.3,16.3,27.2,,18.3,74.0,17.8,31.7,12.9,32.5,2.7,12.8,MT,Ravalli,47738,30081,Ravalli County,Montana,0.1511,0.3306,0.1607,0.2854,0.0888,44876.0,2025,2022,14.8,30.0,6.9,7.3,10.7,2.9,3.8,22.0,10.7,7.3,9.0,,7.0,6.2,32.3,2023,0,Low
30083,9.6,22.4,23.7,27.6,51.3,7.4,10.8,,5.1,67.7,79.9,55.5,5.5,,,13.8,63.4,23.8,7.7,16.2,26.7,,22.3,74.1,17.8,37.6,12.6,32.8,2.7,12.2,MT,Richland,11173,30083,Richland County,Montana,0.2644,0.2647,0.139,0.363,0.5132,11366.0,2025,2022,14.5,27.5,7.0,7.2,10.1,2.9,3.8,21.6,10.5,7.0,9.2,,7.0,6.3,29.7,2023,0,Low
30085,13.1,27.8,18.5,35.4,55.3,6.8,14.1,,7.3,68.5,76.1,49.3,9.2,,,23.7,46.5,26.9,13.5,28.2,28.8,,29.5,65.7,22.7,41.3,18.7,42.5,4.5,22.2,MT,Roosevelt,10319,30085,Roosevelt County,Montana,0.7665,0.7515,0.1724,0.9504,0.9042,10799.0,2025,2022,21.1,41.6,10.4,13.0,17.8,5.6,8.7,27.2,28.1,22.2,20.5,,17.4,16.2,35.3,2023,1,Critical
30087,12.7,26.7,20.3,35.2,54.0,7.0,13.0,,6.7,68.3,77.1,50.9,8.1,,,21.0,50.4,25.4,11.5,24.3,26.7,,26.4,72.3,21.6,39.8,16.5,37.0,3.8,18.8,MT,Rosebud,8160,30087,Rosebud County,Montana,0.9408,0.9205,0.8839,0.8629,0.8536,8310.0,2025,2022,19.1,37.0,9.3,11.1,15.3,4.7,6.9,26.6,23.3,17.4,16.7,,13.8,12.5,35.8,2023,3,High
30089,11.7,25.1,22.2,29.1,52.5,7.4,11.4,,6.2,65.5,77.5,50.6,7.5,,,17.5,59.4,26.0,9.0,20.4,27.3,,23.1,70.2,19.9,34.8,14.8,34.5,3.4,21.2,MT,Sanders,13684,30089,Sanders County,Montana,0.5778,0.8263,0.385,0.3217,0.3643,12615.0,2025,2022,17.3,32.4,8.1,9.5,12.9,4.0,5.3,22.7,15.7,12.3,12.0,,9.6,9.0,31.4,2023,2,Moderate
30091,10.7,24.2,22.7,29.5,52.4,7.4,11.3,,5.4,68.6,79.2,56.9,6.3,,,15.2,67.1,25.6,8.4,17.9,28.2,,21.6,71.5,18.8,35.4,13.4,29.9,2.9,17.6,MT,Sheridan,3498,30091,Sheridan County,Montana,0.1642,0.2046,0.2304,0.3016,0.2052,3700.0,2025,2022,15.7,29.2,7.3,8.1,11.3,3.3,4.4,22.7,12.9,9.2,10.5,,8.1,7.3,32.2,2023,0,Low
30093,10.4,24.4,22.1,29.1,53.5,7.4,11.2,,5.6,69.1,79.4,55.2,6.6,,,14.8,63.8,26.0,8.7,19.2,27.2,,21.3,73.3,19.6,32.8,14.2,32.8,3.0,10.5,MT,Silver Bow,36360,30093,Silver Bow County,Montana,0.4534,0.4273,0.4403,0.2984,0.5797,35306.0,2025,2022,16.0,30.9,7.5,8.4,12.2,3.5,4.6,21.7,13.8,10.0,10.7,,8.4,7.7,31.0,2023,0,Low
30095,9.4,23.9,22.5,27.2,50.8,7.4,10.9,,4.9,68.4,80.2,57.1,5.6,,,13.2,68.3,24.7,7.7,15.8,27.5,,19.0,72.0,17.8,29.9,12.3,32.9,2.7,7.3,MT,Stillwater,9173,30095,Stillwater County,Montana,0.0608,0.0379,0.2689,0.2234,0.147,8978.0,2025,2022,14.4,26.9,6.8,7.2,10.0,2.9,3.8,21.7,10.5,7.1,9.1,,6.9,6.1,29.8,2023,0,Low
30097,9.3,23.7,22.8,27.5,52.0,7.5,11.0,,5.0,67.9,80.3,58.7,5.7,,,13.9,67.2,25.1,7.7,15.8,27.2,,19.6,75.3,18.4,29.7,12.7,31.5,2.7,11.1,MT,Sweet Grass,3763,30097,Sweet Grass County,Montana,0.0242,0.0678,0.1142,0.2485,0.028,3697.0,2025,2022,14.8,28.5,7.0,7.3,10.2,2.9,3.8,22.5,10.9,7.4,9.4,,7.1,6.5,31.6,2023,0,Low
30099,10.1,24.0,22.0,28.1,51.4,7.4,11.4,,5.4,67.3,79.1,53.1,6.3,,,14.9,61.4,25.5,8.3,17.7,28.6,,21.9,67.0,19.2,31.3,13.3,30.1,2.9,17.4,MT,Teton,6430,30099,Teton County,Montana,0.3662,0.3633,0.1919,0.1985,0.6825,6238.0,2025,2022,16.0,30.7,7.3,8.2,11.5,3.3,4.3,23.1,12.6,9.1,10.3,,8.0,7.2,31.9,2023,0,Low
30101,13.4,25.1,22.8,31.4,52.4,7.1,11.0,,6.5,66.2,76.1,52.7,7.9,,,19.4,54.6,23.7,10.3,22.2,28.6,,25.9,74.8,19.6,35.4,15.1,32.1,3.6,18.6,MT,Toole,5133,30101,Toole County,Montana,0.6023,0.6112,0.0703,0.4273,0.959,5018.0,2025,2022,17.6,34.0,8.7,9.7,14.1,4.3,5.8,25.0,17.3,13.5,13.0,,10.4,9.6,32.6,2023,2,Moderate
30103,9.6,24.2,22.5,28.9,52.1,7.4,11.3,,5.3,68.5,80.0,54.9,6.1,,,14.4,63.6,25.1,8.3,17.2,26.8,,20.7,74.4,18.4,34.1,13.1,30.6,2.9,10.0,MT,Treasure,772,30103,Treasure County,Montana,0.0719,0.0859,0.0745,0.0757,0.3143,680.0,2025,2022,15.2,28.7,7.2,7.9,11.0,3.2,4.3,21.6,12.4,8.9,10.3,,8.0,7.4,30.8,2023,0,Low
30105,9.9,25.5,22.7,31.4,52.6,7.5,11.6,,5.5,68.8,79.4,54.3,6.4,,,15.1,62.3,25.3,8.6,18.4,28.5,,22.3,67.6,19.5,33.2,14.1,33.4,3.1,12.1,MT,Valley,7474,30105,Valley County,Montana,0.2027,0.1998,0.3283,0.4416,0.2081,7552.0,2025,2022,15.9,30.2,7.6,8.5,11.7,3.4,4.6,22.3,13.6,9.6,11.2,,8.7,8.0,31.8,2023,0,Low
30107,12.3,26.4,21.2,30.9,53.0,7.3,11.7,,6.2,67.5,77.5,52.9,7.7,,,17.9,56.5,26.8,9.6,21.4,28.4,,24.6,71.5,20.3,32.3,15.2,33.6,3.4,21.8,MT,Wheatland,2057,30107,Wheatland County,Montana,0.1273,0.3395,0.1569,0.119,0.0745,2060.0,2025,2022,17.7,33.4,8.1,9.8,13.5,4.1,5.4,23.5,16.8,13.0,12.7,,9.8,9.3,32.3,2023,0,Low
30109,10.1,24.3,21.7,29.4,52.6,7.5,11.3,,5.5,68.3,79.6,53.7,6.4,,,15.3,57.5,25.9,8.6,18.1,27.9,,21.9,67.7,19.2,33.1,13.5,34.3,3.0,12.9,MT,Wibaux,910,30109,Wibaux County,Montana,0.273,0.1775,0.7471,0.3446,0.2281,1119.0,2025,2022,15.9,30.1,7.4,8.3,11.6,3.4,4.4,22.1,13.2,9.6,10.6,,8.2,7.7,31.4,2023,0,Low
30111,9.2,23.9,21.8,28.3,52.0,7.6,10.8,,4.9,72.8,81.3,58.3,5.6,,,14.2,61.2,28.2,8.2,17.4,27.4,,20.0,78.9,18.6,34.0,12.9,35.6,2.8,11.8,MT,Yellowstone,170843,30111,Yellowstone County,Montana,0.2889,0.2094,0.2501,0.4416,0.546,165524.0,2025,2022,15.3,29.9,6.9,7.7,10.8,3.0,4.0,22.6,11.9,7.9,9.8,,7.6,6.7,32.4,2023,0,Low
31001,10.2,22.7,22.2,31.4,58.7,7.2,9.3,,5.6,75.0,81.9,53.3,5.9,,,14.3,64.2,20.6,9.9,16.9,28.5,,25.8,72.7,15.0,41.9,11.7,30.4,2.8,9.7,NE,Adams,30899,31001,Adams County,Nebraska,0.4769,0.2157,0.8018,0.4569,0.6277,31143.0,2025,2022,12.8,27.2,6.8,7.1,11.5,3.1,4.3,21.2,13.2,9.5,10.2,,7.1,7.1,29.4,2023,0,Low
31003,9.3,22.5,23.7,30.6,59.4,7.3,9.5,,5.4,73.7,80.9,58.7,6.1,,,15.4,63.3,18.2,9.6,15.5,28.6,,26.0,73.2,15.5,43.0,11.6,30.5,2.8,13.2,NE,Antelope,6302,31003,Antelope County,Nebraska,0.0767,0.0573,0.6592,0.0881,0.0601,6302.0,2025,2022,13.1,27.0,7.0,7.2,11.1,3.1,4.1,21.1,12.3,9.0,9.8,,6.8,6.7,29.9,2023,0,Low
31005,7.6,22.2,22.2,30.7,58.9,7.6,9.5,,5.6,73.5,81.6,56.7,6.0,,,14.6,64.0,19.1,9.3,15.1,28.7,,24.5,72.8,15.4,42.4,11.5,30.5,2.9,11.6,NE,Arthur,412,31005,Arthur County,Nebraska,0.0751,0.0795,0.4486,0.1508,0.077,485.0,2025,2022,12.8,26.7,7.1,7.2,10.9,3.1,4.0,19.4,11.5,8.9,9.0,,6.7,6.8,29.2,2023,0,Low
31007,9.6,21.4,22.0,29.1,58.8,7.3,9.3,,5.2,73.7,82.5,54.9,5.3,,,13.0,68.4,18.3,9.0,14.8,28.7,,24.6,77.4,14.8,38.1,11.1,29.3,2.6,10.2,NE,Banner,674,31007,Banner County,Nebraska,0.0124,0.0372,0.4512,0.2214,0.0006,670.0,2025,2022,12.3,26.0,6.6,6.7,10.4,2.9,3.9,20.0,11.7,8.1,9.5,,6.5,6.4,30.2,2023,0,Low
31009,8.6,22.5,22.3,30.9,58.8,7.3,9.7,,5.5,72.4,81.1,55.7,6.0,,,15.5,61.6,19.2,9.4,15.8,29.4,,26.3,73.7,15.9,38.8,11.7,33.6,2.8,10.0,NE,Blaine,436,31009,Blaine County,Nebraska,0.0799,0.2008,0.5043,0.0,0.0156,384.0,2025,2022,13.3,27.7,7.0,7.4,11.1,3.1,4.1,20.8,12.4,9.5,9.7,,7.0,7.0,31.2,2023,0,Low
31011,9.8,22.4,23.1,29.4,58.7,7.2,9.1,,5.5,72.7,80.9,54.5,6.0,,,15.5,61.7,18.4,9.4,15.5,29.5,,26.8,72.2,15.2,33.4,11.6,30.2,2.9,11.7,NE,Boone,5310,31011,Boone County,Nebraska,0.0162,0.022,0.2463,0.0337,0.0321,5397.0,2025,2022,13.2,26.2,7.0,7.3,10.9,3.1,4.2,21.1,12.7,9.4,10.0,,7.0,7.0,29.4,2023,0,Low
31013,11.2,22.2,20.3,30.8,59.3,7.0,9.4,,5.7,72.0,81.0,55.5,6.1,,,15.3,61.4,17.9,10.4,17.7,28.5,,28.7,74.1,15.6,39.0,12.5,31.6,3.0,14.7,NE,Box Butte,10692,31013,Box Butte County,Nebraska,0.4963,0.3716,0.5218,0.5269,0.615,10778.0,2025,2022,13.7,28.3,7.1,7.7,11.8,3.4,4.7,22.0,14.8,10.5,11.5,,7.9,7.8,31.2,2023,2,Moderate
31015,9.3,22.5,22.6,31.6,59.8,7.3,9.4,,5.8,73.0,80.4,55.8,6.4,,,16.3,61.9,18.2,10.0,16.5,28.3,,26.9,72.6,15.8,38.7,12.1,30.9,3.0,12.1,NE,Boyd,1725,31015,Boyd County,Nebraska,0.0601,0.126,0.3471,0.1753,0.0305,1767.0,2025,2022,13.5,28.8,7.3,7.6,11.7,3.3,4.4,21.2,13.5,10.2,10.3,,7.4,7.4,30.8,2023,0,Low
31017,10.7,22.6,22.1,31.4,58.7,7.3,9.5,,5.7,72.2,80.6,55.3,6.4,,,15.7,63.7,18.6,9.9,16.8,28.7,,26.8,72.1,15.8,41.0,12.3,33.1,3.0,13.4,NE,Brown,2853,31017,Brown County,Nebraska,0.1444,0.3013,0.3255,0.2364,0.0531,2691.0,2025,2022,13.7,27.8,7.1,7.7,11.7,3.4,4.6,21.5,14.2,10.4,10.9,,7.6,7.6,29.9,2023,0,Low
31019,9.4,21.9,21.9,31.1,59.3,7.3,9.3,,5.3,74.1,82.1,53.5,5.5,,,13.3,57.9,18.3,9.1,15.2,28.9,,23.7,73.5,14.9,38.9,11.5,33.8,2.7,9.6,NE,Buffalo,50697,31019,Buffalo County,Nebraska,0.3828,0.2924,0.4149,0.4165,0.5412,50103.0,2025,2022,12.3,25.1,6.6,6.8,10.3,3.0,4.0,20.8,12.3,8.5,9.6,,6.7,6.7,29.1,2023,0,Low
31021,9.3,21.4,22.2,31.8,59.5,7.3,9.4,,5.6,72.9,80.7,55.7,6.1,,,16.0,62.5,18.9,9.7,16.0,28.3,,26.7,75.0,15.8,40.6,11.8,34.1,2.9,14.0,NE,Burt,6727,31021,Burt County,Nebraska,0.1798,0.2399,0.5908,0.2399,0.0703,6717.0,2025,2022,13.4,28.1,7.2,7.5,11.3,3.2,4.3,21.2,13.4,10.0,10.4,,7.3,7.3,31.6,2023,0,Low
31023,9.4,21.3,23.8,28.8,58.2,7.2,9.3,,5.2,72.7,81.5,55.1,5.6,,,14.5,65.1,17.4,8.8,15.3,27.6,,25.6,70.5,15.0,38.6,11.1,31.5,2.7,16.1,NE,Butler,8459,31023,Butler County,Nebraska,0.0738,0.0557,0.5988,0.2323,0.0487,8373.0,2025,2022,12.5,25.1,6.6,6.7,10.1,2.8,3.9,20.8,11.6,8.0,9.4,,6.5,6.3,30.0,2023,0,Low
31025,8.1,21.0,22.9,29.2,59.2,7.4,9.2,,5.0,75.0,82.6,59.8,5.1,,,13.0,65.4,19.1,8.6,13.4,27.5,,23.8,74.5,14.6,39.6,10.7,29.6,2.5,12.0,NE,Cass,27446,31025,Cass County,Nebraska,0.0379,0.0955,0.0605,0.2164,0.0722,26749.0,2025,2022,11.8,24.9,6.5,6.2,9.7,2.6,3.5,19.9,10.1,7.0,8.5,,5.9,5.8,29.0,2023,0,Low
31027,8.1,20.9,22.8,28.3,59.2,7.3,9.1,,5.1,71.8,81.6,55.1,5.3,,,13.2,64.7,17.4,8.4,14.0,27.1,,23.3,78.8,14.8,40.5,10.5,30.1,2.6,11.4,NE,Cedar,8262,31027,Cedar County,Nebraska,0.0067,0.0162,0.1441,0.0299,0.0165,8375.0,2025,2022,12.1,25.5,6.7,6.4,9.8,2.7,3.6,20.1,10.4,7.2,8.6,,6.0,5.9,29.4,2023,0,Low
31029,11.9,21.6,21.8,29.4,58.7,7.2,9.2,,5.5,72.0,81.0,50.1,5.9,,,14.5,59.8,17.7,9.7,16.3,29.0,,27.7,74.0,14.9,37.3,11.7,31.9,2.9,14.6,NE,Chase,3724,31029,Chase County,Nebraska,0.272,0.3102,0.7057,0.5778,0.056,3704.0,2025,2022,13.2,27.6,7.1,7.3,11.3,3.3,4.6,21.0,14.0,9.7,10.9,,7.4,7.3,30.5,2023,0,Low
31031,9.0,22.5,21.6,30.5,58.9,7.3,9.7,,5.8,72.0,80.7,52.5,6.3,,,15.9,56.0,18.5,10.1,16.5,28.5,,26.3,72.4,15.8,40.9,12.2,34.7,3.0,12.5,NE,Cherry,5492,31031,Cherry County,Nebraska,0.3016,0.1947,0.1718,0.4416,0.6936,5473.0,2025,2022,13.5,28.8,7.4,7.7,11.6,3.3,4.5,21.8,13.5,10.3,10.5,,7.7,7.7,30.2,2023,0,Low
31033,10.2,21.9,21.6,30.8,59.5,7.2,9.5,,5.7,72.3,80.5,55.5,6.3,,,15.6,61.2,18.4,9.9,16.6,28.3,,27.9,71.9,15.8,34.8,12.2,35.4,3.0,11.6,NE,Cheyenne,9541,31033,Cheyenne County,Nebraska,0.2857,0.329,0.1215,0.3649,0.5005,9489.0,2025,2022,13.6,28.3,7.2,7.6,11.7,3.4,4.5,21.6,13.9,10.3,10.7,,7.5,7.6,31.1,2023,0,Low
31035,10.1,21.7,22.4,29.6,58.8,7.2,9.3,,5.4,73.1,81.3,52.1,5.7,,,15.2,60.6,17.9,9.3,15.8,29.1,,25.9,73.9,15.1,40.1,11.6,31.3,2.8,10.9,NE,Clay,6116,31035,Clay County,Nebraska,0.0942,0.1069,0.6637,0.3503,0.0137,6088.0,2025,2022,13.0,27.1,6.9,7.0,10.8,3.0,4.1,20.6,12.6,9.0,10.1,,6.9,6.9,30.2,2023,0,Low
31037,20.7,19.6,19.8,29.6,59.3,6.1,8.4,,5.8,70.8,79.8,51.8,5.8,,,14.5,55.8,14.3,11.9,20.2,29.4,,31.8,74.7,14.0,39.0,12.7,33.7,3.1,19.3,NE,Colfax,10566,31037,Colfax County,Nebraska,0.364,0.3363,0.4862,0.8839,0.1664,10563.0,2025,2022,14.1,29.3,7.3,7.7,13.0,3.9,6.0,24.7,19.8,12.6,15.6,,9.6,9.2,31.8,2023,2,Moderate
31039,10.8,21.5,22.7,30.9,59.0,7.2,9.1,,5.4,73.2,81.4,53.7,5.7,,,14.2,61.4,18.0,9.5,16.0,29.5,,26.5,76.9,15.1,41.2,11.6,31.0,2.8,7.6,NE,Cuming,8918,31039,Cuming County,Nebraska,0.0795,0.0964,0.5081,0.3697,0.0235,9000.0,2025,2022,13.0,27.7,6.8,7.2,11.3,3.1,4.3,21.3,13.3,9.2,10.6,,7.0,6.9,31.8,2023,0,Low
31041,8.7,21.6,22.6,30.9,59.3,7.3,9.4,,5.4,72.9,81.2,54.7,5.8,,,14.7,61.0,18.0,9.3,14.6,27.2,,26.0,69.5,15.3,40.2,11.2,33.3,2.8,10.4,NE,Custer,10581,31041,Custer County,Nebraska,0.1425,0.1769,0.6233,0.1457,0.0684,10566.0,2025,2022,12.9,25.8,6.9,7.1,10.4,3.0,4.0,20.7,11.8,8.7,9.6,,6.7,6.7,31.1,2023,0,Low
31043,17.9,19.9,18.9,30.0,59.5,6.0,8.8,,5.7,73.8,80.4,52.8,5.8,,,14.9,55.3,16.0,11.9,20.0,29.9,,32.7,71.5,14.6,44.6,12.3,34.7,3.1,16.4,NE,Dakota,21268,31043,Dakota County,Nebraska,0.7321,0.5065,0.6214,0.8925,0.8517,21308.0,2025,2022,13.9,31.0,7.3,7.6,13.1,3.8,5.9,27.0,19.9,13.0,15.5,,9.5,9.4,33.3,2023,3,High
31045,8.2,22.4,22.0,30.3,59.1,7.4,9.5,,5.4,72.8,81.8,52.2,5.7,,,14.4,62.1,18.8,9.6,15.7,27.7,,25.5,71.4,15.3,38.3,11.5,34.8,2.8,10.6,NE,Dawes,8133,31045,Dawes County,Nebraska,0.3156,0.2517,0.4992,0.4222,0.3713,8279.0,2025,2022,12.5,28.0,6.9,7.1,11.0,3.1,4.1,20.2,12.2,9.1,9.8,,7.0,7.1,29.7,2023,0,Low
31047,18.5,20.9,19.5,31.8,60.1,6.2,8.8,,5.9,71.3,79.9,52.3,6.0,,,15.3,56.3,15.8,11.9,20.3,27.9,,32.0,74.8,14.4,41.4,12.7,33.1,3.1,13.2,NE,Dawson,24085,31047,Dawson County,Nebraska,0.7311,0.5138,0.8069,0.8171,0.7264,24037.0,2025,2022,14.0,29.3,7.3,7.9,12.8,3.9,5.9,24.7,19.9,13.1,15.3,,9.5,9.3,32.5,2023,3,High
31049,10.2,22.1,22.5,30.9,58.8,7.3,9.6,,5.6,73.1,81.3,55.1,6.0,,,15.0,63.0,19.1,9.7,16.2,29.0,,26.3,74.7,15.7,39.8,12.0,31.9,2.9,10.8,NE,Deuel,1871,31049,Deuel County,Nebraska,0.063,0.3385,0.1728,0.4356,0.0016,1858.0,2025,2022,13.4,28.0,7.1,7.3,11.4,3.2,4.3,20.8,13.5,9.8,10.5,,7.3,7.3,30.8,2023,0,Low
31051,12.7,21.2,20.4,29.8,59.0,7.1,9.2,,5.8,71.9,80.1,50.6,6.2,,,16.0,59.8,17.1,10.1,17.7,28.4,,29.2,76.2,15.2,43.6,12.2,32.8,3.0,16.8,NE,Dixon,5491,31051,Dixon County,Nebraska,0.3789,0.3401,0.8683,0.4871,0.1142,5579.0,2025,2022,13.8,27.7,7.3,7.7,12.0,3.5,4.8,22.0,15.2,10.8,11.6,,7.9,7.7,31.5,2023,2,Moderate
31053,12.8,22.7,21.9,29.7,58.9,6.9,9.1,,5.5,72.9,80.6,55.3,6.0,,,15.6,60.9,17.3,10.0,17.2,28.6,,27.2,74.2,14.7,40.3,12.1,31.6,2.9,11.3,NE,Dodge,37187,31053,Dodge County,Nebraska,0.5135,0.3392,0.9122,0.5231,0.3541,37175.0,2025,2022,13.3,26.8,7.0,7.5,11.6,3.3,4.6,21.4,14.6,10.3,11.2,,7.7,7.5,30.5,2023,2,Moderate
31055,10.4,20.4,20.7,29.4,58.7,6.9,8.7,,5.0,74.9,83.5,58.2,5.2,,,13.5,63.9,18.9,9.3,15.5,29.4,,21.9,73.2,14.8,36.9,10.8,32.2,2.8,14.7,NE,Douglas,589540,31055,Douglas County,Nebraska,0.594,0.4461,0.6236,0.6962,0.657,582638.0,2025,2022,12.4,25.7,5.8,6.5,10.5,3.0,4.3,21.4,13.3,9.2,10.9,,7.2,7.3,29.1,2023,0,Low
31057,9.9,22.6,21.6,31.1,59.4,7.3,9.6,,5.6,73.5,81.1,52.5,6.1,,,15.2,61.0,18.8,9.9,16.5,29.3,,26.6,74.0,15.7,37.4,12.1,34.1,2.9,12.7,NE,Dundy,1561,31057,Dundy County,Nebraska,0.0156,0.0398,0.1451,0.0032,0.0315,1825.0,2025,2022,13.4,28.0,7.1,7.5,11.7,3.3,4.5,20.7,13.6,10.0,10.7,,7.5,7.6,30.7,2023,0,Low
31059,8.8,21.3,22.7,29.4,58.6,7.3,9.4,,5.2,74.0,81.6,60.4,5.6,,,14.4,63.9,18.1,9.2,15.0,29.3,,26.2,75.3,15.0,42.0,11.3,31.8,2.7,9.5,NE,Fillmore,5548,31059,Fillmore County,Nebraska,0.0083,0.0067,0.0385,0.1409,0.0776,5557.0,2025,2022,12.5,25.8,6.7,6.8,10.4,2.8,3.8,20.5,11.3,8.0,9.2,,6.4,6.3,30.6,2023,0,Low
31061,9.5,23.7,22.0,32.3,58.9,7.4,9.7,,6.0,73.0,80.3,53.4,6.8,,,16.9,60.4,19.9,10.1,17.5,29.3,,27.6,72.7,16.5,39.7,12.6,33.8,3.1,16.3,NE,Franklin,2825,31061,Franklin County,Nebraska,0.1129,0.1438,0.3589,0.0932,0.1403,2901.0,2025,2022,14.2,29.8,7.5,8.1,12.3,3.5,4.7,20.8,14.2,11.3,10.8,,7.8,7.9,31.6,2023,0,Low
31063,8.7,21.6,22.4,29.6,59.0,7.4,9.5,,5.3,73.1,81.5,56.1,5.8,,,14.4,61.3,18.2,9.0,15.2,27.9,,24.7,75.4,15.4,38.7,11.5,32.4,2.8,6.5,NE,Frontier,2585,31063,Frontier County,Nebraska,0.3153,0.265,0.3898,0.1928,0.5406,2491.0,2025,2022,12.8,26.1,6.8,7.0,10.7,3.0,4.0,20.4,11.7,8.5,9.4,,6.6,6.6,29.9,2023,0,Low
31065,10.1,23.7,22.7,31.3,58.9,7.3,9.6,,5.8,73.2,80.6,57.7,6.4,,,15.9,59.9,18.8,9.9,16.7,28.8,,26.6,73.8,15.8,44.9,12.1,31.9,3.0,13.7,NE,Furnas,4556,31065,Furnas County,Nebraska,0.1931,0.2281,0.532,0.1861,0.1432,4630.0,2025,2022,13.7,28.5,7.2,7.7,12.0,3.4,4.5,20.9,14.1,10.3,10.5,,7.4,7.4,30.7,2023,0,Low
31067,9.5,22.8,24.3,32.7,58.9,7.2,9.6,,5.6,74.4,80.7,56.8,6.4,,,16.2,59.5,19.0,9.7,16.5,30.6,,26.5,67.7,16.1,41.8,12.4,31.3,2.9,12.1,NE,Gage,21634,31067,Gage County,Nebraska,0.2307,0.1969,0.4989,0.1409,0.3271,21654.0,2025,2022,13.8,28.1,7.1,7.5,11.6,3.2,4.3,20.1,12.9,10.0,9.9,,7.2,7.0,30.5,2023,0,Low
31069,10.3,23.3,21.4,32.6,59.5,7.3,9.7,,6.1,72.8,80.3,52.9,6.9,,,16.8,55.4,19.3,10.5,17.9,29.0,,28.9,69.0,16.3,40.6,12.8,33.9,3.2,8.5,NE,Garden,1794,31069,Garden County,Nebraska,0.42,0.5482,0.9453,0.1276,0.0528,1778.0,2025,2022,14.2,29.6,7.5,8.3,12.7,3.7,5.0,21.1,15.1,12.1,11.4,,8.2,8.3,30.2,2023,2,Moderate
31071,7.7,21.3,24.3,28.7,58.7,7.5,9.3,,5.1,73.0,82.0,56.6,5.4,,,13.6,67.3,18.3,8.6,14.0,28.4,,23.7,78.0,14.9,39.7,10.8,30.8,2.6,6.5,NE,Garfield,1763,31071,Garfield County,Nebraska,0.0557,0.042,0.1012,0.0299,0.3274,1833.0,2025,2022,12.0,25.2,6.6,6.6,10.0,2.8,3.6,19.5,10.4,7.5,8.4,,6.1,6.0,29.8,2023,0,Low
31073,8.8,21.0,22.4,29.3,58.7,7.3,9.2,,5.3,73.2,82.2,58.2,5.4,,,13.5,63.0,18.1,9.0,14.5,28.5,,24.1,73.2,14.9,38.3,11.0,32.0,2.7,11.6,NE,Gosper,1847,31073,Gosper County,Nebraska,0.0293,0.1435,0.0296,0.1276,0.0535,1873.0,2025,2022,12.2,25.3,6.7,6.6,10.1,2.8,3.8,20.4,11.4,8.0,9.4,,6.5,6.4,29.9,2023,0,Low
31075,7.8,21.8,22.8,29.5,58.2,7.5,9.3,,5.2,72.8,82.0,56.8,5.5,,,13.8,67.4,18.7,8.8,14.2,28.2,,23.5,72.9,15.0,36.6,11.0,30.4,2.7,7.8,NE,Grant,565,31075,Grant County,Nebraska,0.168,0.2921,0.0811,0.014,0.3748,649.0,2025,2022,12.3,25.5,6.7,6.7,10.2,2.8,3.7,20.2,10.5,7.5,8.5,,6.2,6.0,29.7,2023,0,Low
31077,9.5,21.1,22.4,29.8,58.2,7.3,9.3,,5.5,71.7,80.8,52.0,6.1,,,15.2,61.9,18.2,9.3,15.7,28.4,,26.0,75.7,15.6,35.3,11.7,33.8,2.9,11.8,NE,Greeley,2219,31077,Greeley County,Nebraska,0.062,0.0636,0.6306,0.0455,0.0372,2212.0,2025,2022,13.2,26.5,7.0,7.3,11.0,3.1,4.1,21.4,12.5,9.2,10.0,,6.9,6.9,30.3,2023,0,Low
31079,16.6,22.4,20.3,30.0,59.3,6.7,8.8,,5.8,72.4,80.6,49.9,6.1,,,14.7,59.5,16.8,10.7,19.6,29.4,,30.5,69.6,14.6,41.4,12.5,34.8,3.0,13.1,NE,Hall,62197,31079,Hall County,Nebraska,0.7343,0.6487,0.882,0.7378,0.496,62575.0,2025,2022,13.5,31.0,7.5,7.9,12.3,3.6,5.5,22.2,18.2,12.3,13.3,,8.7,8.5,30.4,2023,2,Moderate
31081,7.9,22.3,22.7,28.7,59.0,7.4,9.3,,5.1,74.1,82.6,55.7,5.1,,,12.9,67.0,18.0,8.3,13.6,29.2,,23.0,73.4,14.8,40.8,10.6,34.7,2.5,7.0,NE,Hamilton,9537,31081,Hamilton County,Nebraska,0.0229,0.0433,0.3471,0.1276,0.0105,9400.0,2025,2022,11.9,25.9,6.4,6.3,10.0,2.6,3.5,20.0,10.2,6.9,8.4,,5.9,5.8,29.5,2023,0,Low
31083,9.0,21.6,22.7,29.8,58.4,7.3,9.4,,5.4,72.7,81.2,57.7,5.7,,,14.7,64.9,18.6,9.0,15.2,29.0,,26.4,75.7,15.6,35.5,11.5,32.5,2.7,7.9,NE,Harlan,3045,31083,Harlan County,Nebraska,0.3312,0.1263,0.9275,0.1508,0.4066,3094.0,2025,2022,13.1,27.7,6.9,7.0,10.8,3.0,3.9,21.5,11.8,8.5,9.5,,6.7,6.4,31.2,2023,0,Low
31085,10.4,22.1,21.7,30.4,59.1,7.2,9.3,,5.7,72.6,80.8,54.5,6.1,,,15.4,59.6,18.8,9.9,16.7,28.6,,28.0,73.6,15.7,41.8,12.1,32.6,2.9,15.3,NE,Hayes,846,31085,Hayes County,Nebraska,0.0547,0.0617,0.616,0.1985,0.0172,919.0,2025,2022,13.4,27.8,7.2,7.4,11.4,3.2,4.4,21.4,13.6,9.8,10.7,,7.3,7.4,31.3,2023,0,Low
31087,9.5,21.6,22.1,31.5,59.3,7.3,9.6,,5.7,72.7,80.7,56.3,6.3,,,15.8,58.3,19.0,9.7,16.2,29.1,,27.0,72.6,16.0,42.1,12.1,32.8,3.0,10.4,NE,Hitchcock,2552,31087,Hitchcock County,Nebraska,0.2574,0.1346,0.8791,0.1753,0.2192,2620.0,2025,2022,13.5,27.8,7.2,7.6,11.6,3.3,4.4,21.2,13.4,10.0,10.4,,7.4,7.4,31.1,2023,0,Low
31089,9.9,22.3,22.6,29.0,59.0,7.3,9.4,,5.6,72.7,80.7,58.5,6.1,,,15.0,62.4,17.6,9.6,16.1,28.1,,27.1,76.5,15.3,38.7,11.8,33.8,2.9,11.9,NE,Holt,10093,31089,Holt County,Nebraska,0.1098,0.0929,0.6227,0.2062,0.0729,10149.0,2025,2022,13.1,27.7,7.1,7.3,11.4,3.2,4.3,20.6,12.8,9.6,9.9,,7.1,7.0,29.3,2023,0,Low
31091,8.8,22.7,22.3,30.6,59.1,7.3,9.6,,5.5,72.8,81.0,56.3,6.2,,,15.6,61.8,19.2,9.4,15.9,29.2,,26.0,74.0,16.0,40.3,11.9,33.3,2.9,12.9,NE,Hooker,679,31091,Hooker County,Nebraska,0.1021,0.1196,0.0172,0.314,0.4782,659.0,2025,2022,13.4,27.6,7.0,7.4,11.3,3.1,4.1,21.0,12.5,9.5,9.7,,6.9,6.9,31.0,2023,0,Low
31093,8.3,22.0,23.3,30.6,58.3,7.4,9.3,,5.1,73.5,81.7,55.4,5.5,,,14.3,64.7,18.1,8.7,14.3,28.3,,25.4,75.3,15.1,38.7,11.2,30.7,2.7,12.0,NE,Howard,6527,31093,Howard County,Nebraska,0.2202,0.1597,0.7849,0.2109,0.154,6476.0,2025,2022,12.2,25.3,6.5,6.6,10.2,2.7,3.7,20.5,10.9,7.6,8.8,,6.2,6.1,30.8,2023,0,Low
31095,9.4,22.7,21.7,29.5,58.5,7.2,9.4,,5.4,72.8,81.1,56.1,5.8,,,15.3,61.0,19.5,9.8,16.1,28.3,,26.9,72.7,15.7,37.6,11.7,32.3,2.8,11.4,NE,Jefferson,7054,31095,Jefferson County,Nebraska,0.2736,0.2934,0.7191,0.2164,0.1502,7185.0,2025,2022,13.2,27.9,6.8,7.2,11.3,3.0,4.1,22.6,12.6,9.0,9.8,,6.9,6.7,32.9,2023,0,Low
31097,12.6,21.0,23.7,31.0,59.5,6.8,8.5,,5.7,70.9,80.0,55.5,5.9,,,15.7,62.0,16.1,10.1,17.2,29.2,,29.1,68.9,14.4,38.1,11.8,32.7,3.0,13.4,NE,Johnson,5198,31097,Johnson County,Nebraska,0.2927,0.0958,0.7798,0.5326,0.3509,5294.0,2025,2022,13.1,27.9,7.2,7.0,11.5,3.3,4.6,24.1,14.5,9.8,11.5,,7.7,7.6,30.5,2023,0,Low
31099,8.2,20.8,22.6,27.6,58.0,7.4,9.2,,4.9,73.3,82.8,56.9,5.0,,,12.8,62.3,17.9,8.5,13.5,27.5,,23.1,72.6,14.2,38.4,10.4,31.0,2.5,6.3,NE,Kearney,6770,31099,Kearney County,Nebraska,0.1028,0.0283,0.5444,0.2733,0.1836,6655.0,2025,2022,11.6,24.5,6.3,6.1,9.5,2.6,3.5,19.7,9.9,6.7,8.4,,5.8,5.7,29.2,2023,0,Low
31101,10.3,20.6,22.0,29.1,57.7,7.2,9.3,,5.4,71.0,81.2,55.5,5.8,,,14.8,62.1,17.4,9.3,16.2,27.9,,28.1,68.2,15.2,35.7,12.0,29.8,2.8,9.5,NE,Keith,8113,31101,Keith County,Nebraska,0.2603,0.2269,0.5412,0.3217,0.2606,8303.0,2025,2022,13.1,27.1,6.9,7.1,11.0,3.1,4.2,21.6,12.7,9.1,10.3,,7.0,6.9,30.5,2023,0,Low
31103,9.4,22.3,22.1,30.7,59.1,7.4,9.3,,5.8,72.4,80.5,52.0,6.3,,,15.7,62.8,18.5,9.7,16.1,28.9,,26.4,71.8,15.5,38.0,11.9,30.9,2.9,14.3,NE,Keya Paha,805,31103,Keya Paha County,Nebraska,0.0226,0.1276,0.2797,0.021,0.0041,987.0,2025,2022,13.2,27.8,7.3,7.4,11.4,3.2,4.3,20.6,12.9,9.7,10.0,,7.2,7.2,29.9,2023,0,Low
31105,12.7,23.3,21.1,31.3,58.9,7.0,9.7,,6.1,72.1,79.4,50.0,7.1,,,17.9,54.8,19.2,10.9,19.4,29.6,,30.9,69.8,16.4,42.5,13.4,34.3,3.3,15.9,NE,Kimball,3289,31105,Kimball County,Nebraska,0.4308,0.6971,0.5571,0.4569,0.0725,3395.0,2025,2022,15.1,31.7,7.7,8.6,13.4,3.8,5.3,22.9,17.1,12.8,12.6,,8.9,8.6,31.8,2023,2,Moderate
31107,9.6,23.3,21.6,30.3,59.9,7.3,9.8,,5.8,73.1,80.2,55.5,6.7,,,17.2,60.1,18.7,10.3,17.1,29.2,,27.2,72.5,16.4,40.4,12.6,33.1,3.1,18.9,NE,Knox,8298,31107,Knox County,Nebraska,0.2717,0.1864,0.7747,0.4445,0.1683,8415.0,2025,2022,14.2,29.7,7.5,8.2,12.3,3.5,4.8,21.7,15.3,11.7,11.4,,8.4,8.3,31.4,2023,2,Moderate
31109,8.8,22.1,21.1,29.8,60.3,7.3,9.2,,5.2,75.4,83.1,58.1,5.3,,,12.6,67.4,20.5,9.4,14.9,28.8,,20.5,77.2,14.6,35.7,10.3,30.3,2.7,14.2,NE,Lancaster,326716,31109,Lancaster County,Nebraska,0.4031,0.2755,0.2905,0.5371,0.6647,322063.0,2025,2022,11.7,25.2,6.5,6.8,10.3,2.9,3.9,20.7,11.5,8.5,9.5,,6.5,6.6,30.1,2023,0,Low
31111,10.6,22.5,21.7,31.5,59.0,7.2,9.9,,5.9,72.6,80.7,53.7,6.5,,,15.5,57.1,20.1,10.2,17.2,28.8,,27.5,71.0,16.0,40.1,12.4,37.2,3.1,9.4,NE,Lincoln,33365,31111,Lincoln County,Nebraska,0.4617,0.3748,0.7782,0.3939,0.3675,34532.0,2025,2022,14.1,29.7,7.3,7.7,12.0,3.5,4.7,22.3,14.5,10.6,10.9,,7.8,7.8,30.7,2023,2,Moderate
31113,7.8,21.2,22.8,29.5,58.5,7.4,9.2,,5.0,73.2,82.6,58.8,5.1,,,13.2,66.5,18.2,8.4,13.5,27.6,,23.7,76.1,14.7,36.2,10.6,31.8,2.6,4.7,NE,Logan,655,31113,Logan County,Nebraska,0.0471,0.057,0.2192,0.3649,0.0541,839.0,2025,2022,11.9,24.5,6.4,6.3,9.7,2.6,3.5,19.9,10.0,6.8,8.5,,5.9,5.8,29.5,2023,0,Low
31115,7.6,21.5,23.6,29.3,58.9,7.4,9.1,,5.3,73.4,82.1,55.0,5.4,,,13.6,64.5,18.0,8.9,14.1,28.0,,23.9,71.2,14.9,36.7,10.8,32.1,2.7,13.7,NE,Loup,592,31115,Loup County,Nebraska,0.202,0.2237,0.6567,0.4556,0.0576,629.0,2025,2022,12.0,24.9,6.7,6.5,10.1,2.8,3.7,19.8,10.6,7.8,8.8,,6.2,6.3,29.1,2023,0,Low
31117,7.6,22.5,22.3,30.0,59.2,7.6,9.6,,5.5,74.0,82.0,55.0,5.8,,,14.4,58.7,19.1,9.2,14.9,28.7,,25.3,71.6,15.5,39.3,11.4,33.4,2.8,11.6,NE,McPherson,383,31117,McPherson County,Nebraska,0.0016,0.0239,0.0118,0.0006,0.0223,456.0,2025,2022,12.7,27.0,6.9,7.1,10.7,3.0,3.9,19.6,11.5,8.7,9.1,,6.6,6.7,29.8,2023,0,Low
31119,11.1,21.0,20.6,31.4,60.1,7.2,9.4,,5.4,72.9,81.7,55.0,5.8,,,14.9,61.1,16.8,10.2,16.4,30.6,,26.8,72.0,14.8,40.4,11.5,33.0,2.8,15.6,NE,Madison,35627,31119,Madison County,Nebraska,0.4633,0.2284,0.6605,0.5501,0.6529,35538.0,2025,2022,13.0,26.4,6.9,7.1,11.2,3.2,4.5,20.9,14.3,9.7,10.7,,7.4,7.3,30.5,2023,2,Moderate
31121,9.9,22.6,22.4,29.9,58.5,7.3,9.3,,5.4,72.6,81.1,53.9,5.9,,,15.4,64.4,19.1,9.2,16.0,28.0,,26.9,75.6,15.8,39.2,11.9,31.6,2.8,14.4,NE,Merrick,7755,31121,Merrick County,Nebraska,0.1947,0.2405,0.5953,0.2399,0.0955,7675.0,2025,2022,13.2,27.4,6.9,7.2,10.9,3.1,4.1,21.9,12.6,8.9,10.1,,6.9,6.8,31.3,2023,0,Low
31123,12.5,22.7,21.0,30.5,59.4,7.1,9.3,,5.9,72.4,79.9,52.3,6.6,,,16.5,63.1,18.4,10.4,18.3,28.7,,30.0,72.5,15.6,41.9,12.6,32.9,3.1,14.0,NE,Morrill,4504,31123,Morrill County,Nebraska,0.3143,0.434,0.5635,0.5161,0.0904,4562.0,2025,2022,14.2,30.2,7.4,8.0,12.4,3.6,5.1,22.3,16.4,11.7,12.2,,8.3,8.2,32.0,2023,2,Moderate
31125,9.4,22.8,22.8,31.1,58.8,7.3,9.6,,5.8,72.8,80.2,53.9,6.7,,,16.7,61.1,19.0,9.8,17.0,29.0,,26.8,72.7,16.3,40.7,12.3,32.7,3.1,11.6,NE,Nance,3274,31125,Nance County,Nebraska,0.05,0.1976,0.2183,0.1094,0.0121,3366.0,2025,2022,13.9,28.1,7.2,8.0,11.9,3.5,4.6,21.9,14.0,10.9,10.5,,7.6,7.6,30.7,2023,0,Low
31127,9.5,22.1,21.3,29.7,59.5,7.3,9.7,,5.8,72.9,80.4,55.1,6.5,,,15.8,60.5,19.3,9.9,16.9,28.1,,28.6,68.4,15.9,41.8,12.1,32.8,3.0,17.7,NE,Nemaha,7076,31127,Nemaha County,Nebraska,0.4712,0.5953,0.2342,0.2781,0.5536,7019.0,2025,2022,13.6,27.8,7.2,7.8,11.9,3.4,4.5,20.7,13.6,10.6,10.5,,7.5,7.5,31.6,2023,2,Moderate
31129,9.0,22.2,21.9,30.6,58.2,7.4,9.3,,5.3,73.4,81.6,55.9,5.8,,,14.5,65.2,18.8,9.0,15.3,28.6,,24.9,72.1,15.2,42.4,11.4,30.0,2.7,10.5,NE,Nuckolls,4095,31129,Nuckolls County,Nebraska,0.014,0.083,0.0414,0.1572,0.0264,4092.0,2025,2022,12.6,25.5,6.7,6.9,10.7,2.9,3.9,21.2,11.8,8.3,9.3,,6.5,6.3,30.5,2023,0,Low
31131,9.5,21.8,22.2,30.8,57.9,7.3,9.3,,5.2,74.3,82.0,55.7,5.5,,,13.7,63.3,18.8,9.4,15.7,30.0,,25.6,76.3,15.1,40.7,11.5,30.0,2.6,10.2,NE,Otoe,16335,31131,Otoe County,Nebraska,0.2698,0.0993,0.902,0.3847,0.2173,15995.0,2025,2022,12.8,27.1,6.5,6.7,10.9,2.8,3.9,22.1,12.0,8.2,9.6,,6.6,6.3,31.2,2023,0,Low
31133,10.3,22.8,21.6,31.7,59.1,7.3,9.9,,5.9,71.9,79.3,50.1,7.0,,,17.2,59.3,19.3,9.9,18.3,28.1,,29.5,74.2,16.6,38.4,12.9,33.2,3.1,18.1,NE,Pawnee,2512,31133,Pawnee County,Nebraska,0.49,0.4442,0.9249,0.0983,0.3153,2553.0,2025,2022,14.7,30.2,7.5,8.4,12.9,3.6,4.8,21.7,15.1,12.0,11.1,,8.1,8.0,32.2,2023,2,Moderate
31135,9.4,21.6,23.1,29.8,58.1,7.4,9.3,,5.3,73.1,81.5,56.1,5.7,,,14.3,60.3,18.3,9.0,15.1,28.1,,24.6,72.2,15.1,40.7,11.3,33.1,2.7,12.6,NE,Perkins,2795,31135,Perkins County,Nebraska,0.14,0.1801,0.546,0.1985,0.0764,2860.0,2025,2022,12.6,26.5,6.8,6.8,10.6,2.9,3.9,20.6,11.8,8.1,9.3,,6.6,6.4,30.6,2023,0,Low
31137,9.8,22.5,21.6,30.1,58.9,7.4,9.4,,5.4,72.5,81.2,55.3,6.0,,,15.2,64.1,19.1,9.4,16.0,27.9,,25.5,68.4,15.5,39.1,11.9,33.0,2.8,14.5,NE,Phelps,9057,31137,Phelps County,Nebraska,0.3242,0.174,0.5094,0.2485,0.6309,8966.0,2025,2022,13.2,28.2,7.0,7.3,11.3,3.1,4.3,20.8,12.7,9.3,9.9,,7.0,7.0,30.2,2023,0,Low
31139,8.3,21.7,22.4,28.8,58.6,7.3,9.3,,5.2,73.0,81.8,56.5,5.5,,,14.3,64.9,18.3,8.6,14.6,29.3,,25.1,75.2,15.2,39.2,11.1,29.7,2.7,10.3,NE,Pierce,7299,31139,Pierce County,Nebraska,0.0439,0.0684,0.5215,0.0407,0.0169,7301.0,2025,2022,12.3,25.1,6.7,6.6,10.1,2.8,3.6,20.7,10.8,7.5,8.8,,6.2,6.1,30.5,2023,0,Low
31141,13.0,21.2,21.1,30.4,58.5,6.9,8.7,,5.3,74.0,82.0,58.6,5.5,,,13.8,59.6,16.4,10.0,15.9,29.6,,26.1,77.7,14.4,42.1,11.5,29.4,2.8,9.3,NE,Platte,34609,31141,Platte County,Nebraska,0.371,0.2103,0.7493,0.6013,0.3105,34219.0,2025,2022,12.6,26.9,6.7,7.0,10.9,3.1,4.5,22.0,13.9,9.5,10.8,,7.2,7.1,28.9,2023,0,Low
31143,9.8,22.2,22.9,29.6,58.3,7.3,9.2,,5.2,70.6,81.4,56.0,5.5,,,14.2,59.7,18.0,8.9,14.9,27.7,,26.1,72.2,15.2,40.6,11.2,31.5,2.7,12.0,NE,Polk,5228,31143,Polk County,Nebraska,0.0477,0.0706,0.2813,0.2628,0.0404,5182.0,2025,2022,12.7,26.4,6.7,6.8,10.4,2.8,3.8,21.5,11.5,7.8,9.5,,6.5,6.2,30.5,2023,0,Low
31145,9.4,23.1,21.0,32.7,58.7,7.3,9.6,,5.6,73.0,80.9,58.4,6.1,,,15.0,65.8,20.6,9.6,16.4,29.6,,27.8,73.7,15.7,42.5,12.1,32.1,2.9,17.0,NE,Red Willow,10457,31145,Red Willow County,Nebraska,0.3522,0.3353,0.3576,0.2781,0.5062,10690.0,2025,2022,13.5,29.6,7.0,7.6,11.8,3.2,4.3,20.9,13.4,9.7,10.3,,7.2,7.2,29.8,2023,0,Low
31147,9.5,23.2,21.5,32.6,59.1,7.2,9.6,,5.6,71.6,80.4,53.6,6.3,,,16.6,56.6,19.5,10.2,16.9,28.3,,28.7,70.1,15.9,45.6,12.2,31.3,2.9,9.5,NE,Richardson,7689,31147,Richardson County,Nebraska,0.2883,0.4133,0.5784,0.2399,0.1244,7850.0,2025,2022,13.8,28.3,7.1,7.7,11.6,3.2,4.4,21.8,13.3,9.9,10.3,,7.4,7.2,31.9,2023,2,Moderate
31149,8.4,21.7,22.7,29.1,58.7,7.5,9.4,,5.2,73.2,81.7,56.8,5.6,,,14.3,62.2,18.6,8.8,14.9,28.4,,24.9,72.5,15.1,39.1,11.3,33.9,2.7,11.9,NE,Rock,1271,31149,Rock County,Nebraska,0.0423,0.041,0.3812,0.0019,0.07,1312.0,2025,2022,12.5,25.8,6.6,6.9,10.5,2.9,3.8,20.3,11.4,8.2,9.0,,6.4,6.3,30.0,2023,0,Low
31151,15.2,21.5,22.3,29.3,58.7,6.7,8.8,,5.5,71.9,80.7,53.4,5.8,,,14.5,58.1,17.3,10.5,18.5,29.8,,28.7,69.9,14.8,41.2,12.1,36.3,2.9,13.0,NE,Saline,14555,31151,Saline County,Nebraska,0.4989,0.3878,0.7082,0.7003,0.3624,14275.0,2025,2022,13.4,29.0,7.1,7.4,12.2,3.4,5.0,22.9,16.5,10.7,13.1,,8.1,7.9,32.5,2023,2,Moderate
31153,8.0,20.4,18.7,29.2,59.4,7.1,8.6,,4.5,76.1,84.3,60.4,4.4,,,11.0,69.3,17.5,8.9,13.1,29.5,,21.2,78.0,13.6,35.6,9.8,33.7,2.4,7.8,NE,Sarpy,199886,31153,Sarpy County,Nebraska,0.0776,0.0417,0.3551,0.5488,0.0748,191272.0,2025,2022,10.7,23.3,5.9,5.7,9.1,2.4,3.3,18.2,9.5,6.0,8.0,,5.5,5.5,28.6,2023,0,Low
31155,7.7,21.5,24.0,29.6,58.1,7.4,9.0,,4.9,73.0,82.2,60.3,5.0,,,12.9,67.7,17.4,8.4,13.1,28.6,,22.1,73.2,14.2,38.9,10.3,29.4,2.5,9.4,NE,Saunders,23463,31155,Saunders County,Nebraska,0.0108,0.0143,0.1527,0.0983,0.0337,22374.0,2025,2022,11.6,23.9,6.3,6.2,9.3,2.5,3.4,19.8,9.8,6.6,8.1,,5.7,5.6,29.0,2023,0,Low
31157,12.6,22.9,20.2,32.1,59.7,6.9,9.3,,5.6,74.1,81.1,51.2,6.1,,,14.6,59.7,18.5,10.5,18.4,28.3,,27.8,71.7,15.5,39.6,12.5,33.9,2.9,11.8,NE,Scotts Bluff,35699,31157,Scotts Bluff County,Nebraska,0.7356,0.5367,0.9507,0.6599,0.5733,36048.0,2025,2022,13.9,31.3,7.2,7.7,12.7,3.5,5.1,21.3,16.5,11.2,12.3,,8.2,8.0,32.2,2023,2,Moderate
31159,7.9,22.0,22.6,29.1,57.8,7.4,9.2,,5.0,72.2,82.1,59.5,5.2,,,13.6,68.2,19.1,8.3,13.7,28.4,,23.2,69.8,14.6,35.6,10.7,28.8,2.6,14.0,NE,Seward,17671,31159,Seward County,Nebraska,0.0563,0.0321,0.071,0.0757,0.4095,17644.0,2025,2022,11.9,25.7,6.5,6.2,9.7,2.6,3.5,19.9,10.0,6.9,8.3,,5.9,5.8,28.4,2023,0,Low
31161,10.6,21.8,22.5,31.5,58.7,7.2,9.7,,5.7,70.9,80.5,55.4,6.4,,,16.2,59.7,18.3,10.0,16.9,26.9,,29.1,67.2,15.8,36.7,12.4,32.9,3.0,15.8,NE,Sheridan,4928,31161,Sheridan County,Nebraska,0.3462,0.2825,0.4318,0.5352,0.3891,5102.0,2025,2022,13.8,28.7,7.3,7.9,11.9,3.4,4.8,22.7,15.2,10.9,11.7,,8.3,8.0,31.7,2023,0,Low
31163,9.8,22.3,21.2,30.5,58.7,7.2,9.5,,5.7,72.4,80.2,55.2,6.4,,,16.1,58.6,18.7,9.7,16.9,29.2,,26.9,75.7,16.0,41.9,12.1,33.4,3.0,10.1,NE,Sherman,2983,31163,Sherman County,Nebraska,0.2641,0.273,0.5714,0.0983,0.2774,2970.0,2025,2022,13.9,28.5,7.2,7.7,11.8,3.3,4.4,21.2,13.7,10.3,10.5,,7.4,7.4,30.4,2023,0,Low
31165,11.0,24.1,21.1,33.5,60.2,7.4,9.8,,6.6,72.4,79.2,54.3,7.6,,,18.2,55.7,19.5,11.2,19.5,29.5,,29.3,68.7,16.7,43.5,13.5,33.3,3.4,11.3,NE,Sioux,1154,31165,Sioux County,Nebraska,0.3204,0.3439,0.5676,0.1572,0.315,1162.0,2025,2022,15.0,31.2,8.2,9.0,13.5,4.1,5.5,21.0,17.0,14.3,12.4,,9.1,9.4,30.3,2023,2,Moderate
31167,9.2,21.2,23.7,28.1,58.2,7.3,9.3,,5.2,72.3,81.9,55.1,5.4,,,14.0,64.0,17.7,8.9,14.7,29.0,,25.6,73.5,14.9,39.8,11.1,30.1,2.7,12.8,NE,Stanton,5856,31167,Stanton County,Nebraska,0.0054,0.0057,0.0907,0.2879,0.013,5828.0,2025,2022,12.3,24.8,6.6,6.6,10.1,2.8,3.7,20.6,11.2,7.6,9.2,,6.3,6.2,30.1,2023,0,Low
31169,9.2,22.5,21.7,30.2,59.7,7.4,9.5,,5.7,72.8,80.8,53.8,6.4,,,15.8,60.9,19.1,9.7,16.4,28.8,,26.6,70.8,15.9,40.2,12.3,30.9,3.0,17.5,NE,Thayer,4829,31169,Thayer County,Nebraska,0.1301,0.1368,0.3554,0.1094,0.1966,5006.0,2025,2022,13.6,28.1,7.2,7.7,11.4,3.3,4.4,20.5,13.3,10.2,10.2,,7.3,7.4,31.5,2023,0,Low
31171,8.4,21.2,22.6,28.3,57.9,7.4,9.2,,4.8,73.1,82.5,56.9,5.1,,,12.9,66.5,18.2,8.3,13.8,28.1,,23.5,74.1,14.6,37.2,10.7,30.9,2.5,14.9,NE,Thomas,677,31171,Thomas County,Nebraska,0.0019,0.0213,0.0207,0.3675,0.0038,592.0,2025,2022,11.8,24.9,6.2,6.3,9.7,2.6,3.5,20.6,10.4,6.9,8.7,,6.0,5.8,30.3,2023,0,Low
31173,11.1,22.9,20.2,35.5,61.4,6.8,11.3,,6.6,74.6,79.2,50.8,7.5,,,21.9,51.8,18.2,13.1,22.7,28.0,,30.2,70.9,17.8,46.3,14.6,36.4,3.8,14.7,NE,Thurston,6557,31173,Thurston County,Nebraska,0.798,0.7786,0.6188,0.9443,0.6831,6716.0,2025,2022,16.1,35.6,9.1,10.1,15.1,4.3,6.9,25.7,23.8,17.7,16.9,,13.0,12.9,33.5,2023,3,High
31175,9.1,22.7,22.2,30.3,59.2,7.4,9.5,,5.6,72.5,81.0,55.4,6.1,,,14.9,64.6,18.3,9.5,16.2,28.3,,25.9,74.2,15.4,42.2,11.9,31.1,2.9,9.3,NE,Valley,4012,31175,Valley County,Nebraska,0.1464,0.0824,0.5842,0.0115,0.2851,4053.0,2025,2022,13.2,27.4,7.1,7.4,11.4,3.2,4.2,20.4,13.0,9.9,9.9,,7.1,7.1,31.4,2023,0,Low
31177,7.4,21.8,23.7,28.8,58.5,7.6,9.0,,4.8,74.3,83.0,59.7,4.9,,,12.3,69.6,18.7,8.5,13.0,29.6,,21.7,74.3,14.2,40.8,10.4,27.6,2.5,8.9,NE,Washington,21152,31177,Washington County,Nebraska,0.0143,0.0302,0.1187,0.0983,0.0379,20884.0,2025,2022,11.4,24.2,6.1,6.0,9.5,2.5,3.3,18.5,9.5,6.5,7.8,,5.6,5.4,28.5,2023,0,Low
31179,9.6,21.9,23.4,29.9,59.7,7.2,9.2,,5.5,74.1,81.7,57.2,5.8,,,14.3,65.4,18.1,10.0,15.5,28.4,,26.3,70.0,15.3,41.0,11.5,34.2,2.9,12.1,NE,Wayne,9874,31179,Wayne County,Nebraska,0.1626,0.2596,0.0601,0.3166,0.3013,9701.0,2025,2022,12.9,26.8,6.9,7.1,10.8,3.2,4.3,20.4,12.7,9.4,10.4,,7.1,7.2,31.0,2023,0,Low
31181,9.4,23.2,21.7,30.5,58.7,7.4,9.5,,5.5,72.1,81.5,55.6,6.0,,,15.1,60.0,18.9,9.8,16.0,29.7,,25.0,73.0,15.4,39.1,11.8,33.7,2.8,17.1,NE,Webster,3351,31181,Webster County,Nebraska,0.0375,0.0461,0.1814,0.2914,0.0493,3410.0,2025,2022,13.0,27.9,6.9,7.3,11.3,3.1,4.2,20.8,12.8,9.4,10.2,,7.1,7.1,29.7,2023,0,Low
31183,8.0,21.3,22.8,29.9,58.6,7.5,9.1,,5.2,73.3,82.1,54.0,5.3,,,13.5,61.6,17.9,8.9,14.0,28.6,,23.5,72.9,14.5,38.3,10.7,32.2,2.6,10.5,NE,Wheeler,775,31183,Wheeler County,Nebraska,0.0385,0.105,0.1209,0.0013,0.0617,771.0,2025,2022,12.0,25.5,6.7,6.4,9.9,2.7,3.6,20.2,10.4,7.3,8.6,,6.1,6.0,29.4,2023,0,Low
31185,9.5,21.7,22.1,29.6,58.0,7.2,9.5,,5.4,71.5,81.4,57.5,5.8,,,15.0,69.1,18.2,9.3,15.8,28.9,,25.6,75.0,15.5,41.8,11.5,30.6,2.8,8.5,NE,York,14356,31185,York County,Nebraska,0.1359,0.0407,0.1479,0.2959,0.5682,14212.0,2025,2022,12.9,27.3,6.9,7.2,11.1,3.1,4.1,20.9,12.8,9.1,10.1,,6.9,6.9,31.2,2023,0,Low
32001,11.7,25.2,17.4,31.1,53.0,7.2,11.3,,5.8,69.2,82.1,55.4,6.9,,,16.4,58.1,22.8,9.8,20.9,33.9,,25.2,74.1,20.1,37.9,14.6,36.2,3.1,15.8,NV,Churchill,25803,32001,Churchill County,Nevada,0.6271,0.5161,0.7703,0.6516,0.5317,25409.0,2025,2022,17.1,33.4,7.4,8.7,13.2,3.6,5.1,26.2,16.2,13.8,13.8,,9.5,9.2,36.1,2023,2,Moderate
32003,15.7,21.6,16.0,32.0,53.7,6.1,10.1,,5.5,72.3,83.5,52.7,6.3,,,14.8,56.8,20.6,11.1,21.8,33.9,,26.5,68.1,19.4,31.2,14.3,41.4,3.1,11.3,NV,Clark,2336573,32003,Clark County,Nevada,0.8635,0.8969,0.6647,0.9217,0.7127,2265926.0,2025,2022,16.3,33.2,6.5,8.7,14.2,3.9,5.9,28.6,19.6,16.5,17.5,,10.9,10.8,37.8,2023,3,High
32005,9.7,22.9,18.7,27.2,51.8,7.6,10.3,,5.0,71.2,84.1,59.5,5.5,,,12.6,67.2,21.2,8.1,16.5,31.7,,18.8,72.9,17.7,27.3,12.5,33.9,2.6,11.7,NV,Douglas,49545,32005,Douglas County,Nevada,0.2059,0.2046,0.4448,0.5558,0.1231,49476.0,2025,2022,14.4,28.4,6.4,7.0,10.9,2.8,4.0,23.0,11.8,9.3,10.8,,7.3,7.1,33.5,2023,0,Low
32007,14.2,23.8,18.1,30.8,53.6,7.0,10.6,,5.9,70.4,81.9,53.4,6.9,,,16.9,59.4,21.6,10.4,21.7,32.6,,25.6,67.8,19.1,37.6,14.7,37.8,3.2,18.4,NV,Elko,54293,32007,Elko County,Nevada,0.6185,0.4057,0.5721,0.741,0.7817,53600.0,2025,2022,17.4,34.4,7.5,9.0,13.8,3.9,5.6,25.0,17.5,14.8,14.9,,10.1,9.6,34.0,2023,2,Moderate
32009,16.6,25.3,17.0,33.1,54.1,6.9,11.2,,7.1,70.1,80.3,53.6,8.5,,,19.0,53.2,22.4,12.1,26.6,33.6,,28.9,70.0,20.3,36.6,16.5,38.0,3.8,18.7,NV,Esmeralda,736,32009,Esmeralda County,Nevada,0.9077,0.8638,0.7028,0.7436,0.9567,980.0,2025,2022,19.4,38.2,8.6,10.8,16.5,5.1,7.3,27.7,23.8,21.6,18.8,,13.2,12.9,37.1,2023,3,High
32011,13.3,27.0,17.3,34.4,54.9,7.3,11.5,,7.5,70.2,79.5,54.5,9.7,,,21.3,57.4,25.0,12.3,26.3,34.1,,29.4,68.8,21.9,37.7,17.1,37.1,4.0,18.0,NV,Eureka,1917,32011,Eureka County,Nevada,0.4254,0.147,0.8339,0.4814,0.5692,1622.0,2025,2022,20.2,38.9,9.0,11.5,17.0,5.2,7.2,25.7,22.7,23.5,17.2,,12.7,13.1,35.8,2023,3,High
32013,14.4,24.3,18.0,29.0,52.3,6.9,10.7,,5.7,70.4,82.1,55.8,6.7,,,15.6,54.9,22.1,10.1,21.6,33.3,,26.1,73.3,19.0,36.0,14.4,38.8,3.0,23.2,NV,Humboldt,17136,32013,Humboldt County,Nevada,0.616,0.5056,0.6793,0.735,0.5495,17266.0,2025,2022,17.2,34.7,7.3,8.6,13.5,3.7,5.4,26.1,17.6,14.2,14.9,,9.7,9.2,35.9,2023,2,Moderate
32015,14.5,24.6,18.3,32.0,53.1,7.0,11.0,,6.4,69.4,81.0,51.3,7.8,,,17.8,58.3,23.5,11.1,23.4,32.6,,27.4,70.3,20.2,34.9,15.5,38.2,3.4,20.4,NV,Lander,5769,32015,Lander County,Nevada,0.5762,0.413,0.9135,0.678,0.363,5728.0,2025,2022,18.3,35.6,7.9,9.8,14.9,4.3,6.2,26.2,19.7,17.7,16.1,,10.9,10.8,36.5,2023,3,High
32017,10.0,23.2,19.4,29.4,52.4,7.4,10.7,,5.4,70.2,82.7,57.4,6.3,,,15.6,57.1,23.0,8.8,18.5,32.4,,22.1,73.0,19.3,31.7,13.4,38.6,2.8,9.9,NV,Lincoln,4452,32017,Lincoln County,Nevada,0.5749,0.3175,0.5472,0.4569,0.9255,4507.0,2025,2022,16.0,31.7,6.8,7.8,11.8,3.1,4.3,25.5,13.4,11.2,11.8,,8.0,7.8,35.7,2023,2,Moderate
32019,13.0,22.4,18.0,31.6,52.4,7.2,10.9,,5.7,70.0,82.0,57.1,6.8,,,16.0,58.2,22.4,9.8,21.3,32.6,,25.9,67.3,19.4,35.0,14.5,37.8,3.0,17.3,NV,Lyon,62583,32019,Lyon County,Nevada,0.5593,0.7229,0.6602,0.6424,0.1737,59435.0,2025,2022,16.9,33.6,7.1,8.6,13.6,3.6,5.1,25.7,16.5,13.4,13.9,,9.5,9.1,36.2,2023,2,Moderate
32021,15.0,26.7,16.7,34.6,55.0,6.9,12.1,,7.3,70.6,79.4,51.4,9.6,,,22.2,52.3,24.4,12.8,28.2,33.7,,31.6,69.2,22.4,38.4,17.7,41.1,4.1,20.7,NV,Mineral,4528,32021,Mineral County,Nevada,0.5501,0.7935,0.5829,0.8139,0.0738,4568.0,2025,2022,21.0,41.1,9.0,12.0,17.9,5.4,7.9,28.6,26.4,25.4,20.0,,14.6,14.5,38.2,2023,3,High
32023,14.4,25.2,17.2,31.9,52.0,7.1,11.4,,6.3,68.3,81.3,49.3,7.8,,,18.6,53.3,23.1,10.9,24.6,34.2,,29.1,71.3,21.1,40.1,15.9,38.6,3.4,17.5,NV,Nye,55720,32023,Nye County,Nevada,0.7954,0.8339,0.8606,0.6503,0.469,51698.0,2025,2022,18.8,36.3,7.7,9.8,15.0,4.3,6.1,27.8,20.2,18.0,16.8,,11.2,10.8,39.2,2023,3,High
32027,15.6,22.8,19.6,31.4,52.4,6.9,9.8,,6.0,68.3,80.7,52.2,6.8,,,16.8,55.8,20.1,10.3,21.9,33.5,,25.2,71.8,18.6,35.3,14.3,39.7,3.2,16.4,NV,Pershing,6364,32027,Pershing County,Nevada,0.6761,0.539,0.3341,0.7423,0.901,6587.0,2025,2022,17.0,34.4,7.7,8.3,13.4,3.7,5.4,28.7,17.2,13.4,14.8,,9.7,9.2,36.6,2023,2,Moderate
32029,9.6,22.7,20.1,27.5,51.3,7.4,10.7,,4.9,71.3,84.3,58.0,5.5,,,12.8,62.7,22.3,8.2,16.5,32.7,,19.6,73.0,18.0,31.8,12.3,35.9,2.6,8.7,NV,Storey,4177,32029,Storey County,Nevada,0.1836,0.3732,0.476,0.4779,0.0108,4095.0,2025,2022,14.7,28.6,6.3,7.0,10.6,2.8,3.8,24.1,11.6,8.9,10.7,,7.2,6.7,34.1,2023,0,Low
32031,12.3,22.4,19.8,26.9,51.0,7.0,10.4,,5.1,72.8,83.4,56.9,5.8,,,12.8,60.8,21.6,8.8,20.1,32.6,,21.0,68.4,18.2,28.5,13.4,38.7,2.8,11.6,NV,Washoe,498022,32031,Washoe County,Nevada,0.6971,0.6322,0.3983,0.776,0.7849,486674.0,2025,2022,15.3,29.5,6.6,7.6,11.7,3.2,4.8,25.5,15.1,11.7,13.5,,8.6,8.2,38.2,2023,2,Moderate
32033,13.8,24.4,18.1,31.1,53.2,7.1,10.8,,6.1,69.6,81.1,55.1,7.4,,,17.8,56.4,22.5,10.2,22.6,32.8,,25.3,72.5,20.1,34.4,15.0,38.3,3.3,17.5,NV,White Pine,8522,32033,White Pine County,Nevada,0.2498,0.1279,0.2835,0.6538,0.4524,8997.0,2025,2022,18.0,35.2,7.7,9.2,14.0,4.0,5.6,26.8,18.0,15.7,15.0,,10.3,9.9,36.2,2023,2,Moderate
32510,13.5,22.9,19.2,29.5,52.2,7.0,10.5,,5.5,69.7,82.9,56.2,6.4,,,14.7,58.3,22.2,9.9,20.9,32.3,,23.6,74.4,19.0,33.1,13.9,36.2,3.0,10.3,NV,Carson City,58036,32510,Carson City,Nevada,0.8508,0.6771,0.6965,0.7308,0.9755,58249.0,2025,2022,16.4,33.5,7.0,8.3,13.1,3.6,5.2,26.2,16.4,13.4,14.2,,9.4,9.2,37.3,2023,2,Moderate
33001,7.2,23.7,18.9,28.1,53.3,8.0,10.4,,4.9,73.4,85.3,58.7,5.7,,,12.4,64.0,24.9,7.7,14.3,28.7,,18.9,73.4,17.3,30.1,11.4,35.5,2.6,8.1,NH,Belknap,65027,33001,Belknap County,New Hampshire,0.1454,0.2033,0.2342,0.1094,0.2221,63914.0,2025,2022,13.5,25.4,6.1,6.7,9.7,2.7,3.6,21.2,10.2,7.5,9.1,,6.3,6.1,32.1,2023,0,Low
33003,6.9,22.6,19.1,25.2,55.9,7.8,10.3,,4.8,73.5,85.9,65.4,5.2,,,11.2,65.2,24.1,7.0,12.9,29.0,,18.0,76.5,16.7,30.5,11.0,35.4,2.5,7.9,NH,Carroll,52448,33003,Carroll County,New Hampshire,0.1406,0.3761,0.1266,0.0579,0.1123,50679.0,2025,2022,12.5,22.4,6.1,6.4,8.9,2.6,3.4,21.4,9.6,6.9,8.9,,5.9,5.9,31.2,2023,0,Low
33005,7.4,24.2,18.1,27.9,54.5,8.0,10.7,,4.9,71.2,85.0,60.5,5.7,,,12.4,64.4,25.0,7.5,14.5,27.3,,19.5,76.6,17.3,30.2,11.6,34.6,2.6,10.7,NH,Cheshire,77703,33005,Cheshire County,New Hampshire,0.1702,0.2291,0.0248,0.1457,0.5988,76610.0,2025,2022,13.8,26.5,6.3,6.9,9.8,2.8,3.7,22.8,10.6,7.8,9.4,,6.6,6.4,31.2,2023,0,Low
33007,9.4,25.2,17.8,29.9,56.3,7.5,11.6,,5.7,73.9,83.2,58.0,7.1,,,15.6,59.8,24.5,9.4,18.1,30.1,,25.6,72.3,18.5,36.1,13.0,33.6,3.1,14.3,NH,Coos,31372,33007,Coos County,New Hampshire,0.4862,0.5377,0.3038,0.0881,0.72,31430.0,2025,2022,16.0,30.9,7.2,8.5,12.1,3.5,4.7,24.6,14.4,11.3,11.6,,8.3,7.9,34.3,2023,2,Moderate
33009,7.1,23.4,17.3,27.0,54.6,7.8,10.5,,4.8,71.6,85.3,61.4,5.3,,,11.4,67.8,24.9,7.5,13.2,28.8,,18.7,76.8,16.3,26.5,10.7,32.7,2.5,7.6,NH,Grafton,93146,33009,Grafton County,New Hampshire,0.2619,0.2148,0.084,0.328,0.6997,90836.0,2025,2022,12.8,23.7,6.0,6.4,9.2,2.7,3.6,21.5,10.2,7.4,9.0,,6.4,6.2,32.1,2023,0,Low
33011,7.7,22.3,17.5,28.0,56.9,7.5,10.6,,4.7,75.7,86.6,65.6,4.9,,,10.7,69.5,22.1,7.9,13.9,29.8,,21.4,79.3,16.2,32.8,10.7,34.4,2.5,9.7,NH,Hillsborough,427354,33011,Hillsborough County,New Hampshire,0.2234,0.224,0.097,0.4973,0.4391,422733.0,2025,2022,12.7,24.6,5.9,6.5,9.5,2.6,3.5,24.3,10.4,6.7,9.4,,6.1,6.1,33.9,2023,0,Low
33013,7.1,23.4,16.9,27.5,54.6,7.7,11.0,,4.7,76.9,86.4,61.5,5.3,,,10.9,68.8,24.6,7.4,13.5,28.0,,18.8,80.8,16.7,33.2,10.8,33.0,2.5,10.0,NH,Merrimack,157103,33013,Merrimack County,New Hampshire,0.2109,0.1635,0.0815,0.2444,0.6701,153918.0,2025,2022,13.0,25.4,6.0,6.6,9.9,2.6,3.5,22.0,9.9,7.3,9.1,,6.1,6.0,30.3,2023,0,Low
33015,6.3,21.3,18.1,28.9,54.7,7.7,10.1,,4.3,75.7,87.3,63.9,4.6,,,9.9,70.0,23.0,7.1,11.7,30.5,,17.4,78.1,15.8,30.7,10.1,34.6,2.3,8.4,NH,Rockingham,320689,33015,Rockingham County,New Hampshire,0.02,0.0595,0.0175,0.2692,0.1161,315169.0,2025,2022,11.4,22.0,5.6,5.6,8.1,2.2,3.0,20.4,8.8,5.5,7.8,,5.3,5.3,29.5,2023,0,Low
33017,7.0,24.2,17.4,29.3,53.7,7.7,10.7,,4.7,75.8,85.7,60.6,5.5,,,11.3,65.2,26.6,7.8,13.9,31.5,,19.1,79.2,17.9,33.3,10.8,32.0,2.5,10.0,NH,Strafford,133243,33017,Strafford County,New Hampshire,0.1833,0.2074,0.0086,0.335,0.7321,130965.0,2025,2022,12.7,24.8,6.2,6.5,9.4,2.6,3.5,23.1,10.5,7.5,9.4,,6.2,6.3,34.4,2023,0,Low
33019,8.4,24.4,17.8,29.1,54.0,7.6,11.0,,5.2,72.3,83.8,59.3,6.2,,,13.3,62.6,25.8,8.4,15.4,30.2,,22.7,79.6,17.7,33.2,11.9,34.5,2.8,11.9,NH,Sullivan,43969,33019,Sullivan County,New Hampshire,0.2186,0.3847,0.0659,0.1457,0.3882,43356.0,2025,2022,14.4,27.1,6.5,7.6,11.0,3.1,4.1,23.0,12.2,9.4,10.3,,7.2,7.1,31.2,2023,0,Low
34001,12.6,20.3,16.5,31.0,59.9,6.2,9.5,,5.2,77.4,86.7,57.1,5.3,,,13.2,62.1,17.1,10.3,18.4,35.3,,26.7,74.1,17.2,30.9,12.7,39.1,3.0,12.7,NJ,Atlantic,275213,34001,Atlantic County,New Jersey,0.853,0.7712,0.679,0.8317,0.9026,274339.0,2025,2022,13.8,26.6,5.4,7.7,11.3,3.5,5.1,25.7,17.4,11.1,15.0,,9.3,8.9,34.0,2023,3,High
34003,10.4,16.8,17.4,28.1,56.6,6.0,8.0,,4.1,76.6,89.1,58.6,3.6,,,8.4,69.2,14.6,8.0,13.7,35.9,,20.6,73.8,14.6,25.4,9.6,39.6,2.2,7.9,NJ,Bergen,957736,34003,Bergen County,New Jersey,0.4372,0.3191,0.1553,0.8501,0.651,953243.0,2025,2022,10.1,20.1,4.5,5.4,8.2,2.4,3.6,25.2,11.3,5.8,10.8,,6.1,5.7,34.7,2023,0,Low
34005,8.7,21.2,17.7,29.7,57.7,6.6,9.3,,4.4,77.6,88.2,62.5,4.4,,,11.0,68.3,16.3,8.7,14.8,34.7,,22.5,80.6,16.1,30.0,11.4,34.7,2.5,9.0,NJ,Burlington,469167,34005,Burlington County,New Jersey,0.2434,0.1829,0.2004,0.7261,0.3299,461853.0,2025,2022,11.7,23.4,4.8,6.1,9.0,2.7,3.7,23.2,12.0,7.2,11.4,,7.2,7.0,30.2,2023,0,Low
34007,12.0,20.9,17.8,30.3,58.0,6.2,9.7,,4.9,76.0,87.0,60.1,5.0,,,13.1,61.6,18.0,9.9,17.5,33.6,,25.5,76.2,17.0,29.6,12.5,40.8,2.9,10.0,NJ,Camden,527196,34007,Camden County,New Jersey,0.7795,0.665,0.784,0.8396,0.7025,522581.0,2025,2022,13.6,26.8,5.1,7.4,10.9,3.4,4.8,24.8,17.0,10.9,14.9,,8.8,8.6,34.5,2023,2,Moderate
34009,9.2,20.7,19.9,29.0,57.4,7.2,9.7,,4.8,75.4,87.0,62.8,5.0,,,12.5,64.9,19.5,8.0,15.0,35.7,,20.4,73.8,17.0,33.9,11.8,34.6,2.6,9.2,NJ,Cape May,94610,34009,Cape May County,New Jersey,0.3541,0.3885,0.3729,0.4445,0.3201,95456.0,2025,2022,12.6,23.6,5.2,6.6,9.6,2.8,3.7,22.3,11.7,7.2,10.8,,6.7,6.4,30.2,2023,0,Low
34011,18.9,22.5,15.7,36.0,59.3,6.1,9.7,,6.1,75.3,84.7,52.4,6.6,,,16.6,55.9,16.4,12.1,24.1,34.7,,32.0,72.8,18.4,40.4,15.2,43.4,3.6,14.2,NJ,Cumberland,152326,34011,Cumberland County,New Jersey,0.9793,0.9418,0.8934,0.8976,0.9726,153588.0,2025,2022,16.2,30.3,6.1,9.5,14.2,4.8,7.0,27.1,24.7,17.1,20.6,,12.3,12.3,35.4,2023,3,High
34013,14.9,18.8,15.5,29.8,62.0,5.3,9.8,,5.1,76.2,87.2,58.6,5.1,,,12.3,62.9,15.7,11.0,19.5,35.1,,28.4,78.7,16.5,29.4,12.4,40.4,3.3,16.2,NJ,Essex,851117,34013,Essex County,New Jersey,0.9415,0.8982,0.7566,0.9644,0.9478,853374.0,2025,2022,13.3,25.5,4.9,7.8,11.4,4.0,5.9,28.1,21.5,14.4,18.8,,10.9,11.0,35.7,2023,3,High
34015,8.8,21.4,18.0,33.2,58.9,6.9,9.8,,4.6,75.6,87.7,62.4,4.7,,,12.1,67.6,19.1,8.9,14.7,34.7,,22.7,72.9,17.2,31.5,11.4,40.4,2.6,11.9,NJ,Gloucester,308423,34015,Gloucester County,New Jersey,0.2173,0.2141,0.2469,0.5867,0.2259,302621.0,2025,2022,12.4,24.1,5.0,6.5,9.4,2.8,3.7,23.5,12.2,7.2,11.7,,6.8,6.7,33.9,2023,0,Low
34017,14.5,16.9,16.1,29.2,56.6,5.1,8.4,,4.8,76.2,87.4,52.4,4.2,,,10.4,59.9,14.0,10.8,18.7,35.5,,28.1,70.3,14.5,27.8,12.5,38.9,2.7,7.7,NJ,Hudson,705472,34017,Hudson County,New Jersey,0.7827,0.8241,0.1785,0.9669,0.8365,712029.0,2025,2022,12.2,25.5,5.0,6.6,11.4,3.4,5.4,25.1,18.2,10.1,14.5,,8.8,8.1,32.2,2023,2,Moderate
34019,7.3,19.1,19.0,25.6,55.6,7.3,8.8,,4.2,75.4,88.9,63.7,3.8,,,8.9,71.4,17.7,7.0,12.3,32.5,,17.9,77.9,14.8,26.0,9.9,33.0,2.1,5.4,NJ,Hunterdon,130183,34019,Hunterdon County,New Jersey,0.035,0.0388,0.0592,0.4725,0.0846,129099.0,2025,2022,10.3,20.5,4.6,5.2,7.6,2.1,2.9,20.9,8.4,4.5,8.1,,5.2,4.7,33.1,2023,0,Low
34021,11.9,18.0,15.2,28.4,57.1,6.0,8.9,,4.7,77.1,87.9,59.6,4.4,,,10.7,64.9,15.1,9.8,16.7,33.3,,23.9,72.9,15.2,25.5,11.2,37.0,2.7,11.4,NJ,Mercer,381671,34021,Mercer County,New Jersey,0.7445,0.5597,0.4053,0.8864,0.9383,383732.0,2025,2022,11.8,22.0,4.7,6.5,9.7,3.1,4.5,26.0,15.8,9.1,14.3,,8.1,8.0,33.1,2023,2,Moderate
34023,11.2,18.3,15.5,30.4,58.4,5.6,8.3,,4.4,77.4,88.0,59.6,3.9,,,10.1,66.0,13.0,10.3,16.4,34.9,,24.7,75.5,14.4,29.7,10.5,39.4,2.5,6.6,NJ,Middlesex,863623,34023,Middlesex County,New Jersey,0.6647,0.496,0.2361,0.9201,0.9198,860147.0,2025,2022,11.1,23.2,4.7,5.8,9.6,2.7,4.2,25.5,14.2,7.3,12.2,,7.3,6.5,34.8,2023,2,Moderate
34025,8.3,19.4,18.3,27.7,57.4,6.9,8.9,,4.4,76.4,88.5,61.5,4.0,,,9.8,68.7,15.1,7.8,13.0,33.6,,18.4,77.9,14.9,30.3,9.9,34.7,2.3,6.5,NJ,Monmouth,642799,34025,Monmouth County,New Jersey,0.2138,0.202,0.1254,0.6223,0.3338,643064.0,2025,2022,10.8,20.6,4.7,5.5,7.9,2.4,3.3,19.8,9.8,5.8,9.3,,5.8,5.7,29.3,2023,0,Low
34027,8.4,17.6,19.7,26.5,56.0,6.9,8.4,,4.0,76.1,89.0,64.2,3.5,,,8.5,72.8,15.6,7.4,11.8,34.6,,18.1,73.6,14.0,22.6,9.4,34.3,2.1,7.6,NJ,Morris,514423,34027,Morris County,New Jersey,0.1667,0.1142,0.097,0.6847,0.3614,508816.0,2025,2022,10.0,19.3,4.5,5.0,7.4,2.1,3.1,22.1,8.9,4.7,8.4,,5.4,4.9,32.5,2023,0,Low
34029,10.1,23.0,17.3,28.4,57.8,7.0,9.4,,4.9,74.0,86.4,58.1,5.3,,,14.0,64.8,17.3,8.8,15.8,35.4,,23.8,74.2,16.8,30.3,12.5,38.3,2.7,9.6,NJ,Ocean,659197,34029,Ocean County,New Jersey,0.4133,0.3668,0.609,0.4699,0.3385,638691.0,2025,2022,12.8,24.4,5.4,7.0,10.0,3.0,4.1,22.7,13.1,8.1,11.5,,7.4,7.1,31.0,2023,0,Low
34031,18.9,18.9,16.7,29.7,58.0,5.7,8.9,,5.3,73.2,86.3,51.7,5.2,,,12.5,57.2,15.8,11.2,21.7,33.3,,30.5,74.9,16.5,31.1,13.8,38.5,3.0,14.6,NJ,Passaic,513395,34031,Passaic County,New Jersey,0.9112,0.917,0.6866,0.922,0.8737,519986.0,2025,2022,14.7,28.8,5.5,7.8,12.7,3.9,6.1,26.6,23.1,12.8,18.9,,10.3,10.0,37.6,2023,3,High
34033,11.6,22.1,18.0,32.3,58.2,6.8,10.1,,5.4,75.6,85.6,57.8,5.9,,,14.8,65.0,19.4,9.7,18.5,33.7,,26.5,73.9,18.3,33.8,13.1,42.0,3.1,9.3,NJ,Salem,65338,34033,Salem County,New Jersey,0.6739,0.6134,0.7073,0.6402,0.5842,64840.0,2025,2022,14.6,27.8,5.7,8.1,11.5,3.6,4.9,25.0,16.6,11.2,14.4,,8.9,8.9,35.4,2023,2,Moderate
34035,9.1,17.7,14.7,26.6,57.0,6.2,7.9,,4.0,76.8,89.1,59.8,3.4,,,8.1,68.6,14.4,8.5,12.1,34.2,,19.8,74.7,13.5,25.8,9.6,38.3,2.2,8.4,NJ,Somerset,348842,34035,Somerset County,New Jersey,0.1912,0.1381,0.1072,0.8549,0.2969,344978.0,2025,2022,9.6,18.9,4.3,4.9,7.7,2.2,3.3,23.6,10.8,5.3,9.5,,5.8,5.3,32.8,2023,0,Low
34037,8.9,19.5,19.0,28.3,55.2,7.1,9.5,,4.6,75.4,87.5,60.9,4.4,,,11.1,69.7,19.0,7.6,13.9,33.4,,20.1,78.0,16.1,26.5,10.8,36.4,2.4,7.5,NJ,Sussex,146132,34037,Sussex County,New Jersey,0.0458,0.1339,0.0391,0.4741,0.0509,144808.0,2025,2022,11.7,21.6,5.0,5.9,8.3,2.5,3.4,21.4,10.3,5.8,9.9,,6.1,5.7,33.1,2023,0,Low
34039,15.7,17.2,16.1,30.8,59.0,5.6,9.0,,4.8,75.3,87.6,57.4,4.5,,,11.3,64.7,14.7,10.2,17.9,33.7,,24.8,76.1,15.7,29.4,12.0,39.7,2.8,11.9,NJ,Union,572726,34039,Union County,New Jersey,0.8145,0.7579,0.6118,0.9325,0.7665,572079.0,2025,2022,12.4,24.6,4.9,6.9,10.3,3.4,5.1,27.4,17.7,10.0,16.1,,8.9,8.7,34.5,2023,3,High
34041,9.8,21.3,18.4,29.1,58.7,7.2,9.3,,4.7,74.8,87.4,60.7,4.7,,,11.7,67.9,18.7,8.0,15.3,33.5,,23.6,76.7,16.7,32.3,11.5,37.5,2.5,8.6,NJ,Warren,111252,34041,Warren County,New Jersey,0.245,0.287,0.1269,0.5558,0.3077,109739.0,2025,2022,12.4,23.2,5.1,6.4,9.3,2.7,3.8,23.6,12.3,7.1,11.4,,6.9,6.5,34.4,2023,0,Low
35001,14.3,21.8,14.9,30.4,51.1,6.0,9.8,,5.4,65.5,83.1,53.6,4.9,,,12.2,64.5,25.2,10.2,21.0,31.2,,22.5,72.4,16.5,33.2,13.6,30.8,2.9,11.1,NM,Bernalillo,671586,35001,Bernalillo County,New Mexico,0.7929,0.7296,0.6564,0.9364,0.7168,674692.0,2025,2022,14.6,29.4,6.5,8.1,12.0,3.8,5.8,24.0,18.8,14.4,16.2,,10.0,10.6,34.7,2023,3,High
35003,11.7,23.7,16.6,31.3,54.2,6.8,10.5,,6.4,65.8,80.6,50.2,6.9,,,16.3,54.7,25.7,10.6,21.5,29.7,,23.2,62.4,18.7,32.2,14.8,36.3,3.4,20.3,NM,Catron,3825,35003,Catron County,New Mexico,0.4483,0.4384,0.4524,0.5406,0.4206,3635.0,2025,2022,16.9,32.2,7.7,9.6,13.5,4.3,6.0,23.4,19.1,17.6,15.4,,10.5,11.6,34.1,2023,2,Moderate
35005,20.7,23.8,15.1,34.3,54.5,5.8,9.9,,6.5,67.5,80.2,48.4,6.5,,,15.5,55.4,24.2,12.9,27.2,31.0,,30.4,70.9,18.0,40.3,16.4,36.4,3.5,13.9,NM,Chaves,63561,35005,Chaves County,New Mexico,0.9701,0.8683,0.9854,0.9389,0.8864,64701.0,2025,2022,18.5,37.5,7.8,10.5,16.2,5.3,8.1,26.1,26.3,22.0,21.1,,13.2,14.1,34.9,2023,3,High
35006,16.4,24.1,14.8,33.5,54.6,5.7,11.6,,7.0,66.3,79.2,48.6,7.3,,,19.7,53.8,24.0,14.6,27.8,29.1,,28.7,68.2,19.6,39.2,17.3,40.8,4.1,20.8,NM,Cibola,26780,35006,Cibola County,New Mexico,0.9663,0.8435,0.9497,0.9844,0.9555,27211.0,2025,2022,19.4,38.5,9.1,11.8,17.2,5.5,9.0,28.6,29.6,24.9,22.5,,16.1,16.6,36.1,2023,1,Critical
35007,16.9,22.1,16.0,30.4,53.7,6.1,9.5,,6.0,66.1,81.1,51.5,5.8,,,14.0,59.3,22.8,11.4,22.9,29.2,,25.2,70.3,16.8,32.1,14.7,34.8,3.2,10.4,NM,Colfax,12255,35007,Colfax County,New Mexico,0.7989,0.5775,0.6513,0.8874,0.9341,12370.0,2025,2022,16.3,33.1,7.4,8.9,13.5,4.3,6.6,24.6,21.1,17.1,17.5,,11.0,11.9,34.1,2023,3,High
35009,17.5,23.5,14.8,33.0,54.6,5.9,10.3,,6.4,67.0,80.0,49.0,6.7,,,15.1,62.4,24.4,12.4,25.1,30.4,,29.1,71.6,18.1,40.5,15.7,38.3,3.5,21.8,NM,Curry,47222,35009,Curry County,New Mexico,0.9395,0.9529,0.9555,0.8934,0.6042,48327.0,2025,2022,17.8,34.6,7.6,10.1,14.7,5.0,7.4,26.1,24.3,20.3,19.0,,12.4,13.0,35.9,2023,3,High
35011,16.4,22.7,16.3,30.8,53.1,6.3,10.2,,6.1,65.7,81.0,50.6,6.2,,,14.8,59.3,24.6,10.9,23.0,29.8,,25.2,71.1,18.0,33.0,15.1,34.1,3.3,16.8,NM,De Baca,1657,35011,De Baca County,New Mexico,0.5043,0.7162,0.4232,0.9434,0.0897,1695.0,2025,2022,17.1,33.4,7.5,9.3,13.6,4.3,6.3,26.0,20.4,16.2,17.3,,10.9,11.4,35.8,2023,3,High
35013,20.1,21.8,15.4,31.4,54.2,5.5,9.4,,6.0,68.7,81.4,48.6,5.5,,,13.1,59.9,22.2,13.1,26.0,30.0,,27.8,65.9,16.2,37.5,15.5,32.9,3.3,14.7,NM,DoÃ±a Ana,225210,35013,Doña Ana County,New Mexico,0.9873,0.9688,0.9071,0.9714,0.958,219870.0,2025,2022,16.8,35.1,7.4,9.5,14.9,5.0,7.9,25.4,25.6,21.3,20.6,,12.5,13.5,34.4,2023,3,High
35015,17.2,21.0,16.0,30.5,53.3,6.0,9.7,,5.8,65.1,81.3,51.2,5.5,,,13.4,57.4,23.1,10.7,22.1,29.9,,26.4,67.6,17.1,39.8,14.3,39.7,3.0,11.3,NM,Eddy,60275,35015,Eddy County,New Mexico,0.6382,0.3888,0.8696,0.9017,0.5237,61264.0,2025,2022,16.3,32.2,6.9,8.6,13.0,4.1,6.2,24.8,19.7,15.4,17.0,,10.4,10.8,34.8,2023,3,High
35017,16.8,22.2,15.3,30.0,54.3,6.1,9.7,,6.1,66.1,81.2,52.0,6.0,,,13.7,56.1,23.2,11.4,23.4,30.0,,25.9,67.5,17.0,33.9,14.8,33.9,3.2,14.4,NM,Grant,27472,35017,Grant County,New Mexico,0.7404,0.6707,0.6936,0.889,0.6106,28006.0,2025,2022,16.3,32.4,7.3,9.2,13.6,4.5,6.9,23.8,22.2,18.4,17.9,,11.4,12.2,34.0,2023,3,High
35019,24.7,20.9,15.1,33.1,53.7,4.8,8.7,,6.5,64.6,79.1,48.7,5.5,,,14.6,52.9,20.0,14.3,28.7,30.5,,31.7,67.3,16.3,37.5,16.2,36.9,3.5,16.0,NM,Guadalupe,4292,35019,Guadalupe County,New Mexico,0.8791,0.8221,0.7766,0.9889,0.7976,4413.0,2025,2022,17.7,36.5,8.0,9.7,16.0,5.4,9.1,28.1,29.1,22.8,22.8,,13.9,14.7,36.0,2023,3,High
35021,17.9,23.2,15.1,32.5,54.5,6.1,10.0,,6.6,66.0,79.9,52.8,6.9,,,15.6,57.9,24.3,12.4,25.6,30.5,,27.7,64.2,18.0,36.5,15.8,34.8,3.6,18.3,NM,Harding,624,35021,Harding County,New Mexico,0.6615,0.5485,0.6742,0.8988,0.5485,671.0,2025,2022,17.9,35.2,7.9,10.3,15.2,5.1,7.7,24.8,24.4,21.7,19.1,,12.5,13.6,34.6,2023,3,High
35023,20.6,22.4,15.0,32.0,53.9,5.7,9.7,,6.5,66.0,79.5,48.1,6.4,,,15.3,54.9,23.0,12.6,26.6,29.8,,28.9,66.9,17.7,34.7,16.1,37.7,3.5,15.0,NM,Hidalgo,3965,35023,Hidalgo County,New Mexico,0.9179,0.6984,0.8371,0.9354,0.9905,4160.0,2025,2022,18.1,35.2,7.8,10.2,15.3,5.2,8.1,26.3,26.0,21.6,20.6,,12.9,13.8,35.5,2023,3,High
35025,21.8,21.9,15.8,32.7,54.8,5.6,9.5,,6.3,65.2,79.4,48.3,6.3,,,15.1,54.0,21.5,12.1,26.3,30.7,,30.2,67.2,17.5,37.3,15.6,32.7,3.5,17.8,NM,Lea,72101,35025,Lea County,New Mexico,0.9399,0.9189,0.8301,0.9504,0.8766,73103.0,2025,2022,17.8,36.3,7.6,10.0,15.8,5.1,8.0,27.1,26.4,21.0,21.4,,13.1,13.8,36.8,2023,3,High
35027,13.7,22.2,16.6,30.1,53.6,6.6,9.8,,5.7,67.1,82.1,51.2,5.7,,,13.3,61.5,24.7,9.9,20.8,28.4,,22.9,66.7,17.1,30.6,13.9,33.3,3.0,13.1,NM,Lincoln,20029,35027,Lincoln County,New Mexico,0.8346,0.8116,0.9195,0.7916,0.5269,20222.0,2025,2022,15.6,31.2,7.0,8.5,12.4,3.8,5.6,24.1,17.9,14.7,15.4,,9.8,10.6,34.9,2023,3,High
35028,5.9,18.9,18.3,24.3,51.8,7.0,8.9,,4.0,69.2,86.5,60.0,3.2,,,7.1,78.0,21.3,6.7,11.0,28.2,,12.7,74.5,13.0,25.1,9.0,27.9,2.0,4.4,NM,Los Alamos,19444,35028,Los Alamos County,New Mexico,0.0099,0.0003,0.0255,0.658,0.0789,19253.0,2025,2022,9.7,20.1,5.0,4.6,7.0,1.9,2.7,20.2,6.9,4.6,6.9,,4.7,4.8,31.9,2023,0,Low
35029,26.6,23.4,13.8,34.2,55.3,5.4,9.9,,7.6,65.2,77.6,45.2,7.8,,,18.0,48.1,23.5,15.0,32.5,31.7,,34.6,68.2,18.9,36.9,18.6,38.3,4.2,22.5,NM,Luna,25316,35029,Luna County,New Mexico,0.9997,0.9577,1.0,0.9704,0.9367,25393.0,2025,2022,20.8,40.0,8.9,12.5,19.0,6.9,11.0,28.1,35.2,32.0,26.5,,17.0,18.4,36.8,2023,1,Critical
35031,15.3,25.8,12.7,36.8,56.0,5.6,14.2,,8.9,65.2,75.8,40.7,10.8,,,27.1,46.6,25.0,17.9,35.3,30.4,,31.8,61.9,23.7,41.4,21.8,40.0,5.7,25.3,NM,McKinley,68797,35031,McKinley County,New Mexico,0.9695,0.9325,0.9208,0.9968,0.8985,72073.0,2025,2022,23.8,43.3,11.5,16.8,21.9,7.8,12.9,32.5,43.0,39.8,30.2,,24.0,25.0,38.2,2023,1,Critical
35033,21.3,20.0,14.9,29.8,53.6,5.0,8.6,,5.7,66.6,82.2,49.8,4.4,,,11.2,56.8,19.8,12.7,24.1,29.8,,27.6,72.9,15.2,33.7,14.3,36.4,3.0,13.9,NM,Mora,4123,35033,Mora County,New Mexico,0.6169,0.399,0.9873,0.9831,0.1562,4208.0,2025,2022,15.4,32.2,7.1,8.2,13.6,4.4,7.5,25.0,23.9,17.7,20.4,,11.8,12.7,33.8,2023,3,High
35035,15.9,22.8,15.6,32.4,55.2,6.1,10.1,,6.3,67.8,80.4,48.1,6.6,,,15.7,58.7,24.4,11.8,23.9,31.0,,24.4,70.5,17.5,38.1,15.0,35.4,3.5,18.1,NM,Otero,68835,35035,Otero County,New Mexico,0.9294,0.8594,0.9192,0.8851,0.8686,67850.0,2025,2022,17.3,33.6,7.7,9.9,14.4,4.8,7.1,24.9,23.2,19.9,18.6,,12.1,13.4,34.8,2023,3,High
35037,18.7,23.5,15.2,33.1,55.0,6.1,10.2,,6.8,66.9,79.6,49.2,7.3,,,16.6,54.6,24.1,12.7,26.4,30.7,,29.2,66.2,18.4,38.2,16.3,36.0,3.7,18.3,NM,Quay,8510,35037,Quay County,New Mexico,0.8711,0.8762,0.9898,0.8832,0.2943,8641.0,2025,2022,18.6,35.9,8.1,10.8,15.8,5.4,8.1,25.5,26.4,23.7,20.4,,13.4,14.5,34.3,2023,3,High
35039,20.3,22.0,14.0,30.5,53.1,5.1,10.1,,6.1,66.6,80.6,47.5,5.5,,,14.9,56.1,21.5,13.7,26.9,28.7,,29.0,72.6,17.5,40.2,16.1,36.0,3.5,16.4,NM,Rio Arriba,39876,35039,Rio Arriba County,New Mexico,0.763,0.7152,0.9437,0.9911,0.2545,40285.0,2025,2022,17.7,36.9,7.8,10.0,16.1,5.1,8.5,27.3,27.6,22.0,22.3,,14.1,15.3,35.2,2023,3,High
35041,16.5,23.3,14.9,31.5,53.4,6.1,10.0,,6.3,64.9,80.3,48.9,6.5,,,15.0,59.1,24.1,11.7,23.8,31.9,,27.6,67.4,18.0,34.7,15.4,35.7,3.4,13.6,NM,Roosevelt,18787,35041,Roosevelt County,New Mexico,0.951,0.9182,0.8737,0.8743,0.9106,19142.0,2025,2022,17.6,35.4,7.6,9.9,14.7,4.7,7.0,24.3,22.5,19.2,18.2,,11.6,12.6,35.1,2023,3,High
35043,12.8,20.7,16.1,29.3,53.0,6.2,9.7,,5.0,66.3,83.7,55.5,4.6,,,11.4,61.4,24.0,9.7,18.2,29.6,,21.1,69.1,16.6,32.6,12.8,37.6,2.7,13.5,NM,Sandoval,155936,35043,Sandoval County,New Mexico,0.3933,0.3201,0.6672,0.9122,0.1435,149460.0,2025,2022,14.3,29.4,6.4,7.3,11.2,3.3,5.1,24.8,16.6,11.8,14.5,,9.2,9.4,34.2,2023,2,Moderate
35045,13.3,24.6,13.8,31.1,53.9,6.2,12.1,,7.0,67.7,79.0,49.1,8.1,,,20.5,52.5,24.1,12.8,26.3,27.7,,25.8,57.6,20.4,35.2,17.5,38.2,4.1,26.6,NM,San Juan,120675,35045,San Juan County,New Mexico,0.9669,0.9637,0.9201,0.9389,0.8234,121798.0,2025,2022,20.0,39.4,9.4,12.4,16.6,5.5,8.3,28.0,27.4,24.9,21.3,,15.9,17.3,38.0,2023,3,High
35047,21.2,21.1,14.7,30.2,53.0,5.1,9.1,,5.9,66.4,81.5,49.2,5.0,,,12.3,58.6,20.9,13.3,26.2,29.6,,29.8,65.7,16.3,38.0,15.3,37.4,3.2,12.8,NM,San Miguel,26668,35047,San Miguel County,New Mexico,0.9854,0.8772,0.9593,0.9873,0.9866,27215.0,2025,2022,16.6,34.7,7.3,9.3,14.9,4.9,8.1,25.7,26.1,20.3,21.5,,12.8,13.7,35.4,2023,3,High
35049,14.0,19.2,14.9,25.3,50.5,6.3,9.2,,5.0,66.0,83.7,55.9,4.5,,,10.4,67.9,23.4,9.3,18.4,27.5,,19.8,76.2,15.0,25.9,12.5,30.6,2.6,9.6,NM,Santa Fe,155956,35049,Santa Fe County,New Mexico,0.7633,0.6462,0.692,0.91,0.7057,154481.0,2025,2022,13.2,25.5,6.1,7.0,10.6,3.3,5.1,23.1,15.9,11.9,14.0,,8.7,9.2,33.4,2023,2,Moderate
35051,16.4,24.2,15.7,32.3,54.1,6.5,10.4,,6.8,65.1,79.5,48.4,7.6,,,17.3,56.2,25.1,11.9,25.4,30.5,,27.2,63.4,19.0,38.1,16.3,36.2,3.7,16.0,NM,Sierra,11488,35051,Sierra County,New Mexico,0.7677,0.5746,0.8508,0.7646,0.742,11506.0,2025,2022,18.4,35.5,8.1,10.8,15.3,5.1,7.4,24.9,24.0,22.2,18.8,,12.6,13.8,35.1,2023,3,High
35053,18.9,22.3,14.6,32.1,53.3,5.6,10.1,,6.7,65.7,79.2,47.9,6.8,,,16.8,50.9,22.7,13.2,27.6,29.3,,29.9,66.1,18.5,37.5,16.8,33.5,3.7,26.9,NM,Socorro,15963,35053,Socorro County,New Mexico,0.8972,0.7194,0.7948,0.9475,0.9637,16453.0,2025,2022,18.4,36.0,8.2,10.8,16.3,5.4,8.5,26.7,27.5,23.8,21.4,,14.1,15.2,34.9,2023,3,High
35055,15.0,21.2,16.2,28.3,51.8,5.9,9.5,,5.4,65.1,82.5,53.1,4.9,,,11.7,61.8,22.5,10.7,20.4,28.0,,22.7,72.4,15.9,28.1,13.3,31.7,2.9,11.6,NM,Taos,34405,35055,Taos County,New Mexico,0.6955,0.6176,0.8972,0.9411,0.2895,34475.0,2025,2022,14.8,29.4,6.8,7.9,11.9,3.8,6.0,23.7,18.8,14.2,15.6,,10.0,10.7,33.7,2023,2,Moderate
35057,18.8,24.4,15.4,33.2,54.6,6.1,10.2,,7.0,65.3,78.9,48.5,7.5,,,17.5,52.6,25.6,13.0,27.3,30.8,,29.0,65.9,19.0,34.7,16.8,36.0,3.8,17.4,NM,Torrance,15633,35057,Torrance County,New Mexico,0.7712,0.8142,0.7776,0.881,0.4047,15203.0,2025,2022,19.0,37.6,8.3,11.1,16.3,5.5,8.2,26.6,26.5,23.7,20.6,,13.6,14.6,36.2,2023,3,High
35059,17.7,22.6,15.9,32.2,53.4,6.2,9.7,,6.4,65.0,79.6,44.6,6.7,,,15.9,52.2,23.2,11.8,24.4,30.0,,26.5,67.4,17.6,34.7,15.4,35.9,3.5,19.5,NM,Union,3964,35059,Union County,New Mexico,0.9526,0.6666,0.9901,0.8584,0.9771,4074.0,2025,2022,17.3,34.0,7.7,9.7,14.4,4.7,7.0,26.1,22.7,19.3,18.2,,11.8,12.6,35.3,2023,3,High
35061,19.2,21.8,14.5,31.0,54.2,5.6,9.6,,6.0,66.5,81.1,51.3,5.6,,,13.7,58.2,22.5,12.4,25.1,30.3,,28.0,68.9,17.1,35.6,15.4,35.6,3.2,13.4,NM,Valencia,79141,35061,Valencia County,New Mexico,0.8823,0.8307,0.9322,0.9561,0.6198,76613.0,2025,2022,16.9,34.7,7.4,9.3,14.5,4.6,7.4,26.8,24.3,18.8,20.0,,12.3,13.0,35.9,2023,3,High
36001,5.7,21.9,19.4,29.8,58.9,7.1,10.9,,4.8,78.4,88.0,65.1,5.2,,,11.4,67.5,21.5,8.4,14.4,31.8,,21.0,80.4,15.8,30.9,11.3,37.1,2.6,7.8,NY,Albany,316659,36001,Albany County,New York,0.461,0.3115,0.1737,0.6656,0.8021,315041.0,2025,2022,12.1,24.6,4.7,7.0,10.1,2.9,3.9,24.5,12.9,11.2,11.9,,7.4,7.4,36.1,2023,0,Low
36003,6.4,24.9,19.3,32.0,57.7,7.7,11.4,,5.8,78.1,86.1,59.6,7.0,,,15.4,61.8,22.3,9.5,17.6,33.0,,24.8,76.7,18.6,36.1,13.6,38.7,3.1,14.7,NY,Allegany,46651,36003,Allegany County,New York,0.4543,0.4973,0.1362,0.119,0.8155,47222.0,2025,2022,14.6,28.0,5.9,8.6,12.3,3.6,4.6,23.2,15.0,14.7,13.3,,8.5,8.4,33.4,2023,2,Moderate
36005,15.9,21.2,14.7,34.6,59.9,4.6,11.8,,6.3,80.8,86.2,58.2,6.4,,,13.4,51.1,16.1,14.8,29.2,34.0,,37.5,79.3,16.9,33.7,16.3,43.5,4.0,23.3,NY,Bronx,1356476,36005,Bronx County,New York,0.9965,0.9787,0.9545,0.9952,0.9806,1443229.0,2025,2022,16.6,35.2,5.4,11.3,19.6,6.5,9.7,34.8,37.5,32.4,31.4,,16.5,17.2,41.0,2023,1,Critical
36007,6.7,26.2,17.5,31.7,56.2,7.4,11.6,,5.7,79.4,86.3,60.6,6.7,,,14.6,60.9,21.6,9.5,17.3,30.0,,23.8,78.8,17.6,34.8,13.0,36.6,3.1,11.6,NY,Broome,196077,36007,Broome County,New York,0.7248,0.6227,0.5224,0.5065,0.8972,198365.0,2025,2022,14.2,27.3,5.7,8.3,12.1,3.7,4.8,25.6,15.8,15.5,14.1,,9.0,9.0,35.6,2023,2,Moderate
36009,7.0,24.2,19.2,32.3,56.7,7.5,11.6,,6.0,78.4,85.3,61.9,7.6,,,17.1,58.2,22.9,9.6,18.9,33.3,,26.8,75.9,19.2,35.9,14.3,40.1,3.2,12.2,NY,Cattaraugus,75600,36009,Cattaraugus County,New York,0.6809,0.6096,0.6087,0.328,0.8358,77000.0,2025,2022,15.5,29.7,6.1,9.3,13.2,3.9,5.1,24.8,17.3,16.9,14.4,,9.5,9.3,33.7,2023,2,Moderate
36011,7.1,23.9,18.9,31.0,56.6,7.5,11.2,,5.7,78.4,86.2,61.5,6.9,,,15.5,58.4,22.0,9.3,18.5,32.6,,26.4,76.6,18.3,35.7,13.7,39.4,3.0,19.2,NY,Cayuga,74485,36011,Cayuga County,New York,0.5208,0.4524,0.2062,0.342,0.8839,76171.0,2025,2022,14.6,29.7,5.8,8.6,12.5,3.6,4.7,25.2,15.8,14.9,13.7,,8.8,8.5,35.5,2023,2,Moderate
36013,7.8,24.7,18.9,31.6,57.9,7.5,11.3,,5.9,78.7,86.0,62.1,7.1,,,15.5,56.5,21.8,10.0,18.9,32.4,,26.3,73.1,18.4,36.7,14.0,41.6,3.1,13.7,NY,Chautauqua,124891,36013,Chautauqua County,New York,0.7229,0.6147,0.7579,0.4085,0.798,127440.0,2025,2022,14.9,28.5,5.9,8.9,12.8,3.9,5.1,24.0,17.3,16.5,15.0,,9.4,9.3,32.5,2023,2,Moderate
36015,6.7,23.7,18.0,31.6,58.6,7.4,11.3,,5.6,78.6,86.5,61.3,6.8,,,15.3,60.4,22.5,9.3,17.6,32.1,,25.1,74.4,18.6,30.8,13.4,35.5,3.0,13.9,NY,Chemung,81325,36015,Chemung County,New York,0.6093,0.5616,0.5507,0.434,0.7156,83584.0,2025,2022,14.3,27.1,5.6,8.4,12.0,3.6,4.6,24.9,15.8,15.2,13.6,,8.7,8.6,34.4,2023,2,Moderate
36017,6.9,24.7,19.2,30.2,56.7,7.6,11.3,,5.8,76.6,85.8,60.4,7.1,,,15.7,59.1,22.7,9.3,17.9,31.5,,25.7,76.8,18.9,36.1,13.6,40.4,3.1,20.2,NY,Chenango,45920,36017,Chenango County,New York,0.4833,0.4604,0.4779,0.1225,0.6898,47096.0,2025,2022,15.0,28.1,5.9,8.7,12.2,3.6,4.6,25.0,15.9,14.8,13.4,,8.6,8.2,34.2,2023,2,Moderate
36019,6.7,24.0,18.1,30.5,57.3,7.6,11.7,,5.7,78.0,86.2,61.9,6.7,,,15.2,58.6,23.5,9.1,17.4,31.0,,25.9,73.1,18.7,33.8,13.3,36.3,3.0,14.1,NY,Clinton,78115,36019,Clinton County,New York,0.4445,0.384,0.0837,0.2984,0.9103,79839.0,2025,2022,14.4,27.1,5.7,8.2,11.3,3.5,4.5,23.5,14.7,13.8,12.9,,8.3,8.2,33.9,2023,0,Low
36021,6.2,22.8,19.2,28.6,57.2,7.5,10.7,,5.2,77.7,87.5,63.6,5.7,,,12.9,64.7,21.1,8.5,15.3,33.2,,22.3,78.5,16.6,30.7,11.8,36.5,2.7,13.0,NY,Columbia,60470,36021,Columbia County,New York,0.427,0.3519,0.4582,0.4518,0.5192,61469.0,2025,2022,12.6,25.2,5.2,7.2,10.5,3.0,4.0,24.1,13.0,11.5,11.7,,7.4,7.2,32.6,2023,0,Low
36023,6.1,24.0,19.7,30.0,57.1,7.7,11.4,,5.5,78.1,86.9,60.2,6.4,,,14.4,61.1,23.4,8.6,16.4,32.4,,23.9,76.2,18.2,32.3,13.0,39.1,2.9,9.5,NY,Cortland,45752,36023,Cortland County,New York,0.3684,0.4165,0.0305,0.265,0.8444,46755.0,2025,2022,13.9,26.6,5.5,8.0,11.4,3.3,4.2,23.6,13.7,12.8,12.3,,7.9,7.7,31.9,2023,0,Low
36025,7.1,24.0,19.7,31.8,56.5,7.4,11.1,,5.8,77.8,85.9,59.8,6.8,,,15.4,60.9,22.3,9.2,17.2,31.2,,26.3,76.9,18.3,33.4,13.6,41.9,3.1,20.6,NY,Delaware,44410,36025,Delaware County,New York,0.5142,0.5275,0.4938,0.265,0.5822,44637.0,2025,2022,14.2,27.8,5.9,8.4,11.8,3.6,4.7,25.0,15.8,14.9,13.4,,8.6,8.4,33.1,2023,2,Moderate
36027,6.9,21.6,17.0,29.2,57.6,7.1,10.4,,4.8,77.8,88.4,64.8,4.9,,,11.3,67.7,19.6,8.3,14.3,31.1,,20.7,77.2,15.9,28.5,11.1,36.5,2.6,15.8,NY,Dutchess,297150,36027,Dutchess County,New York,0.447,0.3058,0.1613,0.6828,0.7696,296467.0,2025,2022,12.2,23.9,4.7,6.7,9.9,2.9,3.9,24.4,13.0,10.7,12.6,,7.4,7.2,33.7,2023,0,Low
36029,6.1,23.7,19.2,29.0,59.3,7.1,11.6,,5.2,81.1,87.6,60.9,5.8,,,12.8,63.0,21.3,9.1,16.2,32.0,,23.7,81.3,17.0,33.0,12.2,38.7,2.8,10.4,NY,Erie,946147,36029,Erie County,New York,0.4913,0.3602,0.4235,0.6233,0.6395,951232.0,2025,2022,12.2,23.3,5.0,7.6,10.8,3.3,4.3,23.9,14.2,13.2,13.2,,8.1,8.5,31.5,2023,0,Low
36031,6.3,23.5,20.1,29.5,55.5,7.5,10.9,,5.4,77.1,86.6,61.5,6.2,,,14.0,62.2,22.3,8.5,16.2,31.1,,23.4,79.2,17.5,34.7,12.7,36.4,2.8,8.1,NY,Essex,36775,36031,Essex County,New York,0.3516,0.3096,0.279,0.2164,0.6424,37314.0,2025,2022,13.5,26.8,5.5,7.7,11.3,3.2,4.1,23.3,13.1,11.9,11.7,,7.5,7.2,32.8,2023,0,Low
36033,7.3,25.5,18.9,31.6,57.4,7.5,11.5,,6.0,76.9,85.7,58.8,7.2,,,16.7,58.6,22.9,10.0,18.9,31.5,,27.5,78.2,18.7,40.8,14.1,37.4,3.2,15.2,NY,Franklin,46502,36033,Franklin County,New York,0.5597,0.5539,0.1425,0.4683,0.8626,47459.0,2025,2022,15.0,29.9,6.1,8.9,13.2,3.8,5.0,25.6,17.3,15.8,14.6,,9.5,9.1,33.8,2023,2,Moderate
36035,7.2,25.6,18.9,32.3,58.3,7.5,12.0,,5.9,77.7,85.9,62.2,7.3,,,16.2,55.4,23.0,9.5,18.6,31.6,,26.7,77.6,19.1,35.5,14.1,41.5,3.1,15.2,NY,Fulton,52234,36035,Fulton County,New York,0.3977,0.4566,0.2603,0.3016,0.5189,53280.0,2025,2022,15.3,30.9,6.0,9.0,12.9,3.8,4.8,24.0,16.7,15.9,14.0,,8.9,8.7,34.0,2023,2,Moderate
36037,6.2,23.7,19.2,29.8,57.2,7.5,11.0,,5.3,78.0,86.8,63.7,6.0,,,13.9,61.5,22.3,8.5,16.0,31.7,,23.3,76.6,17.9,30.1,12.6,39.0,2.8,16.5,NY,Genesee,57529,36037,Genesee County,New York,0.2335,0.2234,0.1139,0.2959,0.5501,58204.0,2025,2022,13.5,26.8,5.4,7.6,11.1,3.1,4.0,24.1,13.4,12.1,12.3,,7.7,7.4,33.3,2023,0,Low
36039,7.1,23.5,20.2,29.7,57.1,7.4,10.9,,5.4,78.1,86.7,57.0,6.2,,,13.9,62.8,21.7,8.9,16.7,32.5,,24.2,74.5,17.4,34.5,13.0,38.4,2.8,13.2,NY,Greene,47062,36039,Greene County,New York,0.4076,0.2899,0.1597,0.4569,0.7961,48067.0,2025,2022,13.7,26.8,5.4,7.8,11.3,3.3,4.3,24.7,14.6,12.9,13.0,,8.1,7.8,34.4,2023,0,Low
36041,6.2,23.1,19.8,29.5,56.3,7.6,11.2,,5.5,77.8,86.8,63.9,6.3,,,14.2,60.1,22.2,8.5,16.1,32.2,,23.7,75.5,18.0,30.8,12.8,37.7,2.8,10.9,NY,Hamilton,5082,36041,Hamilton County,New York,0.1654,0.3474,0.2122,0.2062,0.1012,5090.0,2025,2022,13.7,26.3,5.5,7.9,11.2,3.2,4.1,24.1,13.4,12.3,12.1,,7.7,7.4,33.1,2023,0,Low
36043,6.3,25.7,20.9,30.1,55.9,7.6,11.2,,5.5,77.4,86.5,64.4,6.7,,,15.1,61.2,21.8,8.8,16.5,31.6,,26.2,75.9,18.4,37.0,13.3,37.1,2.9,18.9,NY,Herkimer,59484,36043,Herkimer County,New York,0.2755,0.2071,0.2596,0.182,0.6357,60293.0,2025,2022,14.1,27.2,5.6,8.2,12.1,3.4,4.3,23.4,14.1,13.6,12.8,,8.0,7.8,32.2,2023,0,Low
36045,7.1,24.9,20.6,30.3,57.3,7.5,11.3,,5.6,79.2,86.2,62.6,6.6,,,14.8,57.7,20.6,9.7,17.0,30.2,,25.5,74.9,17.6,38.8,12.8,43.2,3.0,16.3,NY,Jefferson,114787,36045,Jefferson County,New York,0.6653,0.5453,0.3796,0.5237,0.9252,117445.0,2025,2022,13.7,27.9,5.7,8.1,11.8,3.5,4.6,23.8,14.8,14.4,13.5,,8.4,8.4,31.8,2023,2,Moderate
36047,8.9,19.3,17.4,28.8,56.1,5.3,10.4,,5.1,79.4,88.1,58.8,5.4,,,12.2,59.8,16.3,11.1,19.2,34.4,,25.7,77.8,15.6,25.0,12.4,40.1,3.3,15.9,NY,Kings,2561225,36047,Kings County,New York,0.8874,0.8775,0.5352,0.9395,0.9249,2679620.0,2025,2022,13.2,26.3,4.6,8.5,13.2,4.2,5.9,30.7,23.7,19.5,19.2,,11.1,11.3,36.7,2023,3,High
36049,6.6,25.0,20.0,30.2,57.3,7.6,11.1,,5.7,78.1,85.9,59.2,6.8,,,15.4,60.4,22.3,9.2,17.3,32.6,,26.0,76.6,18.6,40.7,13.7,38.5,3.0,15.9,NY,Lewis,26548,36049,Lewis County,New York,0.1925,0.3023,0.2106,0.0675,0.2676,26690.0,2025,2022,14.5,27.4,5.8,8.5,12.1,3.5,4.4,23.9,14.6,13.9,12.9,,8.2,7.9,33.9,2023,0,Low
36051,6.1,23.9,20.5,29.9,57.0,7.7,11.1,,5.3,77.7,87.2,62.0,6.0,,,13.3,61.9,21.6,8.5,15.8,32.7,,22.4,79.0,17.3,31.9,12.3,36.4,2.8,11.5,NY,Livingston,61158,36051,Livingston County,New York,0.2294,0.2453,0.0471,0.3016,0.6328,61980.0,2025,2022,13.2,25.4,5.4,7.5,10.9,3.1,4.0,23.4,13.1,11.8,12.0,,7.5,7.3,32.9,2023,0,Low
36053,5.7,23.9,19.3,29.1,57.1,7.7,11.1,,5.1,78.7,87.4,63.2,5.9,,,13.4,62.7,22.3,8.3,15.2,32.5,,21.6,71.1,17.7,37.2,12.3,38.3,2.7,14.0,NY,Madison,66921,36053,Madison County,New York,0.1801,0.1689,0.0452,0.2536,0.6207,68020.0,2025,2022,13.3,25.9,5.4,7.5,10.7,3.0,3.9,23.2,12.4,11.2,11.6,,7.3,7.1,33.0,2023,0,Low
36055,6.3,23.6,19.0,30.1,57.7,7.3,11.0,,5.1,77.8,87.9,64.6,5.4,,,12.1,69.4,22.6,9.6,15.8,29.9,,24.5,79.5,16.2,31.8,12.4,35.8,2.8,12.1,NY,Monroe,748482,36055,Monroe County,New York,0.5943,0.4136,0.6093,0.6806,0.7162,756406.0,2025,2022,12.4,25.8,4.9,7.2,10.9,3.2,4.2,23.6,14.0,13.0,13.2,,8.1,8.3,33.4,2023,2,Moderate
36057,8.8,24.4,19.0,30.5,58.5,7.2,11.0,,5.8,76.8,86.0,60.9,6.8,,,15.5,56.5,22.2,9.5,19.0,30.9,,26.4,77.4,18.1,38.9,13.8,43.4,3.1,14.4,NY,Montgomery,49368,36057,Montgomery County,New York,0.7881,0.6895,0.8867,0.5501,0.7232,49624.0,2025,2022,14.7,27.6,5.8,8.7,12.3,3.8,5.2,25.4,18.5,16.4,15.7,,9.5,9.5,34.9,2023,2,Moderate
36059,6.4,19.0,16.9,27.4,60.2,6.6,9.6,,4.2,79.9,89.8,63.2,3.9,,,8.7,68.6,14.0,8.3,13.6,34.0,,22.0,75.8,14.2,28.3,10.3,41.8,2.3,10.2,NY,Nassau,1381715,36059,Nassau County,New York,0.2778,0.1324,0.1696,0.8129,0.5584,1389160.0,2025,2022,10.0,21.9,4.4,5.7,8.9,2.5,3.5,26.0,11.9,8.2,11.6,,6.5,6.1,32.7,2023,0,Low
36061,6.7,18.9,21.7,25.8,56.0,6.4,9.6,,4.4,79.2,89.0,63.3,4.1,,,8.5,64.5,18.6,8.4,15.0,34.4,,20.0,80.6,14.8,19.5,10.9,36.4,2.5,11.5,NY,New York,1597451,36061,New York County,New York,0.7283,0.6268,0.0996,0.8896,0.9784,1645867.0,2025,2022,10.7,22.9,4.3,6.5,10.5,3.0,4.3,26.6,15.0,11.9,13.0,,7.7,7.1,38.1,2023,0,Low
36063,6.1,23.3,18.6,31.4,57.2,7.5,11.4,,5.3,80.0,87.0,63.4,6.2,,,14.0,65.3,22.3,8.9,16.7,30.0,,24.8,75.5,17.8,39.4,13.1,38.6,2.9,16.4,NY,Niagara,209457,36063,Niagara County,New York,0.4454,0.3595,0.489,0.4604,0.5383,212230.0,2025,2022,13.5,26.2,5.3,8.0,11.6,3.3,4.3,23.8,14.3,13.2,13.2,,8.2,8.1,31.8,2023,2,Moderate
36065,7.0,24.7,19.0,31.8,58.3,7.4,11.1,,5.6,78.1,86.5,61.3,6.7,,,14.7,60.8,21.3,9.5,17.5,32.4,,26.8,77.2,18.0,36.4,13.0,39.4,3.0,15.6,NY,Oneida,227555,36065,Oneida County,New York,0.6828,0.3907,0.7401,0.5237,0.9259,231055.0,2025,2022,13.9,27.5,5.6,8.2,12.0,3.6,4.7,24.1,15.8,14.7,13.9,,8.8,8.5,33.7,2023,2,Moderate
36067,6.1,23.2,18.0,31.9,59.2,7.4,11.4,,5.3,80.3,87.6,64.6,5.8,,,12.4,64.2,22.8,9.3,15.7,30.8,,22.3,82.0,17.5,37.4,12.4,38.0,2.8,11.9,NY,Onondaga,467873,36067,Onondaga County,New York,0.588,0.4146,0.4881,0.6045,0.804,472637.0,2025,2022,13.0,26.2,5.0,7.7,11.4,3.3,4.2,24.1,14.3,13.1,13.2,,8.1,8.2,33.8,2023,2,Moderate
36069,5.8,23.2,19.3,28.2,56.0,7.6,10.7,,5.0,78.5,87.9,65.3,5.4,,,11.9,65.6,21.6,8.1,14.3,30.4,,20.4,75.9,16.8,30.8,11.6,39.6,2.6,7.1,NY,Ontario,112494,36069,Ontario County,New York,0.2682,0.1327,0.3242,0.3484,0.6367,112288.0,2025,2022,12.4,24.1,5.1,6.9,9.9,2.9,3.7,22.0,11.7,10.3,11.2,,6.9,6.6,34.2,2023,0,Low
36071,9.0,21.9,15.9,29.6,57.7,6.7,10.5,,5.2,78.3,87.6,60.0,5.5,,,12.2,65.7,18.2,10.1,17.8,30.9,,25.6,80.2,16.5,32.4,12.6,38.4,2.9,12.3,NY,Orange,407470,36071,Orange County,New York,0.7299,0.5097,0.6246,0.776,0.882,401237.0,2025,2022,13.0,26.1,5.1,7.6,11.5,3.5,4.9,24.9,16.9,14.2,15.9,,9.1,9.0,32.1,2023,2,Moderate
36073,7.7,24.1,18.8,30.3,56.5,7.3,11.5,,5.7,77.6,85.8,59.8,7.0,,,15.9,61.9,21.6,9.3,18.6,31.5,,26.8,76.3,18.7,32.8,13.7,38.0,3.1,14.1,NY,Orleans,39124,36073,Orleans County,New York,0.58,0.6427,0.3958,0.42,0.6201,40148.0,2025,2022,15.0,28.2,5.7,8.7,12.5,3.7,4.8,25.8,16.9,15.4,14.5,,9.0,8.7,34.5,2023,2,Moderate
36075,6.8,24.8,19.2,31.3,57.1,7.6,11.4,,5.9,78.4,85.8,61.7,7.1,,,16.2,60.6,22.7,9.4,18.1,31.6,,27.6,76.4,19.1,36.7,13.9,40.2,3.1,13.6,NY,Oswego,118162,36075,Oswego County,New York,0.5962,0.6137,0.2094,0.1985,0.9227,118037.0,2025,2022,14.8,28.3,5.9,8.7,12.5,3.7,4.7,23.6,15.2,14.9,13.5,,8.7,8.5,33.2,2023,2,Moderate
36077,6.3,23.9,18.4,29.5,58.9,7.7,11.4,,5.5,76.7,86.8,62.5,6.4,,,14.0,64.4,21.5,9.0,16.8,33.0,,23.8,82.2,18.1,32.1,13.1,37.2,2.9,11.9,NY,Otsego,60126,36077,Otsego County,New York,0.3287,0.3417,0.0986,0.3086,0.6796,59678.0,2025,2022,13.8,26.2,5.6,7.9,11.5,3.4,4.4,23.9,13.9,13.4,12.5,,8.1,7.8,33.2,2023,0,Low
36079,6.9,20.6,19.6,25.5,55.9,7.2,9.9,,4.4,78.0,88.8,67.7,4.3,,,9.6,69.1,18.5,7.7,13.2,31.8,,20.4,79.1,14.9,27.3,10.5,36.8,2.3,6.6,NY,Putnam,98060,36079,Putnam County,New York,0.1187,0.1209,0.062,0.6115,0.2326,97942.0,2025,2022,10.9,21.2,4.6,5.8,8.8,2.5,3.5,22.4,11.2,8.3,11.1,,6.3,6.1,32.5,2023,0,Low
36081,10.9,17.4,14.8,29.8,59.4,5.1,8.9,,4.9,79.3,88.1,58.0,4.6,,,11.0,60.8,14.2,12.2,19.5,36.3,,29.7,78.2,14.4,23.8,12.0,37.3,2.9,12.3,NY,Queens,2252196,36081,Queens County,New York,0.8024,0.8282,0.1899,0.9765,0.8772,2360826.0,2025,2022,12.4,27.4,4.4,7.3,12.4,3.6,5.6,32.6,22.7,15.8,18.6,,10.3,8.9,39.4,2023,3,High
36083,5.9,23.1,18.9,28.8,57.5,7.4,10.9,,5.0,78.0,87.7,63.9,5.6,,,12.2,65.9,20.6,8.5,14.8,31.7,,22.5,74.9,16.9,31.7,11.9,41.2,2.7,12.2,NY,Rensselaer,159305,36083,Rensselaer County,New York,0.4047,0.2727,0.2396,0.5183,0.7302,160943.0,2025,2022,12.5,25.2,5.1,7.2,10.4,3.0,3.9,23.9,12.9,11.4,11.9,,7.3,7.3,32.3,2023,0,Low
36085,7.9,21.0,15.2,30.3,58.7,6.3,10.2,,4.8,80.1,88.4,64.1,5.2,,,12.1,65.9,15.8,10.1,17.0,36.2,,25.5,75.9,15.5,30.0,12.0,41.5,2.7,11.9,NY,Richmond,490687,36085,Richmond County,New York,0.5956,0.4413,0.3328,0.8021,0.811,492925.0,2025,2022,12.2,25.2,4.8,7.0,11.2,3.1,4.5,28.5,16.4,13.2,14.5,,8.4,7.9,35.4,2023,2,Moderate
36087,8.5,20.9,17.0,29.1,58.7,6.6,10.6,,5.2,78.6,87.9,61.5,5.4,,,11.8,62.7,18.4,9.9,17.1,31.9,,26.3,79.3,15.8,30.9,11.8,43.7,2.9,10.3,NY,Rockland,340807,36087,Rockland County,New York,0.7471,0.6087,0.5062,0.7607,0.8915,337326.0,2025,2022,12.4,24.2,5.0,7.5,11.3,3.5,4.9,24.4,16.8,14.4,15.3,,8.7,8.9,35.2,2023,2,Moderate
36089,6.9,25.7,20.3,33.2,57.9,7.6,11.8,,6.0,79.5,85.5,61.5,7.6,,,16.4,57.3,24.5,10.2,18.5,31.9,,27.4,77.7,19.2,42.9,14.1,38.1,3.2,20.4,NY,St. Lawrence,106940,36089,St. Lawrence County,New York,0.7108,0.6701,0.2854,0.2265,0.9815,108670.0,2025,2022,15.3,30.0,6.1,9.0,12.6,3.8,4.9,24.6,15.8,16.5,13.8,,9.1,8.9,34.6,2023,2,Moderate
36091,4.9,22.8,19.2,27.3,57.0,7.6,10.4,,4.6,78.1,88.6,68.3,4.7,,,10.7,70.7,21.2,7.6,12.6,32.4,,18.5,83.0,16.1,32.8,10.7,30.7,2.4,11.6,NY,Saratoga,238711,36091,Saratoga County,New York,0.0649,0.0519,0.035,0.335,0.3611,236328.0,2025,2022,11.4,22.0,4.7,6.2,8.8,2.5,3.2,21.6,9.6,8.1,9.7,,5.9,5.7,32.3,2023,0,Low
36093,6.4,22.3,17.6,29.8,58.4,7.1,11.1,,5.1,78.1,87.6,63.4,5.6,,,12.5,65.5,19.9,8.9,15.6,31.4,,21.9,77.9,16.6,34.6,11.9,39.6,2.8,13.1,NY,Schenectady,159902,36093,Schenectady County,New York,0.4874,0.4012,0.1744,0.6634,0.7388,159447.0,2025,2022,12.7,25.6,5.1,7.4,11.0,3.2,4.3,24.9,14.7,12.9,13.3,,8.2,8.2,34.2,2023,2,Moderate
36095,6.4,22.9,20.0,30.4,56.7,7.6,11.2,,5.4,78.3,86.7,63.8,6.2,,,14.3,58.4,21.5,8.7,15.9,32.3,,23.6,73.1,17.9,33.0,12.6,40.4,2.8,8.5,NY,Schoharie,30105,36095,Schoharie County,New York,0.3172,0.2704,0.1044,0.2914,0.7576,29970.0,2025,2022,13.5,25.8,5.5,7.8,11.0,3.2,4.1,23.6,13.4,12.3,12.1,,7.7,7.5,33.2,2023,0,Low
36097,6.5,24.4,19.6,30.2,56.7,7.6,11.4,,5.8,77.6,86.1,61.4,6.9,,,15.3,57.2,22.5,9.1,17.3,31.0,,24.1,73.7,18.3,31.2,13.4,39.7,3.0,11.8,NY,Schuyler,17507,36097,Schuyler County,New York,0.3159,0.4267,0.1343,0.119,0.5507,17855.0,2025,2022,14.4,27.9,5.8,8.5,12.2,3.6,4.6,23.9,15.0,14.6,13.0,,8.4,8.2,33.5,2023,0,Low
36099,7.6,23.6,19.0,30.6,56.7,7.5,11.4,,5.8,78.1,85.8,61.3,7.0,,,15.7,60.9,22.4,9.1,18.3,31.7,,26.7,73.0,18.5,34.8,13.7,37.3,3.1,16.7,NY,Seneca,32349,36099,Seneca County,New York,0.5737,0.6564,0.2902,0.3535,0.707,33651.0,2025,2022,14.8,28.4,5.7,8.6,12.3,3.7,4.7,25.7,16.2,15.1,13.9,,8.8,8.4,35.0,2023,2,Moderate
36101,6.3,25.1,20.2,29.8,57.3,7.6,11.2,,5.6,78.0,86.0,59.9,6.7,,,15.0,61.3,23.0,9.0,16.6,32.1,,24.5,76.9,18.1,34.7,13.0,39.4,3.0,13.7,NY,Steuben,92162,36101,Steuben County,New York,0.4683,0.4349,0.4378,0.1861,0.6764,93584.0,2025,2022,14.4,27.7,5.6,8.2,12.1,3.4,4.4,24.1,14.4,13.7,12.6,,8.2,8.0,32.6,2023,2,Moderate
36103,7.7,19.9,18.2,27.6,56.5,6.9,10.2,,4.6,79.5,89.0,61.9,4.5,,,9.7,66.6,16.6,8.3,14.8,34.3,,23.1,78.8,15.4,29.7,11.0,39.3,2.4,9.8,NY,Suffolk,1523170,36103,Suffolk County,New York,0.2596,0.223,0.1114,0.7226,0.4321,1524486.0,2025,2022,11.7,24.5,4.6,6.3,10.1,2.7,3.8,24.4,13.2,9.9,12.5,,7.0,6.7,30.6,2023,0,Low
36105,9.0,23.1,17.5,31.0,57.4,7.0,10.7,,5.6,78.0,86.9,57.0,6.1,,,13.8,61.1,20.1,10.0,18.6,31.8,,27.4,74.5,16.9,31.8,13.2,41.2,3.0,13.0,NY,Sullivan,79920,36105,Sullivan County,New York,0.8654,0.7499,0.7652,0.6901,0.9475,78725.0,2025,2022,13.8,27.7,5.6,8.1,12.3,3.7,5.0,25.0,17.7,15.5,15.4,,9.4,9.2,32.7,2023,2,Moderate
36107,6.2,23.7,19.3,30.2,56.7,7.6,11.2,,5.4,77.9,86.7,62.4,6.4,,,14.3,65.6,22.6,8.6,16.0,32.5,,24.2,78.9,17.9,30.5,12.9,38.9,2.9,18.3,NY,Tioga,47715,36107,Tioga County,New York,0.1505,0.2584,0.0939,0.119,0.279,48344.0,2025,2022,13.9,26.5,5.5,8.0,11.3,3.3,4.2,23.3,13.7,12.6,12.3,,7.8,7.5,32.0,2023,0,Low
36109,4.9,22.8,18.4,27.9,54.9,7.8,10.6,,4.8,77.0,88.5,68.0,5.0,,,10.8,63.0,22.6,8.2,14.0,29.8,,19.0,80.3,15.8,27.6,11.2,36.3,2.5,13.5,NY,Tompkins,103558,36109,Tompkins County,New York,0.3907,0.3312,0.0197,0.5829,0.9131,102555.0,2025,2022,11.2,22.8,4.9,6.4,9.7,2.8,3.6,22.1,11.2,9.7,10.4,,6.7,6.5,32.4,2023,0,Low
36111,6.9,22.6,17.1,31.7,57.3,7.3,10.5,,5.2,79.0,87.8,61.2,5.6,,,12.1,63.3,20.3,8.8,15.6,31.6,,22.8,78.3,16.6,30.6,12.2,37.2,2.8,10.9,NY,Ulster,182333,36111,Ulster County,New York,0.5511,0.5043,0.2125,0.6115,0.7811,182153.0,2025,2022,12.6,24.5,5.1,7.3,10.7,3.2,4.2,23.5,13.7,12.1,13.1,,8.0,7.7,31.4,2023,0,Low
36113,5.7,23.1,18.5,28.7,57.0,7.6,11.1,,5.0,78.3,87.3,65.6,5.7,,,12.6,61.4,22.6,8.3,15.5,30.8,,21.5,77.1,17.3,30.9,12.2,35.8,2.6,14.2,NY,Warren,65380,36113,Warren County,New York,0.1954,0.2319,0.1279,0.1985,0.4171,65684.0,2025,2022,12.9,25.0,5.2,7.2,10.5,3.0,3.8,22.6,11.9,10.8,11.0,,7.1,6.7,31.9,2023,0,Low
36115,6.7,24.4,19.1,30.0,56.9,7.6,11.2,,5.4,78.6,86.3,57.0,6.4,,,14.9,61.9,21.7,8.6,16.9,33.6,,24.8,78.5,18.1,31.2,13.1,35.4,2.9,18.9,NY,Washington,60047,36115,Washington County,New York,0.4127,0.4505,0.2523,0.2485,0.6087,61310.0,2025,2022,14.1,27.9,5.5,8.1,11.7,3.3,4.3,24.5,13.9,12.9,12.5,,7.9,7.7,33.3,2023,0,Low
36117,6.6,23.1,19.1,28.0,56.4,7.6,11.2,,5.4,77.7,86.7,62.3,6.2,,,14.2,65.0,22.3,8.6,16.2,31.2,,24.2,79.6,17.8,37.1,12.8,38.4,2.8,10.3,NY,Wayne,90829,36117,Wayne County,New York,0.3633,0.3226,0.342,0.3446,0.5294,91324.0,2025,2022,13.7,26.6,5.4,7.9,11.3,3.2,4.2,24.0,14.0,12.4,12.7,,7.9,7.7,34.4,2023,0,Low
36119,8.0,20.1,16.8,25.7,56.3,6.5,9.3,,4.4,78.4,89.3,63.4,4.1,,,9.3,68.0,16.2,8.8,13.9,31.6,,21.0,81.0,14.3,25.9,10.3,35.9,2.4,8.4,NY,Westchester,990817,36119,Westchester County,New York,0.6685,0.4216,0.3821,0.8641,0.9373,997904.0,2025,2022,10.8,21.5,4.3,6.0,9.4,2.8,4.0,22.7,13.1,10.1,12.8,,7.1,7.1,31.8,2023,0,Low
36121,7.4,23.5,19.8,31.4,56.9,7.5,11.0,,5.6,77.9,86.1,63.1,6.6,,,15.2,61.2,21.7,9.0,17.4,32.2,,24.6,68.9,18.0,35.4,13.1,39.9,3.0,11.2,NY,Wyoming,39532,36121,Wyoming County,New York,0.2399,0.2606,0.0636,0.3322,0.5686,40338.0,2025,2022,14.2,27.5,5.7,8.1,11.8,3.5,4.4,25.6,15.1,13.6,13.4,,8.4,8.1,34.2,2023,0,Low
36123,7.3,23.9,20.1,29.7,56.7,7.6,11.4,,5.7,77.7,85.5,63.2,7.1,,,15.8,59.4,22.3,8.9,17.7,31.7,,25.0,75.5,18.5,34.5,13.5,38.0,3.0,16.0,NY,Yates,24472,36123,Yates County,New York,0.5724,0.6522,0.1581,0.0675,0.9173,24713.0,2025,2022,14.9,28.3,5.8,8.8,12.3,3.6,4.7,24.3,15.7,14.8,13.3,,8.6,8.1,33.7,2023,2,Moderate
37001,12.2,24.8,15.2,33.4,59.5,6.7,10.9,,5.7,78.5,85.9,60.8,6.5,,,14.3,59.0,24.6,10.7,19.3,30.8,,23.7,79.1,18.0,38.9,12.6,36.7,3.3,14.9,NC,Alamance,179165,37001,Alamance County,North Carolina,0.7136,0.6643,0.5266,0.7668,0.7076,171779.0,2025,2022,16.1,31.6,6.6,8.6,13.1,3.9,5.4,23.3,17.2,14.0,14.2,,9.3,9.4,34.1,2023,2,Moderate
37003,11.7,25.1,17.2,33.5,57.6,7.2,10.9,,6.1,76.4,84.0,60.4,7.5,,,17.1,61.9,27.0,10.1,19.6,31.9,,24.7,76.5,19.1,36.2,13.4,34.3,3.3,12.9,NC,Alexander,36473,37003,Alexander County,North Carolina,0.4559,0.4922,0.2924,0.4018,0.5466,36505.0,2025,2022,17.4,33.6,7.4,9.0,13.4,3.8,5.1,23.6,15.8,12.8,12.5,,8.7,8.1,34.1,2023,2,Moderate
37005,13.7,25.8,16.5,34.7,58.2,7.3,11.0,,6.7,76.6,83.3,57.7,8.4,,,17.9,55.4,27.6,11.2,22.1,32.5,,26.8,75.2,19.3,36.6,14.4,35.1,3.5,19.2,NC,Alleghany,11342,37005,Alleghany County,North Carolina,0.7168,0.8613,0.4998,0.3977,0.5807,10989.0,2025,2022,18.4,35.4,8.1,10.0,14.9,4.5,6.1,22.3,18.5,16.0,14.0,,10.0,9.5,33.2,2023,2,Moderate
37007,14.5,26.9,13.7,42.0,62.4,5.9,12.0,,7.0,79.2,83.6,57.3,8.9,,,20.2,52.7,24.3,14.6,26.4,31.9,,31.7,77.1,20.2,43.4,15.1,41.0,4.6,25.5,NC,Anson,21897,37007,Anson County,North Carolina,0.9529,0.9736,0.8034,0.8969,0.8256,22200.0,2025,2022,19.7,39.0,7.2,11.8,18.2,6.0,8.0,29.2,28.2,26.6,21.6,,14.5,15.7,36.5,2023,1,Critical
37009,11.2,25.5,17.1,33.5,57.6,7.5,10.8,,6.1,76.6,84.4,59.6,7.4,,,16.2,61.2,27.6,9.9,19.3,32.4,,23.8,72.7,18.9,36.3,13.2,33.9,3.2,18.1,NC,Ashe,27063,37009,Ashe County,North Carolina,0.4518,0.5632,0.6382,0.2164,0.2695,26759.0,2025,2022,17.0,32.9,7.5,8.9,13.1,3.8,5.0,21.6,14.6,12.2,11.5,,8.3,7.8,33.1,2023,2,Moderate
37011,11.5,25.2,17.6,33.8,57.5,7.4,10.6,,6.3,76.5,84.1,59.7,7.4,,,16.5,60.9,26.4,10.2,19.5,32.0,,23.8,73.4,18.4,37.4,13.2,33.8,3.2,13.4,NC,Avery,17561,37011,Avery County,North Carolina,0.7191,0.6624,0.4986,0.3675,0.909,17679.0,2025,2022,16.9,33.0,7.6,8.8,13.2,3.8,5.1,22.3,15.1,12.3,12.0,,8.5,8.1,32.2,2023,2,Moderate
37013,11.8,25.7,16.0,36.2,59.9,6.7,11.4,,6.2,78.2,85.0,61.2,7.5,,,16.8,59.0,25.9,11.4,20.7,31.8,,26.0,77.1,18.9,37.0,13.4,35.4,3.6,17.6,NC,Beaufort,44481,37013,Beaufort County,North Carolina,0.8066,0.8654,0.8451,0.7156,0.447,44711.0,2025,2022,17.5,34.0,7.0,9.6,14.5,4.4,5.9,23.8,19.3,16.7,15.4,,10.3,10.6,34.9,2023,3,High
37015,13.8,26.2,13.6,42.7,63.0,5.6,12.1,,6.8,80.0,84.5,55.9,8.3,,,19.2,50.9,23.0,14.9,26.2,31.9,,31.8,77.9,19.6,43.4,14.6,43.8,4.6,33.2,NC,Bertie,16922,37015,Bertie County,North Carolina,0.9586,0.9784,0.658,0.9446,0.9138,17818.0,2025,2022,19.0,38.1,6.7,11.6,18.0,6.0,8.0,29.9,28.7,26.7,22.2,,14.6,16.1,37.1,2023,1,Critical
37017,12.8,25.8,14.8,38.9,61.2,6.4,11.8,,6.5,79.0,84.7,58.2,7.8,,,17.5,56.4,25.8,12.7,23.2,32.2,,29.1,77.5,19.5,41.3,14.1,38.2,4.0,20.8,NC,Bladen,29484,37017,Bladen County,North Carolina,0.8326,0.86,0.7709,0.8352,0.5848,29807.0,2025,2022,18.2,36.0,7.1,10.4,15.8,5.0,6.8,25.2,22.5,20.4,17.8,,12.0,12.7,35.7,2023,3,High
37019,8.9,24.1,17.6,30.1,57.9,7.4,10.7,,5.2,78.7,86.7,65.3,5.7,,,13.0,65.8,26.0,8.9,15.6,30.8,,19.9,79.0,17.2,32.9,11.2,36.3,2.8,12.7,NC,Brunswick,159964,37019,Brunswick County,North Carolina,0.2275,0.3535,0.1244,0.504,0.2004,139721.0,2025,2022,14.6,28.8,6.4,7.3,10.9,3.0,4.1,20.6,11.9,9.2,10.4,,7.0,6.9,31.7,2023,0,Low
37021,9.3,22.9,17.2,31.2,57.2,7.6,10.4,,5.2,76.6,86.4,60.7,5.8,,,12.5,68.9,25.9,8.9,15.7,30.1,,19.2,74.9,16.6,31.2,11.3,27.7,2.8,7.2,NC,Buncombe,275901,37021,Buncombe County,North Carolina,0.5994,0.5094,0.3691,0.4839,0.8409,269449.0,2025,2022,14.5,28.6,6.5,7.3,11.2,3.1,4.2,20.7,12.1,9.6,10.1,,7.1,6.7,31.3,2023,0,Low
37023,12.4,25.7,16.5,34.1,58.3,7.1,11.0,,6.4,77.2,83.9,58.6,7.8,,,17.4,60.4,27.4,10.9,21.0,31.4,,26.7,76.1,19.0,36.7,13.7,35.2,3.4,20.8,NC,Burke,88338,37023,Burke County,North Carolina,0.7079,0.7149,0.6793,0.5148,0.6249,87799.0,2025,2022,17.7,34.2,7.5,9.5,14.1,4.2,5.7,23.6,17.4,14.5,13.4,,9.4,8.9,34.5,2023,2,Moderate
37025,10.2,23.3,15.6,32.7,58.8,6.7,10.4,,5.1,77.8,87.2,61.4,5.4,,,12.1,66.3,23.6,9.9,16.6,31.1,,21.3,78.6,16.6,32.7,11.1,34.3,2.8,16.1,NC,Cabarrus,240016,37025,Cabarrus County,North Carolina,0.4321,0.3614,0.4817,0.7706,0.3376,226396.0,2025,2022,14.1,28.8,6.0,7.2,11.3,3.1,4.4,23.4,13.7,10.3,11.8,,7.7,7.6,33.1,2023,2,Moderate
37027,12.1,24.8,17.0,33.5,57.3,7.2,11.1,,6.2,76.8,83.9,59.7,7.8,,,17.3,59.0,27.7,10.3,20.6,31.9,,25.5,77.3,19.3,33.2,13.8,33.0,3.4,20.4,NC,Caldwell,80574,37027,Caldwell County,North Carolina,0.6503,0.7257,0.6981,0.4018,0.4808,80716.0,2025,2022,17.8,33.2,7.5,9.4,13.8,4.0,5.4,22.9,16.6,13.9,12.8,,9.0,8.6,33.4,2023,2,Moderate
37029,8.6,23.6,17.8,31.0,56.9,7.1,10.6,,5.0,77.7,86.6,64.9,5.5,,,12.8,64.2,25.6,8.8,15.3,31.2,,20.1,76.6,17.2,34.4,11.1,33.9,2.7,14.5,NC,Camden,11137,37029,Camden County,North Carolina,0.2523,0.2561,0.6032,0.546,0.1021,10547.0,2025,2022,14.3,28.2,6.2,6.9,10.7,2.9,3.8,21.7,11.0,8.0,9.8,,6.6,6.2,32.3,2023,0,Low
37031,8.8,23.5,18.1,31.3,57.3,7.5,10.6,,5.3,77.6,86.2,65.7,5.9,,,13.1,67.4,26.3,8.7,15.7,31.1,,19.9,78.3,17.2,33.7,11.5,33.0,2.8,12.9,NC,Carteret,69615,37031,Carteret County,North Carolina,0.3888,0.4547,0.2558,0.4057,0.4432,68353.0,2025,2022,14.6,28.4,6.5,7.3,11.0,3.0,4.0,20.6,11.4,8.7,9.8,,6.9,6.5,31.8,2023,0,Low
37033,12.6,25.3,15.5,37.2,59.8,6.3,11.3,,6.2,78.2,84.4,58.9,7.5,,,17.4,57.1,24.9,12.0,21.8,31.5,,26.9,77.0,19.1,39.1,13.6,36.3,3.8,21.8,NC,Caswell,22807,37033,Caswell County,North Carolina,0.7302,0.7442,0.7646,0.7881,0.4384,22747.0,2025,2022,17.8,34.9,6.8,9.8,15.0,4.6,6.1,26.5,20.3,17.4,16.2,,10.8,11.0,35.7,2023,3,High
37035,11.5,24.0,16.5,32.7,57.1,7.1,10.7,,5.7,76.5,85.4,57.7,6.6,,,15.0,60.3,26.6,10.1,18.4,32.4,,23.2,74.4,17.9,37.2,12.4,32.3,3.1,13.4,NC,Catawba,164645,37035,Catawba County,North Carolina,0.6818,0.6055,0.6312,0.6249,0.7016,161011.0,2025,2022,16.0,31.1,6.9,8.2,12.5,3.6,4.9,23.5,15.2,11.8,12.3,,8.4,7.9,34.3,2023,2,Moderate
37037,10.2,23.1,17.2,31.3,57.3,7.1,10.3,,5.1,78.4,87.0,60.9,5.4,,,11.9,65.3,24.0,9.4,15.8,31.1,,20.4,78.9,15.9,30.2,10.9,30.1,2.8,11.0,NC,Chatham,81624,37037,Chatham County,North Carolina,0.2949,0.2997,0.469,0.6516,0.167,76754.0,2025,2022,13.8,27.5,6.1,7.0,11.1,3.1,4.3,20.8,12.7,9.3,10.8,,7.2,6.9,30.1,2023,0,Low
37039,10.2,25.5,17.3,33.3,57.5,7.5,11.0,,6.2,77.2,84.5,58.9,7.5,,,16.6,58.7,28.5,10.1,19.0,32.5,,23.9,75.1,19.1,34.8,13.3,32.2,3.2,13.9,NC,Cherokee,29959,37039,Cherokee County,North Carolina,0.3729,0.7213,0.2482,0.2854,0.1333,28868.0,2025,2022,17.1,32.8,7.6,9.1,13.3,3.8,5.1,21.7,14.9,12.7,11.7,,8.5,8.1,32.9,2023,2,Moderate
37041,12.0,25.7,14.8,38.3,60.7,6.5,11.7,,6.4,78.8,84.6,59.5,7.9,,,17.6,57.7,25.5,12.5,22.5,32.2,,27.7,76.0,19.3,40.6,14.0,37.8,3.9,14.6,NC,Chowan,13891,37041,Chowan County,North Carolina,0.7394,0.6806,0.8769,0.7814,0.4594,13835.0,2025,2022,18.0,35.5,7.0,10.3,15.6,4.8,6.5,25.1,21.4,19.6,16.7,,11.4,11.9,35.3,2023,3,High
37043,9.6,24.4,17.5,32.1,57.2,7.5,10.9,,5.8,76.7,85.2,60.1,6.8,,,14.9,60.9,27.9,9.3,17.3,31.5,,22.2,76.6,18.2,35.5,12.4,33.1,3.0,17.6,NC,Clay,11864,37043,Clay County,North Carolina,0.4232,0.678,0.133,0.2234,0.4155,11186.0,2025,2022,16.0,31.2,7.2,8.2,12.1,3.4,4.5,20.9,12.8,10.5,10.5,,7.5,7.1,32.6,2023,0,Low
37045,11.4,25.8,15.7,36.3,59.4,6.9,11.6,,6.2,77.9,84.7,56.4,7.6,,,16.9,55.2,26.9,11.2,20.8,32.3,,26.2,75.8,19.1,38.6,13.6,36.4,3.6,14.2,NC,Cleveland,101378,37045,Cleveland County,North Carolina,0.8524,0.8699,0.7044,0.6481,0.8085,99527.0,2025,2022,17.6,34.4,7.1,9.7,14.5,4.3,5.8,23.8,18.5,16.2,14.7,,10.1,10.2,34.7,2023,3,High
37047,12.9,26.5,14.8,39.2,59.9,6.5,11.9,,6.6,78.3,84.0,55.5,8.3,,,19.0,51.9,25.5,12.8,23.6,32.2,,29.5,77.7,19.8,41.2,14.6,39.6,4.0,24.9,NC,Columbus,50121,37047,Columbus County,North Carolina,0.937,0.952,0.8116,0.7951,0.846,50827.0,2025,2022,18.9,36.4,7.4,10.8,16.1,5.1,6.9,26.1,22.7,20.7,17.8,,12.1,12.6,35.7,2023,3,High
37049,10.5,24.8,16.4,34.9,59.6,6.8,11.0,,5.7,78.8,85.8,62.4,6.6,,,14.8,59.3,25.3,10.5,18.9,30.8,,23.6,77.0,18.0,37.5,12.5,34.8,3.2,15.2,NC,Craven,102391,37049,Craven County,North Carolina,0.8126,0.6373,0.8081,0.7261,0.8597,101098.0,2025,2022,16.0,31.7,6.7,8.4,13.0,3.8,5.1,23.4,15.9,12.9,13.1,,8.9,9.0,34.9,2023,2,Moderate
37051,11.7,25.9,15.5,38.9,61.5,6.1,11.5,,5.8,79.8,86.0,63.6,6.6,,,15.6,61.4,24.8,12.6,21.0,31.4,,25.9,77.9,18.2,41.1,13.1,42.1,3.7,15.5,NC,Cumberland,337890,37051,Cumberland County,North Carolina,0.943,0.833,0.8718,0.9141,0.9558,335207.0,2025,2022,16.3,35.3,6.3,9.2,15.2,4.5,6.2,26.1,20.5,17.5,16.9,,10.9,12.0,36.1,2023,3,High
37053,8.6,23.1,18.5,30.1,56.7,7.3,10.4,,5.1,77.4,86.5,62.8,5.5,,,12.9,67.5,25.8,8.6,15.1,30.7,,20.4,81.0,17.1,33.6,11.1,31.3,2.7,9.9,NC,Currituck,31593,37053,Currituck County,North Carolina,0.0862,0.2409,0.196,0.4248,0.0134,28616.0,2025,2022,14.3,28.3,6.3,6.9,10.6,2.8,3.8,21.2,10.7,7.9,9.5,,6.4,6.0,31.7,2023,0,Low
37055,8.1,22.5,17.8,29.7,56.7,7.6,10.2,,4.9,77.6,87.3,62.7,5.1,,,11.4,71.3,26.0,8.1,13.8,30.6,,18.4,79.4,16.3,31.0,10.4,28.1,2.5,8.0,NC,Dare,38110,37055,Dare County,North Carolina,0.2071,0.3805,0.1384,0.4117,0.1422,37160.0,2025,2022,13.2,26.3,6.2,6.4,9.8,2.6,3.5,19.5,9.6,7.0,8.5,,5.9,5.5,31.1,2023,0,Low
37057,11.7,24.9,15.8,33.4,59.0,7.1,11.1,,6.0,77.0,84.8,59.7,7.2,,,16.0,61.2,26.7,10.3,19.4,31.3,,25.1,77.0,18.9,36.0,13.1,33.9,3.3,16.3,NC,Davidson,174804,37057,Davidson County,North Carolina,0.553,0.6249,0.6812,0.5558,0.2752,169498.0,2025,2022,17.2,32.5,7.1,8.9,13.2,3.9,5.3,23.2,16.5,13.5,13.0,,9.0,8.7,32.9,2023,2,Moderate
37059,10.2,24.3,17.3,32.1,57.1,7.2,10.6,,5.4,76.8,85.8,59.7,6.1,,,14.0,62.5,26.5,9.2,16.8,31.2,,21.8,81.8,17.6,33.3,11.9,33.5,2.9,13.7,NC,Davie,44599,37059,Davie County,North Carolina,0.4057,0.3665,0.5523,0.4658,0.3668,43030.0,2025,2022,15.4,30.4,6.7,7.7,11.6,3.2,4.3,21.9,12.8,9.8,10.8,,7.3,6.9,33.3,2023,0,Low
37061,16.6,25.1,15.0,37.3,60.1,6.3,11.2,,6.4,77.7,84.3,58.0,7.7,,,16.8,55.6,24.4,12.7,24.1,32.1,,28.5,74.9,18.8,39.6,14.2,35.4,3.9,18.9,NC,Duplin,49520,37061,Duplin County,North Carolina,0.9144,0.9058,0.9749,0.8683,0.5549,49312.0,2025,2022,18.4,36.5,7.3,10.2,15.9,5.0,7.0,25.4,22.8,19.3,18.2,,11.9,12.0,34.9,2023,3,High
37063,9.6,21.6,15.4,32.8,60.1,6.2,10.8,,4.9,80.4,87.7,62.6,5.0,,,11.0,68.2,22.8,10.4,16.5,30.8,,21.7,80.3,15.2,36.5,10.7,33.7,3.0,11.9,NC,Durham,336892,37063,Durham County,North Carolina,0.686,0.5873,0.238,0.9065,0.8661,325101.0,2025,2022,13.1,27.8,5.5,7.0,11.5,3.3,4.6,22.2,14.3,11.2,12.3,,8.2,8.1,32.0,2023,2,Moderate
37065,13.7,26.6,13.2,41.5,63.3,5.6,12.6,,6.6,79.9,85.1,57.8,8.1,,,18.4,53.9,23.9,14.3,25.5,30.9,,31.7,78.3,19.9,43.8,14.7,38.4,4.5,25.3,NC,Edgecombe,48832,37065,Edgecombe County,North Carolina,0.9605,0.966,0.901,0.9418,0.7773,49067.0,2025,2022,19.0,37.6,6.5,11.5,17.8,5.8,7.8,28.3,27.8,26.3,22.0,,14.3,15.8,36.3,2023,1,Critical
37067,11.3,23.2,15.7,33.7,59.5,6.6,11.1,,5.5,78.6,86.7,62.3,6.2,,,13.8,63.7,24.0,11.0,19.1,29.9,,24.5,82.6,17.1,41.5,12.1,34.2,3.2,16.6,NC,Forsyth,392921,37067,Forsyth County,North Carolina,0.8126,0.7652,0.6825,0.8291,0.7436,383739.0,2025,2022,15.5,31.5,6.3,8.3,13.0,3.8,5.3,23.5,16.7,13.8,14.0,,9.2,9.4,33.6,2023,2,Moderate
37069,11.7,24.5,15.9,34.4,58.7,6.6,11.0,,5.7,78.2,85.9,59.8,6.4,,,14.8,61.3,25.2,10.7,19.0,31.5,,24.0,75.0,17.9,38.3,12.4,37.4,3.3,17.5,NC,Franklin,77001,37069,Franklin County,North Carolina,0.6491,0.5819,0.7019,0.756,0.5107,69680.0,2025,2022,16.1,32.5,6.5,8.5,13.3,3.9,5.3,24.5,17.0,13.6,14.2,,9.3,9.3,35.0,2023,2,Moderate
37071,11.4,24.9,16.4,33.7,59.7,6.9,11.1,,5.7,78.2,85.7,59.9,6.7,,,15.0,61.0,25.9,10.7,19.3,32.0,,24.4,77.9,18.3,35.9,12.7,38.1,3.2,19.2,NC,Gaston,237242,37071,Gaston County,North Carolina,0.65,0.6984,0.6163,0.6726,0.4578,228972.0,2025,2022,16.4,31.8,6.7,8.7,13.2,3.9,5.3,23.2,16.7,13.7,14.0,,9.1,9.2,34.3,2023,2,Moderate
37073,10.9,25.8,15.7,36.5,59.9,6.4,11.6,,6.1,77.8,84.8,59.0,7.3,,,17.1,59.2,26.1,11.7,20.9,31.6,,26.7,77.4,19.5,38.5,13.4,37.3,3.7,22.7,NC,Gates,10343,37073,Gates County,North Carolina,0.4053,0.5765,0.5199,0.7464,0.0633,10509.0,2025,2022,17.5,34.4,6.7,9.6,14.6,4.3,5.8,25.7,19.1,16.6,15.6,,10.4,10.7,35.6,2023,3,High
37075,10.6,25.0,17.7,32.8,56.8,7.3,11.2,,5.9,76.4,84.4,60.2,7.1,,,16.6,60.3,27.5,9.8,18.8,31.6,,23.6,78.4,19.2,35.5,13.2,34.3,3.1,18.9,NC,Graham,8052,37075,Graham County,North Carolina,0.6933,0.7684,0.7792,0.42,0.4591,8047.0,2025,2022,17.2,32.7,7.4,8.7,12.8,3.6,4.8,23.4,14.6,11.3,11.8,,8.4,7.6,34.2,2023,2,Moderate
37077,12.3,24.1,15.5,36.1,60.0,6.4,11.3,,5.9,78.4,85.5,61.0,6.7,,,15.5,59.3,24.2,11.3,20.4,31.8,,25.4,77.4,18.1,35.9,12.7,36.6,3.5,17.8,NC,Granville,62192,37077,Granville County,North Carolina,0.6612,0.6745,0.5778,0.8164,0.4811,61161.0,2025,2022,16.5,32.5,6.6,8.9,13.7,4.2,5.7,25.0,18.9,15.4,15.4,,10.1,10.3,34.4,2023,3,High
37079,17.2,26.3,14.9,40.3,61.2,6.0,11.2,,7.1,77.5,82.9,56.4,8.6,,,19.7,51.2,23.7,14.3,26.4,32.3,,31.6,78.3,19.3,42.7,15.0,40.9,4.4,29.2,NC,Greene,20530,37079,Greene County,North Carolina,0.9863,0.9745,0.8272,0.8883,0.985,20407.0,2025,2022,19.5,38.8,7.6,11.2,17.4,5.8,7.9,28.5,26.7,23.5,20.6,,13.7,14.2,36.3,2023,1,Critical
37081,10.6,24.4,14.4,35.1,61.2,6.3,11.2,,5.5,79.7,87.0,60.0,6.0,,,13.5,60.7,24.5,11.2,18.3,31.2,,23.5,79.2,17.3,38.6,12.0,36.3,3.3,13.3,NC,Guilford,549866,37081,Guilford County,North Carolina,0.7865,0.6962,0.5469,0.8797,0.84,539557.0,2025,2022,15.3,32.1,6.2,8.3,12.8,3.9,5.3,24.7,17.5,14.6,15.1,,9.6,10.1,34.1,2023,3,High
37083,14.5,27.5,13.5,42.9,62.8,5.7,12.5,,7.1,79.7,83.7,55.2,9.1,,,20.5,51.9,23.9,15.2,27.3,32.3,,33.1,77.6,20.4,42.6,15.6,39.6,4.8,27.5,NC,Halifax,47298,37083,Halifax County,North Carolina,0.987,0.9844,0.9007,0.9332,0.936,48772.0,2025,2022,20.4,39.0,7.2,12.6,18.9,6.5,8.7,29.3,30.9,29.4,23.5,,15.8,17.3,37.7,2023,1,Critical
37085,12.3,25.1,16.4,36.5,59.5,6.6,11.0,,5.9,78.5,85.8,62.5,6.7,,,15.2,60.4,26.1,11.1,20.2,31.8,,25.7,76.5,18.3,36.7,12.9,37.5,3.4,14.8,NC,Harnett,141477,37085,Harnett County,North Carolina,0.7372,0.7432,0.8107,0.7836,0.4302,134718.0,2025,2022,16.6,33.5,6.7,8.8,13.8,4.0,5.5,24.1,17.4,14.3,14.3,,9.5,9.6,33.9,2023,3,High
37087,9.6,24.6,17.6,32.2,57.6,7.5,10.8,,5.7,76.5,85.5,62.1,6.6,,,14.4,66.0,28.5,9.2,17.3,31.6,,21.8,80.0,18.1,33.2,12.4,31.5,2.9,15.3,NC,Haywood,62969,37087,Haywood County,North Carolina,0.3646,0.5266,0.5441,0.2323,0.1702,62152.0,2025,2022,15.8,31.8,7.1,8.0,12.1,3.3,4.4,21.0,12.8,10.2,10.5,,7.4,7.0,33.0,2023,0,Low
37089,10.6,23.4,16.6,30.4,57.3,7.3,10.5,,5.4,77.2,86.0,59.8,6.1,,,13.2,64.8,25.8,9.1,17.0,31.3,,21.0,76.6,17.2,30.4,11.8,34.4,2.8,12.2,NC,Henderson,119230,37089,Henderson County,North Carolina,0.4286,0.4365,0.5959,0.4913,0.2806,116469.0,2025,2022,14.9,29.3,6.7,7.5,11.5,3.2,4.4,20.6,12.8,9.8,10.7,,7.4,7.0,31.2,2023,0,Low
37091,13.9,26.7,13.0,42.2,63.4,5.6,12.4,,6.8,80.5,84.8,59.5,8.3,,,18.8,51.1,23.9,15.2,26.1,32.2,,31.6,77.6,19.9,43.3,14.8,42.9,4.6,29.3,NC,Hertford,19453,37091,Hertford County,North Carolina,0.9427,0.9656,0.735,0.9513,0.8279,21633.0,2025,2022,19.1,38.0,6.7,11.7,18.1,6.1,8.2,28.8,28.7,27.3,22.5,,14.8,16.5,36.8,2023,1,Critical
37093,12.9,26.1,14.3,38.2,60.9,5.8,11.6,,6.2,79.5,85.6,58.6,6.9,,,16.2,57.5,24.4,13.2,22.8,31.7,,28.1,77.5,18.9,38.1,13.8,39.8,3.9,24.6,NC,Hoke,54446,37093,Hoke County,North Carolina,0.8909,0.8384,0.9345,0.931,0.6535,52612.0,2025,2022,17.4,35.1,6.7,9.8,15.5,4.8,6.7,25.8,22.4,18.8,18.2,,11.9,12.5,35.7,2023,3,High
37095,14.4,26.1,15.7,39.7,60.9,6.4,10.9,,7.0,77.6,83.2,54.4,8.5,,,19.4,50.5,24.3,13.3,24.4,32.5,,29.4,73.9,19.0,40.8,14.6,38.0,4.1,26.1,NC,Hyde,4607,37095,Hyde County,North Carolina,0.874,0.9949,0.8966,0.8101,0.1989,4636.0,2025,2022,18.6,37.3,7.7,10.5,16.5,5.3,7.1,26.5,23.3,20.8,17.9,,12.3,12.9,34.6,2023,3,High
37097,9.6,23.3,17.0,32.4,57.8,7.1,10.5,,5.2,78.3,86.6,60.4,5.6,,,12.9,63.5,25.2,9.0,16.2,31.7,,20.7,77.6,16.9,32.3,11.3,30.9,2.8,12.0,NC,Iredell,199710,37097,Iredell County,North Carolina,0.3773,0.3487,0.4041,0.615,0.3398,187839.0,2025,2022,14.5,29.5,6.3,7.2,11.2,3.1,4.2,22.0,12.6,9.4,10.7,,7.2,7.0,32.4,2023,0,Low
37099,10.6,25.7,16.8,33.5,57.7,7.4,11.1,,6.2,77.2,84.8,56.3,7.4,,,16.1,61.8,27.9,10.9,19.3,32.2,,24.2,76.0,19.0,36.7,13.3,34.0,3.3,15.3,NC,Jackson,44574,37099,Jackson County,North Carolina,0.7862,0.8174,0.2899,0.5352,0.9386,42388.0,2025,2022,16.9,33.6,7.7,9.1,13.7,3.9,5.3,21.7,15.7,13.1,12.6,,9.1,8.7,34.1,2023,2,Moderate
37101,11.8,23.6,15.9,32.9,58.7,6.8,10.7,,5.4,78.2,86.3,61.7,6.0,,,13.9,61.1,24.6,10.5,18.2,31.5,,23.1,81.5,17.4,34.5,12.2,35.5,3.1,15.6,NC,Johnston,241955,37101,Johnston County,North Carolina,0.5294,0.4683,0.6102,0.7261,0.4152,219042.0,2025,2022,15.4,31.6,6.5,8.0,12.5,3.6,5.0,22.9,15.4,11.8,13.0,,8.5,8.4,32.9,2023,2,Moderate
37103,12.8,26.7,15.1,38.2,60.8,6.5,11.7,,6.7,78.2,83.9,59.0,8.4,,,18.6,55.7,26.5,12.7,23.5,32.2,,28.6,79.2,19.9,39.6,14.5,36.9,4.0,18.4,NC,Jones,9401,37103,Jones County,North Carolina,0.6736,0.7973,0.2654,0.7598,0.5695,9263.0,2025,2022,18.8,36.7,7.4,10.7,16.3,5.1,6.8,24.9,22.3,20.6,17.1,,11.8,12.2,34.6,2023,3,High
37105,14.4,25.0,16.2,34.6,59.5,6.6,10.9,,6.0,77.8,85.2,59.3,6.9,,,15.6,57.8,25.1,11.7,21.5,32.9,,26.5,74.4,18.5,37.7,13.4,39.1,3.4,16.2,NC,Lee,67059,37105,Lee County,North Carolina,0.8953,0.8571,0.9666,0.8072,0.6112,63560.0,2025,2022,17.2,34.1,7.0,9.2,14.3,4.3,6.0,24.8,19.1,15.2,15.8,,10.3,10.0,35.2,2023,3,High
37107,14.6,27.0,13.8,40.5,62.2,6.1,12.3,,7.0,79.5,83.9,58.0,8.9,,,20.0,53.5,25.6,14.1,26.7,32.2,,32.3,76.9,20.3,42.5,15.4,41.4,4.5,25.1,NC,Lenoir,54895,37107,Lenoir County,North Carolina,0.9984,0.971,0.9975,0.8794,0.9774,55071.0,2025,2022,20.0,39.0,7.3,12.0,18.2,6.0,8.0,26.5,27.1,25.9,21.0,,14.1,15.1,35.5,2023,1,Critical
37109,10.1,24.0,17.9,31.9,57.7,7.3,10.6,,5.4,76.8,85.9,60.8,6.2,,,14.0,62.6,26.3,9.1,16.6,31.3,,21.5,79.2,17.6,34.4,11.8,34.4,2.9,11.8,NC,Lincoln,95675,37109,Lincoln County,North Carolina,0.2517,0.2746,0.2685,0.4658,0.2666,87933.0,2025,2022,15.4,29.6,6.6,7.6,11.5,3.2,4.3,22.0,12.6,9.7,10.8,,7.3,6.9,33.1,2023,0,Low
37111,11.8,25.6,16.9,33.6,57.6,7.3,11.0,,6.2,77.0,84.1,60.4,7.7,,,17.3,52.8,27.4,10.3,19.9,32.9,,24.6,74.0,19.1,35.0,13.6,36.3,3.3,17.4,NC,McDowell,44893,37111,McDowell County,North Carolina,0.7518,0.6421,0.7502,0.3847,0.861,44629.0,2025,2022,17.6,33.7,7.5,9.2,13.7,4.0,5.3,22.5,16.0,13.4,12.4,,8.8,8.3,33.8,2023,2,Moderate
37113,11.4,24.8,16.9,33.6,57.5,7.4,10.8,,6.1,77.1,84.7,61.3,7.2,,,15.7,62.3,27.8,10.0,19.0,32.2,,24.3,77.4,18.6,35.6,13.1,32.6,3.2,12.4,NC,Macon,38412,37113,Macon County,North Carolina,0.4906,0.6195,0.6351,0.3592,0.2288,37088.0,2025,2022,16.9,33.1,7.5,8.7,13.1,3.8,5.1,21.2,15.1,12.3,12.0,,8.4,8.0,32.0,2023,2,Moderate
37115,9.3,24.5,17.3,32.3,56.5,7.6,10.8,,5.6,77.5,85.5,59.4,6.6,,,14.6,61.2,27.4,9.1,17.0,31.4,,21.6,77.2,18.0,34.9,12.2,32.0,2.9,19.4,NC,Madison,22071,37115,Madison County,North Carolina,0.35,0.3573,0.118,0.1654,0.7483,21414.0,2025,2022,15.9,31.2,7.0,7.9,12.0,3.3,4.4,20.6,12.3,10.0,10.1,,7.3,6.8,32.2,2023,0,Low
37117,12.6,26.3,14.2,38.8,61.3,6.1,12.2,,6.4,79.0,84.7,59.0,8.0,,,18.2,53.9,25.9,13.1,23.8,31.9,,28.6,78.7,20.1,40.4,14.4,38.9,4.1,25.2,NC,Martin,21447,37117,Martin County,North Carolina,0.9306,0.9275,0.959,0.8641,0.6586,21992.0,2025,2022,18.8,37.0,6.8,10.9,16.6,5.2,6.9,26.9,23.9,21.6,18.9,,12.4,13.2,37.0,2023,3,High
37119,10.1,22.1,15.1,31.3,59.3,6.4,10.4,,4.9,78.8,87.9,60.4,5.0,,,10.7,63.7,22.4,10.1,15.9,30.6,,21.1,80.3,15.6,29.5,10.7,38.6,2.9,8.3,NC,Mecklenburg,1163701,37119,Mecklenburg County,North Carolina,0.6115,0.5787,0.4747,0.8915,0.5135,1115403.0,2025,2022,13.2,27.6,5.6,6.9,11.2,3.2,4.6,23.6,14.5,10.7,12.5,,7.9,8.2,32.4,2023,2,Moderate
37121,10.0,24.7,17.6,32.1,56.9,7.5,10.8,,5.7,76.8,85.0,64.3,6.8,,,15.1,62.8,27.5,9.4,17.5,31.6,,22.7,75.3,18.4,37.0,12.5,32.8,3.0,12.6,NC,Mitchell,14999,37121,Mitchell County,North Carolina,0.5689,0.5437,0.629,0.2444,0.658,14989.0,2025,2022,16.1,31.1,7.1,8.2,12.2,3.4,4.5,21.5,12.8,10.3,10.6,,7.5,7.0,32.8,2023,2,Moderate
37123,14.5,25.7,15.3,36.0,59.5,6.7,11.2,,6.4,78.0,84.4,59.9,7.7,,,16.9,58.7,25.9,11.8,22.5,32.2,,27.3,77.4,18.9,38.9,14.1,35.8,3.6,20.2,NC,Montgomery,26085,37123,Montgomery County,North Carolina,0.7741,0.5705,0.9628,0.7537,0.5816,25839.0,2025,2022,17.9,35.2,7.4,9.8,15.1,4.5,6.3,24.7,20.5,17.1,16.2,,10.8,10.6,35.0,2023,3,High
37125,8.8,23.0,16.9,31.3,57.6,7.3,10.5,,5.1,78.3,87.0,61.2,5.4,,,11.8,67.5,25.2,8.9,15.1,31.5,,19.2,77.3,16.6,32.8,11.0,32.7,2.7,13.3,NC,Moore,106898,37125,Moore County,North Carolina,0.3306,0.2778,0.6074,0.5867,0.2157,100759.0,2025,2022,14.0,28.4,6.2,6.9,10.6,2.9,4.0,21.1,11.4,8.6,9.9,,6.8,6.6,31.4,2023,0,Low
37127,12.3,25.1,14.9,37.4,61.5,6.1,11.6,,5.9,79.2,85.7,59.0,6.9,,,15.9,57.5,23.8,12.3,21.7,32.1,,27.5,80.9,18.6,38.3,13.1,37.3,3.7,18.4,NC,Nash,96551,37127,Nash County,North Carolina,0.8902,0.8403,0.741,0.881,0.8804,95015.0,2025,2022,16.9,33.5,6.3,9.5,14.8,4.5,6.1,26.2,21.2,18.1,17.7,,11.2,11.9,34.5,2023,3,High
37129,8.7,23.9,19.1,31.7,57.3,7.4,10.6,,5.3,78.4,86.8,64.5,5.7,,,12.2,68.1,25.7,9.2,15.9,32.9,,20.3,79.5,17.1,31.8,11.2,32.1,2.8,9.4,NC,New Hanover,238852,37129,New Hanover County,North Carolina,0.4289,0.5638,0.0824,0.5797,0.4989,228134.0,2025,2022,14.3,29.2,6.4,7.3,11.1,3.1,4.2,20.5,11.8,9.6,10.2,,7.2,7.0,32.6,2023,0,Low
37131,12.8,26.5,13.5,41.1,62.5,5.8,12.3,,6.5,80.4,85.0,58.4,8.0,,,18.4,55.9,24.4,14.2,24.9,31.3,,30.2,76.2,19.8,43.1,14.3,40.1,4.4,23.3,NC,Northampton,16715,37131,Northampton County,North Carolina,0.8906,0.9548,0.5157,0.9233,0.7786,17528.0,2025,2022,18.7,37.6,6.5,11.3,17.3,5.6,7.5,28.4,26.7,24.9,21.2,,13.8,15.3,36.5,2023,1,Critical
37133,11.3,24.4,15.9,34.1,58.5,6.8,10.4,,5.8,79.1,85.3,61.5,6.6,,,15.1,63.0,23.8,10.7,18.8,30.4,,22.9,78.1,17.8,36.0,12.5,38.6,3.2,14.2,NC,Onslow,213676,37133,Onslow County,North Carolina,0.7948,0.7585,0.6793,0.7213,0.7499,203686.0,2025,2022,16.1,32.6,6.9,8.3,13.0,3.8,5.2,22.9,15.8,12.8,13.1,,8.8,8.8,33.5,2023,2,Moderate
37135,7.9,22.2,16.2,29.8,58.3,7.1,10.1,,4.8,78.6,87.9,66.1,4.8,,,10.3,71.2,24.4,9.0,13.8,31.2,,18.4,78.4,15.3,29.5,10.0,30.6,2.6,7.7,NC,Orange,150626,37135,Orange County,North Carolina,0.3945,0.2857,0.0474,0.686,0.8454,145919.0,2025,2022,12.4,25.6,5.8,6.2,9.8,2.7,3.8,20.0,10.4,7.5,9.0,,6.3,6.0,31.1,2023,0,Low
37137,10.7,24.7,16.5,35.0,58.9,6.9,10.8,,5.8,77.8,85.4,59.0,6.7,,,15.1,60.7,25.4,10.4,18.9,31.0,,23.5,74.1,18.0,36.3,12.5,34.7,3.2,15.3,NC,Pamlico,12423,37137,Pamlico County,North Carolina,0.5616,0.5972,0.5603,0.6211,0.4146,12317.0,2025,2022,16.1,31.9,6.8,8.4,12.9,3.7,5.0,23.5,15.6,12.8,13.0,,8.8,8.8,33.6,2023,2,Moderate
37139,10.4,24.4,15.5,35.9,60.5,6.4,11.4,,5.6,79.5,86.4,60.5,6.3,,,14.5,60.5,24.4,11.3,19.3,31.5,,24.4,77.1,18.0,38.7,12.3,36.7,3.4,16.3,NC,Pasquotank,41444,37139,Pasquotank County,North Carolina,0.7626,0.7324,0.6001,0.8473,0.6774,40454.0,2025,2022,15.8,31.8,6.2,8.6,13.4,3.9,5.3,24.7,17.3,14.5,14.8,,9.6,10.1,34.0,2023,3,High
37141,10.2,24.2,17.9,32.4,57.5,7.1,10.7,,5.5,77.2,85.9,61.3,6.1,,,14.1,61.2,25.8,9.7,17.1,30.3,,21.0,78.7,17.8,35.6,12.0,32.9,3.0,10.7,NC,Pender,68521,37141,Pender County,North Carolina,0.5606,0.5294,0.4671,0.6204,0.573,61592.0,2025,2022,15.3,30.0,6.6,7.8,12.0,3.4,4.5,22.5,13.4,10.5,11.5,,7.7,7.5,33.1,2023,2,Moderate
37143,10.8,25.0,16.4,34.9,59.3,6.8,11.4,,5.9,78.2,85.3,62.3,7.0,,,15.9,63.6,26.2,10.7,19.4,31.5,,24.6,77.9,18.8,37.5,12.9,34.2,3.4,16.5,NC,Perquimans,13377,37143,Perquimans County,North Carolina,0.5921,0.7175,0.7451,0.6567,0.1858,13053.0,2025,2022,16.8,32.4,6.8,9.0,13.4,3.9,5.3,24.0,16.9,14.2,13.8,,9.3,9.3,34.2,2023,2,Moderate
37145,11.5,25.4,16.1,36.7,59.5,6.6,11.5,,6.1,78.1,85.1,60.8,7.3,,,16.5,56.1,26.2,11.6,20.7,31.4,,26.5,78.1,19.0,38.5,13.4,37.8,3.6,18.3,NC,Person,39737,37145,Person County,North Carolina,0.5393,0.5558,0.6532,0.7165,0.2787,39131.0,2025,2022,17.3,33.9,6.8,9.5,14.5,4.3,5.8,24.4,18.9,16.3,15.2,,10.2,10.4,34.4,2023,3,High
37147,10.5,25.5,14.8,35.5,62.0,6.4,11.5,,5.8,79.4,86.2,62.7,6.7,,,15.0,62.9,25.0,12.0,19.7,31.4,,25.9,77.9,18.0,40.8,12.6,36.1,3.6,20.5,NC,Pitt,175119,37147,Pitt County,North Carolina,0.9001,0.8721,0.5282,0.8524,0.9679,171196.0,2025,2022,16.1,32.1,6.4,9.1,14.3,4.3,5.8,24.1,18.9,16.9,16.0,,10.4,11.4,34.1,2023,3,High
37149,9.8,24.1,17.4,32.1,57.3,7.4,10.8,,5.6,76.8,85.7,62.3,6.5,,,14.1,68.6,26.8,9.4,17.2,31.5,,21.8,77.0,17.8,35.7,12.1,30.3,2.9,8.1,NC,Polk,20060,37149,Polk County,North Carolina,0.3583,0.3121,0.4578,0.4165,0.413,19538.0,2025,2022,15.4,30.5,6.8,7.9,12.0,3.3,4.5,20.7,12.9,10.2,10.7,,7.5,7.0,31.7,2023,0,Low
37151,13.8,25.3,16.3,34.3,58.1,7.0,10.9,,6.3,77.1,84.1,59.7,7.7,,,16.9,56.4,27.4,10.9,21.5,32.6,,26.5,77.7,19.1,39.7,13.8,35.7,3.4,20.7,NC,Randolph,147458,37151,Randolph County,North Carolina,0.6475,0.6736,0.7681,0.5679,0.4108,144403.0,2025,2022,17.9,34.6,7.5,9.4,14.2,4.1,5.7,23.0,17.9,14.6,14.3,,9.6,9.2,33.8,2023,3,High
37153,14.0,27.4,14.1,39.5,61.6,6.4,12.2,,7.1,78.8,83.6,57.9,9.1,,,20.0,54.9,26.8,13.8,25.8,32.2,,30.9,78.5,20.3,43.0,15.3,37.9,4.3,27.1,NC,Richmond,42324,37153,Richmond County,North Carolina,0.986,0.9761,0.882,0.825,0.9739,43149.0,2025,2022,19.8,38.9,7.7,11.8,17.7,5.8,7.8,26.2,26.0,24.4,20.0,,13.7,14.6,35.5,2023,3,High
37155,16.7,29.4,12.2,42.9,63.3,5.9,13.3,,8.1,80.1,82.5,55.4,10.3,,,23.1,48.8,23.4,16.4,30.6,33.8,,34.9,74.9,20.9,48.1,17.3,40.1,5.2,31.1,NC,Robeson,117365,37155,Robeson County,North Carolina,0.9962,0.9828,0.9523,0.9758,0.9784,117573.0,2025,2022,21.8,41.2,9.5,13.9,20.7,6.9,10.5,26.4,31.2,30.9,23.0,,17.6,17.4,33.9,2023,1,Critical
37157,12.5,25.5,16.3,35.9,59.4,6.8,11.4,,6.2,77.8,84.4,59.6,7.8,,,17.6,57.3,26.7,11.3,21.5,31.8,,26.8,75.8,19.7,37.1,13.9,38.1,3.6,19.2,NC,Rockingham,92518,37157,Rockingham County,North Carolina,0.8514,0.875,0.825,0.6516,0.6997,91209.0,2025,2022,18.3,35.7,7.2,9.9,15.0,4.4,6.0,24.8,19.0,16.6,15.1,,10.3,10.2,35.5,2023,3,High
37159,12.2,25.3,15.9,33.8,58.2,6.8,11.0,,6.0,77.7,85.0,57.5,7.2,,,16.2,60.5,25.4,10.8,20.3,31.6,,26.4,75.5,18.6,37.4,13.4,31.8,3.4,18.8,NC,Rowan,151661,37159,Rowan County,North Carolina,0.8435,0.7725,0.742,0.6599,0.8832,147067.0,2025,2022,17.1,34.6,7.1,9.1,13.9,4.1,5.6,22.9,17.4,14.8,14.2,,9.6,9.5,33.3,2023,3,High
37161,12.0,25.7,16.1,34.8,58.5,7.2,11.4,,6.5,76.7,83.8,61.0,8.2,,,17.8,56.8,28.3,11.1,21.4,31.7,,26.8,76.9,19.7,38.0,14.1,34.3,3.5,20.2,NC,Rutherford,65507,37161,Rutherford County,North Carolina,0.8072,0.7897,0.8584,0.4973,0.6958,64680.0,2025,2022,18.2,35.4,7.6,10.0,14.7,4.4,5.9,23.1,18.1,15.8,14.0,,9.8,9.7,33.7,2023,3,High
37163,16.2,25.5,15.1,38.0,60.4,6.2,11.3,,6.6,77.6,84.1,55.8,7.8,,,17.5,53.2,25.4,13.0,24.4,32.5,,29.4,76.6,19.3,41.7,14.5,35.6,3.9,25.4,NC,Sampson,59601,37163,Sampson County,North Carolina,0.9459,0.93,0.8702,0.8721,0.867,59317.0,2025,2022,18.7,37.1,7.3,10.4,16.2,5.1,7.1,26.0,23.3,19.8,18.2,,12.1,12.2,36.4,2023,3,High
37165,14.6,27.0,13.9,42.6,61.7,6.1,12.5,,7.5,79.0,83.0,55.2,9.6,,,22.0,50.5,25.0,15.2,28.2,33.1,,32.7,75.0,20.7,45.5,16.1,41.3,4.8,22.5,NC,Scotland,34376,37165,Scotland County,North Carolina,0.9959,0.9857,0.8225,0.9135,0.9981,34222.0,2025,2022,20.7,40.8,8.0,12.6,19.1,6.4,8.7,27.8,29.4,28.5,22.4,,15.7,16.8,37.6,2023,1,Critical
37167,11.2,25.0,16.5,33.9,58.7,7.1,11.1,,6.0,76.8,84.8,58.0,7.3,,,16.3,60.1,26.7,10.5,19.5,31.9,,24.2,76.8,18.8,36.3,13.2,35.7,3.3,20.0,NC,Stanly,65699,37167,Stanly County,North Carolina,0.6631,0.6169,0.769,0.5352,0.5549,62723.0,2025,2022,17.0,32.8,7.2,9.0,13.5,3.9,5.2,23.6,16.2,13.5,13.0,,9.0,8.8,33.7,2023,2,Moderate
37169,10.5,25.9,17.0,33.5,57.7,7.3,11.0,,6.0,77.1,84.6,61.0,7.3,,,16.5,60.6,28.2,9.9,18.9,32.6,,24.1,75.6,19.0,36.8,13.1,33.0,3.2,15.3,NC,Stokes,45532,37169,Stokes County,North Carolina,0.4324,0.5584,0.4893,0.2959,0.2816,44696.0,2025,2022,17.0,32.6,7.3,8.8,13.0,3.7,4.9,22.0,14.5,12.1,11.7,,8.3,7.9,34.2,2023,2,Moderate
37171,13.3,25.8,15.9,34.1,57.9,7.3,11.3,,6.4,77.0,83.9,59.1,8.1,,,17.5,57.8,28.4,10.8,21.8,33.0,,27.1,75.7,19.4,40.8,14.1,33.7,3.4,18.1,NC,Surry,71462,37171,Surry County,North Carolina,0.8005,0.8024,0.8797,0.4814,0.622,71429.0,2025,2022,18.3,36.2,7.8,9.7,14.8,4.3,5.8,22.7,18.0,15.2,13.8,,9.6,9.1,33.6,2023,3,High
37173,11.9,26.4,16.0,36.5,58.2,7.1,12.3,,6.8,77.7,83.5,56.4,8.6,,,20.4,55.4,27.9,12.5,23.7,32.9,,26.5,73.8,20.7,40.8,15.4,36.2,3.8,19.7,NC,Swain,13916,37173,Swain County,North Carolina,0.901,0.8581,0.832,0.7894,0.8788,14130.0,2025,2022,19.5,38.4,8.7,11.0,16.3,4.7,6.9,24.7,21.9,18.2,16.3,,12.4,11.6,35.4,2023,3,High
37175,8.6,24.3,17.6,32.0,56.8,7.6,10.6,,5.4,78.1,86.3,60.9,6.1,,,13.1,67.9,27.0,8.9,15.9,31.3,,19.7,78.9,17.4,34.4,11.6,32.0,2.8,11.6,NC,Transylvania,33549,37175,Transylvania County,North Carolina,0.4773,0.3764,0.4661,0.2959,0.7098,33131.0,2025,2022,14.7,28.8,6.7,7.4,11.1,3.1,4.1,20.0,11.4,9.1,9.7,,6.9,6.6,31.3,2023,0,Low
37177,15.0,25.8,15.1,38.3,60.5,6.1,11.2,,6.8,77.4,83.4,58.7,8.2,,,18.8,59.1,24.5,13.3,24.6,32.2,,29.5,78.2,19.2,41.3,14.6,37.0,4.1,19.9,NC,Tyrrell,3461,37177,Tyrrell County,North Carolina,0.854,0.819,0.7945,0.8075,0.7531,3389.0,2025,2022,18.9,37.1,7.3,10.7,16.5,5.2,7.2,26.7,23.6,20.8,18.1,,12.3,12.5,35.3,2023,3,High
37179,9.9,22.3,16.5,31.0,57.5,6.9,10.2,,5.0,78.3,87.2,63.4,5.2,,,11.8,69.1,24.6,9.3,15.6,32.0,,21.1,73.5,16.4,33.0,11.0,31.7,2.7,14.2,NC,Union,256452,37179,Union County,North Carolina,0.2008,0.2221,0.3786,0.6701,0.0932,240109.0,2025,2022,13.7,27.2,6.0,6.8,10.5,2.9,4.1,21.6,12.3,8.7,10.5,,6.9,6.5,31.6,2023,0,Low
37181,13.8,26.0,13.4,40.0,62.6,5.8,12.1,,6.4,80.3,85.2,59.4,7.8,,,17.8,54.1,24.1,13.9,24.5,31.8,,30.0,80.9,19.5,42.8,14.3,41.0,4.2,20.9,NC,Vance,42301,37181,Vance County,North Carolina,0.9672,0.9532,0.9745,0.929,0.7283,42492.0,2025,2022,18.5,36.5,6.6,11.0,16.7,5.4,7.4,27.4,26.3,24.2,20.9,,13.6,14.8,36.6,2023,1,Critical
37183,8.0,20.6,15.0,31.2,58.0,6.7,10.0,,4.5,79.8,88.7,64.0,4.4,,,9.5,70.4,23.1,9.0,13.5,31.7,,17.9,80.4,14.9,28.9,9.2,31.6,2.5,7.3,NC,Wake,1190275,37183,Wake County,North Carolina,0.3621,0.2526,0.3229,0.7989,0.4257,1132103.0,2025,2022,12.0,23.9,5.4,5.8,9.4,2.6,3.6,20.6,10.4,7.4,9.1,,6.2,5.8,31.8,2023,0,Low
37185,13.7,26.6,13.5,41.5,62.7,5.8,12.1,,7.0,79.9,84.3,57.4,8.5,,,19.5,50.1,24.0,14.8,26.2,31.8,,31.0,79.6,19.8,44.3,14.8,41.4,4.6,22.1,NC,Warren,18836,37185,Warren County,North Carolina,0.9879,0.9707,0.9605,0.931,0.923,18803.0,2025,2022,19.3,38.8,7.2,11.7,18.0,5.9,8.1,28.4,28.3,26.5,21.6,,14.7,16.0,36.6,2023,1,Critical
37187,13.8,27.9,13.3,42.0,63.2,6.0,12.6,,7.1,80.0,84.2,57.9,9.0,,,20.2,52.0,25.6,14.8,26.8,31.9,,32.0,78.5,20.7,44.1,15.4,40.4,4.6,27.3,NC,Washington,10713,37187,Washington County,North Carolina,0.8603,0.9475,0.8511,0.9036,0.3716,11051.0,2025,2022,20.0,39.8,7.2,12.3,18.6,6.2,8.2,28.0,28.9,28.3,22.5,,15.0,16.6,37.1,2023,1,Critical
37189,9.5,25.7,17.6,33.8,58.4,7.6,10.8,,6.3,77.9,85.1,60.3,7.3,,,15.1,63.5,28.1,10.5,18.6,32.4,,23.0,76.2,18.3,37.0,12.9,32.1,3.2,17.1,NC,Watauga,54748,37189,Watauga County,North Carolina,0.4238,0.8619,0.0048,0.2444,0.5969,54540.0,2025,2022,16.2,32.1,7.6,8.7,13.1,3.9,5.1,19.4,14.1,12.5,11.3,,8.3,8.2,31.5,2023,2,Moderate
37191,13.4,25.5,15.4,38.0,61.1,6.3,11.5,,6.3,78.7,84.9,57.4,7.5,,,16.8,59.2,24.8,12.5,22.4,31.5,,27.6,76.7,18.7,39.9,13.8,35.7,3.8,18.5,NC,Wayne,118686,37191,Wayne County,North Carolina,0.9564,0.8788,0.8991,0.8616,0.9545,117480.0,2025,2022,17.6,35.2,6.9,10.0,15.5,4.8,6.5,25.6,21.7,18.8,17.1,,11.4,11.8,33.5,2023,3,High
37193,12.6,25.7,16.7,34.4,58.0,7.3,11.2,,6.4,76.8,83.6,57.5,8.2,,,17.8,57.7,28.5,10.7,21.0,32.6,,25.9,75.8,19.5,38.2,14.1,34.3,3.5,23.4,NC,Wilkes,66013,37193,Wilkes County,North Carolina,0.707,0.8164,0.6491,0.3917,0.5272,66125.0,2025,2022,18.3,34.8,7.8,9.8,14.4,4.3,5.7,23.5,17.5,14.7,13.4,,9.4,8.9,35.1,2023,2,Moderate
37195,14.5,26.6,13.7,39.8,62.3,6.1,12.0,,6.8,79.8,84.5,54.7,8.3,,,18.4,52.1,24.8,14.0,25.4,31.7,,30.6,78.9,19.4,38.5,14.8,38.1,4.3,17.7,NC,Wilson,78970,37195,Wilson County,North Carolina,0.952,0.9599,0.8543,0.8909,0.8136,78667.0,2025,2022,18.9,38.4,7.1,11.3,17.5,5.6,7.6,26.5,26.2,24.1,20.2,,13.4,14.3,34.6,2023,3,High
37197,12.8,24.9,16.6,34.1,57.6,7.3,11.0,,6.2,76.8,84.1,59.0,7.6,,,16.7,58.4,27.7,10.4,20.1,32.3,,25.3,77.5,19.0,36.3,13.7,33.8,3.3,15.1,NC,Yadkin,37774,37197,Yadkin County,North Carolina,0.6233,0.7206,0.5113,0.4741,0.5202,37280.0,2025,2022,17.6,33.7,7.5,9.2,13.7,4.0,5.4,22.2,16.4,13.5,13.1,,9.0,8.5,33.3,2023,2,Moderate
37199,11.1,25.3,17.2,32.9,57.4,7.4,11.0,,6.1,76.7,84.2,58.2,7.5,,,16.6,63.6,28.3,10.0,19.3,31.8,,24.0,77.0,19.0,35.6,13.4,32.0,3.2,21.0,NC,Yancey,18938,37199,Yancey County,North Carolina,0.5307,0.7089,0.6971,0.2109,0.2533,18538.0,2025,2022,17.2,33.3,7.5,9.0,13.3,3.8,5.1,21.9,14.9,12.5,11.6,,8.3,7.8,33.0,2023,2,Moderate
38001,8.7,24.2,21.3,31.0,58.8,7.2,10.4,,5.9,72.0,80.1,58.3,6.6,,,16.7,58.7,21.6,9.8,18.3,30.7,,25.6,79.3,16.0,35.7,12.5,34.5,3.1,12.8,ND,Adams,2163,38001,Adams County,North Dakota,0.2052,0.1495,0.1648,0.2062,0.5708,2190.0,2025,2022,14.6,29.5,7.5,8.2,11.9,3.6,4.7,22.9,13.9,9.3,11.1,,7.8,7.3,30.5,2023,0,Low
38003,7.2,23.2,23.9,30.1,58.3,7.1,10.1,,5.4,71.1,81.5,58.3,5.5,,,14.3,65.2,21.4,9.0,15.8,28.8,,22.2,74.9,15.1,38.5,11.2,32.4,2.8,11.8,ND,Barnes,10726,38003,Barnes County,North Dakota,0.1842,0.1355,0.0885,0.2879,0.5838,10826.0,2025,2022,12.9,26.4,7.1,7.0,10.2,3.0,3.9,21.1,10.9,6.9,9.3,,6.6,6.1,28.2,2023,0,Low
38005,10.2,26.4,19.6,36.6,60.4,6.8,12.5,,7.4,73.1,78.1,51.6,8.4,,,23.1,49.3,22.2,13.4,25.6,31.7,,30.5,66.7,18.3,43.8,16.0,41.2,4.1,22.3,ND,Benson,5745,38005,Benson County,North Dakota,0.7426,0.4117,0.8565,0.9211,0.8107,5960.0,2025,2022,17.9,37.7,10.0,11.4,16.4,5.1,7.7,25.8,24.8,17.7,18.3,,14.1,13.2,31.1,2023,3,High
38007,7.6,22.8,22.0,30.8,58.4,7.2,9.6,,5.6,72.9,81.6,61.9,5.5,,,14.0,65.7,20.3,9.2,16.0,30.1,,22.7,77.6,14.6,36.4,11.1,31.9,2.8,10.0,ND,Billings,1034,38007,Billings County,North Dakota,0.0095,0.0127,0.015,0.0003,0.2113,839.0,2025,2022,12.7,26.5,7.2,6.8,10.2,3.0,3.9,21.8,11.2,6.9,9.2,,6.4,6.0,29.7,2023,0,Low
38009,7.3,23.2,23.2,30.6,57.7,7.4,10.3,,5.3,72.2,82.1,58.2,5.5,,,14.2,60.2,21.0,8.7,15.4,30.7,,22.2,76.4,15.0,38.1,11.2,34.9,2.7,6.5,ND,Bottineau,6349,38009,Bottineau County,North Dakota,0.111,0.0907,0.1333,0.2854,0.3073,6411.0,2025,2022,12.8,26.7,7.0,6.9,10.0,2.9,3.8,21.2,10.9,6.6,9.3,,6.5,6.0,29.1,2023,0,Low
38011,8.3,22.7,22.9,29.0,57.4,7.3,10.1,,5.2,71.6,81.5,58.7,5.6,,,14.5,61.4,21.0,8.5,15.9,29.7,,22.2,73.0,15.1,36.7,11.4,35.4,2.7,12.4,ND,Bowman,2867,38011,Bowman County,North Dakota,0.2421,0.251,0.5896,0.2164,0.1899,2975.0,2025,2022,13.4,26.4,6.9,7.1,10.2,3.0,3.9,21.7,11.1,6.7,9.4,,6.5,5.8,30.0,2023,0,Low
38013,7.4,22.8,23.3,29.7,57.1,7.4,9.9,,5.0,72.0,82.2,59.6,5.1,,,13.5,67.4,21.0,8.2,14.8,30.3,,20.6,76.9,14.7,37.2,10.9,31.8,2.6,8.2,ND,Burke,2134,38013,Burke County,North Dakota,0.0363,0.0159,0.3194,0.1572,0.0815,2184.0,2025,2022,12.5,25.5,6.7,6.5,9.5,2.7,3.5,21.5,9.6,5.5,8.7,,5.9,5.4,29.7,2023,0,Low
38015,6.5,22.4,22.3,27.6,57.7,7.4,9.9,,4.9,73.3,83.1,63.4,4.9,,,12.1,69.6,19.8,8.1,13.7,30.1,,17.7,77.7,13.8,35.5,10.1,30.9,2.5,7.6,ND,Burleigh,100012,38015,Burleigh County,North Dakota,0.1963,0.0382,0.1556,0.3939,0.7655,98443.0,2025,2022,11.8,26.0,6.6,6.1,9.5,2.6,3.5,19.8,8.9,5.5,8.0,,5.7,5.3,28.9,2023,0,Low
38017,6.2,22.8,21.3,29.3,59.7,7.2,9.8,,5.2,75.2,83.7,59.6,4.7,,,12.0,66.0,23.4,8.5,14.2,30.7,,18.3,81.8,13.5,35.1,10.0,31.6,2.5,9.7,ND,Cass,196362,38017,Cass County,North Dakota,0.2485,0.1511,0.0649,0.4636,0.7477,186328.0,2025,2022,11.6,23.1,6.4,6.3,9.0,2.7,3.5,19.4,9.5,6.0,8.3,,5.8,5.4,29.2,2023,0,Low
38019,7.1,22.9,23.8,30.0,57.3,7.4,10.0,,5.2,73.5,82.4,59.0,5.2,,,13.4,64.1,21.3,8.2,14.9,31.0,,21.0,79.4,14.8,40.1,10.9,32.5,2.6,6.9,ND,Cavalier,3596,38019,Cavalier County,North Dakota,0.0955,0.0563,0.3882,0.1457,0.1992,3691.0,2025,2022,12.6,25.7,6.8,6.5,9.8,2.8,3.5,21.6,9.8,5.8,8.8,,6.0,5.5,29.8,2023,0,Low
38021,7.9,24.1,22.7,30.5,57.5,7.3,10.3,,5.6,72.0,81.5,57.7,5.9,,,14.8,61.6,21.4,9.2,16.4,30.9,,23.1,75.1,15.4,39.6,11.8,34.6,2.8,10.0,ND,Dickey,4900,38021,Dickey County,North Dakota,0.146,0.1855,0.2036,0.3217,0.1922,5003.0,2025,2022,13.6,27.8,7.2,7.4,10.9,3.2,4.1,21.2,11.4,7.3,9.6,,6.7,6.3,29.4,2023,0,Low
38023,8.2,23.3,23.4,29.9,57.8,7.3,10.4,,5.6,72.6,81.6,58.8,5.8,,,14.9,64.0,21.5,9.0,17.0,29.4,,23.1,78.3,15.6,37.8,11.8,31.9,2.8,9.6,ND,Divide,2135,38023,Divide County,North Dakota,0.2768,0.1858,0.2619,0.413,0.5587,2195.0,2025,2022,13.7,27.7,7.2,7.4,10.7,3.2,4.1,21.5,11.7,7.3,10.1,,6.9,6.4,30.0,2023,0,Low
38025,8.1,22.6,22.1,30.3,57.8,7.1,10.2,,5.6,72.0,81.3,59.4,5.6,,,15.0,62.7,20.7,9.4,16.5,29.9,,22.7,75.3,15.4,36.5,11.6,31.9,2.9,10.9,ND,Dunn,4019,38025,Dunn County,North Dakota,0.4104,0.2036,0.5819,0.552,0.5927,4049.0,2025,2022,13.5,28.0,7.5,7.2,10.7,3.1,4.2,23.4,11.9,7.1,10.2,,7.1,6.5,30.3,2023,0,Low
38027,8.8,25.1,21.7,31.6,59.1,7.3,10.7,,6.1,72.6,80.3,57.2,6.7,,,16.8,60.2,22.0,10.2,19.1,30.7,,25.3,71.2,16.0,38.8,12.8,32.1,3.2,18.2,ND,Eddy,2263,38027,Eddy County,North Dakota,0.4082,0.2078,0.5628,0.2733,0.7327,2345.0,2025,2022,14.7,29.8,7.9,8.5,12.3,3.8,5.0,21.7,14.6,10.2,11.6,,8.3,8.0,31.6,2023,0,Low
38029,8.2,23.3,22.7,30.5,58.0,7.4,10.5,,5.8,72.5,80.7,61.4,6.3,,,16.0,65.0,21.6,9.2,17.7,30.0,,23.0,75.0,15.8,38.8,12.1,32.5,2.9,10.2,ND,Emmons,3224,38029,Emmons County,North Dakota,0.0506,0.1664,0.028,0.0407,0.1705,3297.0,2025,2022,14.3,28.8,7.5,7.8,11.2,3.3,4.3,22.3,12.4,8.2,10.1,,7.1,6.6,30.4,2023,0,Low
38031,7.0,23.5,23.4,30.0,57.9,7.5,10.2,,5.3,72.4,82.1,60.9,5.5,,,13.9,64.2,21.6,8.7,15.5,30.4,,22.1,76.1,15.1,35.9,11.3,32.9,2.7,9.1,ND,Foster,3309,38031,Foster County,North Dakota,0.0127,0.007,0.0716,0.0675,0.1149,3388.0,2025,2022,12.9,25.9,6.9,6.9,10.1,3.0,3.8,20.7,10.3,6.5,9.0,,6.3,5.9,30.0,2023,0,Low
38033,8.0,24.6,22.0,31.7,59.1,7.3,10.6,,6.0,72.6,80.7,57.4,6.5,,,16.5,62.4,22.2,9.8,17.8,30.3,,25.7,76.0,16.4,37.8,12.5,34.0,3.1,12.7,ND,Golden Valley,1743,38033,Golden Valley County,North Dakota,0.1982,0.1024,0.5164,0.4117,0.2711,1734.0,2025,2022,14.5,29.3,7.7,8.1,11.8,3.6,4.6,21.7,12.8,8.9,10.7,,7.5,7.3,29.7,2023,0,Low
38035,7.1,24.4,23.6,30.3,59.3,7.3,10.4,,5.5,73.8,82.4,58.6,5.6,,,12.9,62.6,22.7,9.8,16.5,31.8,,22.6,77.4,14.8,37.9,11.6,34.2,2.8,15.1,ND,Grand Forks,72708,38035,Grand Forks County,North Dakota,0.3198,0.2867,0.0191,0.4839,0.8654,72927.0,2025,2022,12.8,26.9,7.0,7.1,10.5,3.1,4.1,20.6,11.1,7.3,9.6,,6.7,6.5,29.7,2023,0,Low
38037,8.7,25.2,21.7,32.9,59.1,7.3,10.7,,6.4,72.3,79.8,55.5,7.2,,,17.8,57.0,22.5,10.3,19.7,29.8,,27.0,73.6,16.5,41.8,13.3,33.5,3.3,13.2,ND,Grant,2215,38037,Grant County,North Dakota,0.2097,0.1973,0.3124,0.2109,0.3535,2320.0,2025,2022,15.3,30.7,8.2,8.9,12.8,3.9,5.1,22.1,14.6,10.6,11.4,,8.3,7.8,30.3,2023,0,Low
38039,6.9,23.2,22.6,30.1,57.3,7.4,9.9,,5.2,71.7,81.6,58.7,5.4,,,13.8,64.7,20.8,8.3,15.1,30.0,,20.7,73.8,14.7,37.9,11.0,33.0,2.7,12.5,ND,Griggs,2248,38039,Griggs County,North Dakota,0.0407,0.0258,0.1534,0.021,0.202,2309.0,2025,2022,12.6,26.3,6.9,6.8,10.0,2.9,3.7,21.0,10.2,6.4,8.8,,6.1,5.8,29.2,2023,0,Low
38041,7.7,23.1,22.5,29.9,58.0,7.3,10.5,,5.5,72.5,81.5,59.4,5.8,,,15.3,61.1,21.9,8.9,16.3,30.0,,23.0,72.0,15.9,37.9,11.7,34.2,2.8,11.2,ND,Hettinger,2415,38041,Hettinger County,North Dakota,0.1495,0.3268,0.2218,0.1985,0.0853,2477.0,2025,2022,13.7,27.7,7.2,7.4,10.5,3.1,4.0,22.4,11.8,7.3,10.1,,7.0,6.4,31.4,2023,0,Low
38043,7.9,24.2,23.3,30.3,58.6,7.4,10.3,,5.7,72.5,81.2,55.7,5.9,,,15.3,59.5,22.1,9.1,16.7,30.8,,24.1,73.3,15.7,40.2,12.0,35.0,2.9,15.2,ND,Kidder,2342,38043,Kidder County,North Dakota,0.0321,0.1031,0.0843,0.2444,0.0312,2391.0,2025,2022,13.8,28.1,7.4,7.4,10.9,3.2,4.1,21.5,11.5,7.4,9.8,,6.8,6.3,29.2,2023,0,Low
38045,7.9,23.4,23.1,29.0,57.9,7.3,10.2,,5.6,72.1,81.2,59.5,5.8,,,15.0,66.7,21.1,8.8,16.4,29.9,,23.1,74.4,15.3,35.2,11.6,31.6,2.8,16.0,ND,LaMoure,4096,38045,LaMoure County,North Dakota,0.0305,0.0894,0.0843,0.0229,0.0687,4135.0,2025,2022,13.5,26.9,7.2,7.3,10.6,3.1,4.0,21.8,11.2,7.1,9.5,,6.6,6.1,29.3,2023,0,Low
38047,8.8,24.1,21.7,31.4,58.8,7.3,10.5,,6.0,71.8,80.3,57.8,6.6,,,16.3,59.1,22.0,9.5,18.2,29.7,,25.0,76.4,16.1,40.9,12.6,34.5,3.1,11.3,ND,Logan,1869,38047,Logan County,North Dakota,0.0754,0.0856,0.3761,0.1037,0.1053,1849.0,2025,2022,14.6,29.8,7.7,8.2,11.8,3.6,4.6,21.7,13.3,9.0,10.8,,7.6,7.2,31.3,2023,0,Low
38049,8.1,23.8,22.6,31.1,58.4,7.3,10.2,,5.6,72.4,81.1,57.7,5.9,,,15.5,64.0,21.4,8.9,16.6,29.7,,24.2,79.2,15.5,41.7,12.0,33.1,2.9,15.3,ND,McHenry,5131,38049,McHenry County,North Dakota,0.0907,0.1709,0.1588,0.0627,0.1416,5326.0,2025,2022,13.7,28.5,7.3,7.4,11.0,3.1,4.1,21.5,11.5,7.3,9.8,,6.8,6.3,30.5,2023,0,Low
38051,9.4,24.4,21.4,31.2,58.6,7.2,10.5,,5.9,72.1,80.0,56.2,6.7,,,17.1,60.7,21.8,9.8,19.1,30.3,,25.4,77.7,16.4,36.7,12.9,34.4,3.1,18.1,ND,McIntosh,2488,38051,McIntosh County,North Dakota,0.1368,0.1674,0.1578,0.1572,0.2867,2529.0,2025,2022,15.1,30.6,7.7,8.5,12.2,3.7,4.8,22.9,14.1,9.6,11.3,,7.9,7.4,31.6,2023,0,Low
38053,9.2,24.2,22.4,31.3,57.7,7.1,10.3,,5.7,71.7,81.5,56.0,5.7,,,15.0,57.4,20.5,9.9,17.0,30.2,,24.2,74.1,15.1,40.9,12.0,39.8,2.9,11.1,ND,McKenzie,14252,38053,McKenzie County,North Dakota,0.468,0.3369,0.1145,0.6029,0.874,14081.0,2025,2022,13.5,29.0,7.5,7.4,11.2,3.3,4.5,22.7,13.0,7.9,11.0,,7.6,7.1,29.9,2023,0,Low
38055,7.1,23.8,23.2,29.9,58.7,7.3,10.2,,5.2,73.4,82.3,60.5,5.3,,,14.3,64.7,21.9,8.6,15.5,30.5,,22.7,79.1,15.2,40.2,11.2,32.7,2.7,10.5,ND,McLean,9832,38055,McLean County,North Dakota,0.0662,0.0156,0.2959,0.363,0.1915,9781.0,2025,2022,12.7,26.4,7.0,6.8,10.1,2.8,3.7,22.4,10.3,6.2,9.1,,6.4,5.8,31.1,2023,0,Low
38057,8.0,23.8,22.3,30.7,58.4,7.2,10.5,,5.7,72.1,81.1,54.6,6.1,,,15.4,63.1,21.6,9.1,17.4,30.6,,23.3,73.6,15.6,39.6,12.1,33.2,2.9,9.8,ND,Mercer,8309,38057,Mercer County,North Dakota,0.3296,0.2577,0.4652,0.2587,0.5056,8366.0,2025,2022,14.0,28.9,7.5,7.6,11.0,3.3,4.3,21.7,12.3,7.9,10.2,,7.2,6.7,29.3,2023,0,Low
38059,7.2,23.3,23.2,29.3,58.0,7.4,10.2,,5.2,73.4,82.2,59.6,5.2,,,13.6,64.6,21.6,8.3,15.0,31.0,,21.7,74.9,14.8,38.4,10.7,34.3,2.6,7.3,ND,Morton,33895,38059,Morton County,North Dakota,0.0519,0.0589,0.0274,0.3592,0.2746,33192.0,2025,2022,12.4,25.4,6.8,6.6,9.8,2.8,3.7,20.7,10.3,6.1,9.2,,6.2,5.8,29.0,2023,0,Low
38061,10.3,24.4,21.0,32.7,58.0,6.8,11.2,,6.4,71.8,79.9,54.2,6.7,,,19.0,60.5,20.7,11.6,21.0,30.7,,29.4,73.0,16.7,41.8,13.6,35.6,3.4,16.6,ND,Mountrail,9383,38061,Mountrail County,North Dakota,0.7156,0.4333,0.7868,0.8088,0.8142,9648.0,2025,2022,15.6,33.1,8.6,9.0,13.5,4.0,5.8,24.8,18.2,11.6,14.7,,10.3,9.5,31.4,2023,2,Moderate
38063,7.6,23.4,23.0,30.2,58.1,7.3,9.9,,5.3,72.4,82.0,61.4,5.3,,,13.9,63.1,21.6,8.6,15.3,30.4,,21.2,79.3,14.7,39.8,11.0,33.8,2.7,11.2,ND,Nelson,2991,38063,Nelson County,North Dakota,0.0468,0.0274,0.4047,0.2214,0.0646,3025.0,2025,2022,12.8,26.9,7.1,6.8,10.1,2.9,3.8,21.4,10.6,6.3,9.3,,6.3,5.9,29.6,2023,0,Low
38065,7.0,22.4,23.5,28.6,57.5,7.4,10.1,,5.2,72.4,82.2,57.9,5.1,,,13.7,62.6,20.9,8.3,14.6,29.8,,21.7,76.3,15.0,34.6,10.9,34.3,2.6,9.0,ND,Oliver,1879,38065,Oliver County,North Dakota,0.0808,0.0242,0.5256,0.2164,0.1584,1832.0,2025,2022,12.6,25.6,6.8,6.5,9.5,2.7,3.5,22.0,9.5,5.5,8.6,,5.9,5.4,29.6,2023,0,Low
38067,8.5,23.9,24.2,30.3,58.0,7.2,10.1,,5.8,71.4,80.9,57.9,5.9,,,15.3,62.1,21.6,9.3,17.8,29.9,,24.0,77.1,15.6,42.1,12.1,34.4,2.9,11.1,ND,Pembina,6661,38067,Pembina County,North Dakota,0.1206,0.1934,0.14,0.3016,0.1429,6853.0,2025,2022,13.8,28.1,7.4,7.4,11.1,3.3,4.3,23.0,12.2,7.7,10.3,,7.1,6.6,30.1,2023,0,Low
38069,7.5,23.7,23.1,29.3,58.3,7.3,10.3,,5.4,73.1,81.6,57.4,5.7,,,14.9,63.4,22.0,9.0,16.5,29.7,,23.6,73.1,15.4,40.9,11.6,33.6,2.8,11.5,ND,Pierce,3902,38069,Pierce County,North Dakota,0.1155,0.111,0.4776,0.1654,0.1199,3999.0,2025,2022,13.2,27.6,7.2,7.3,10.8,3.1,4.1,21.4,11.9,7.5,9.8,,6.9,6.5,29.4,2023,0,Low
38071,8.1,24.1,20.6,30.9,58.7,7.3,10.4,,5.9,73.5,80.8,57.3,6.3,,,16.3,64.6,21.9,9.8,18.0,31.5,,24.4,75.7,15.9,41.4,12.4,32.7,3.1,12.0,ND,Ramsey,11463,38071,Ramsey County,North Dakota,0.4747,0.2186,0.5848,0.4973,0.7658,11613.0,2025,2022,14.2,28.1,7.7,8.0,11.3,3.5,4.8,22.0,13.5,9.3,11.3,,8.1,7.6,27.9,2023,0,Low
38073,8.1,23.0,22.9,30.4,57.9,7.2,10.1,,5.6,73.0,81.0,58.7,5.9,,,15.4,64.3,21.4,9.4,16.9,31.0,,23.0,75.8,15.5,38.2,11.7,32.4,2.9,12.5,ND,Ransom,5603,38073,Ransom County,North Dakota,0.0935,0.0805,0.0515,0.2914,0.4015,5663.0,2025,2022,13.8,27.8,7.2,7.3,10.9,3.2,4.1,22.4,11.8,7.4,9.8,,6.8,6.3,29.5,2023,0,Low
38075,7.5,22.8,23.5,29.8,57.5,7.3,10.1,,5.3,71.7,81.7,61.3,5.4,,,14.4,63.1,21.1,8.5,15.2,29.3,,22.7,79.7,15.3,38.7,11.2,34.5,2.7,9.9,ND,Renville,2279,38075,Renville County,North Dakota,0.0245,0.0363,0.0375,0.0264,0.195,2282.0,2025,2022,13.2,26.7,7.0,6.8,10.0,2.9,3.7,21.8,10.6,6.3,9.1,,6.2,5.8,29.8,2023,0,Low
38077,7.4,24.1,23.3,31.1,58.1,7.4,10.2,,5.5,72.4,81.6,62.2,5.7,,,14.5,63.1,22.6,9.0,16.3,30.0,,22.9,74.8,15.2,37.6,11.6,32.9,2.8,10.2,ND,Richland,16558,38077,Richland County,North Dakota,0.2459,0.1091,0.1448,0.2984,0.7821,16548.0,2025,2022,13.3,27.6,7.2,7.2,10.8,3.1,4.0,21.1,11.1,7.1,9.8,,6.7,6.4,29.9,2023,0,Low
38079,11.2,28.1,18.9,38.3,60.7,6.3,13.8,,7.8,73.3,77.8,49.4,9.0,,,26.2,46.9,22.2,16.5,29.4,31.4,,34.3,68.8,19.7,50.2,17.7,40.6,4.7,26.5,ND,Rolette,11728,38079,Rolette County,North Dakota,0.8934,0.8358,0.6847,0.985,0.8947,12292.0,2025,2022,19.5,41.1,11.0,13.0,19.0,5.8,9.4,28.7,31.1,22.1,22.5,,17.7,16.1,33.5,2023,1,Critical
38081,7.9,22.8,23.4,29.9,57.7,7.3,9.9,,5.4,72.1,81.6,57.7,5.4,,,14.4,60.7,20.9,9.0,16.0,30.2,,22.6,78.7,15.1,41.3,11.5,35.4,2.7,10.3,ND,Sargent,3776,38081,Sargent County,North Dakota,0.0251,0.0022,0.2253,0.2536,0.1059,3828.0,2025,2022,13.2,27.1,7.0,6.9,10.1,2.9,3.8,22.8,10.9,6.5,9.5,,6.5,6.0,30.3,2023,0,Low
38083,8.2,23.6,22.7,30.8,58.0,7.3,10.4,,5.6,72.1,80.9,55.9,6.0,,,15.7,62.2,22.5,9.0,17.1,30.3,,23.6,75.8,15.8,37.6,12.0,33.9,2.9,12.0,ND,Sheridan,1266,38083,Sheridan County,North Dakota,0.0073,0.071,0.0325,0.0264,0.0207,1338.0,2025,2022,14.2,28.8,7.4,7.6,11.0,3.2,4.2,22.5,12.0,7.5,10.1,,7.1,6.4,31.0,2023,0,Low
38085,13.9,30.1,17.3,41.8,62.7,6.1,14.5,,10.1,73.5,74.8,45.4,12.1,,,33.6,36.8,23.7,20.1,37.0,31.0,,39.7,62.6,22.0,49.7,21.4,45.3,6.1,29.3,ND,Sioux,3643,38085,Sioux County,North Dakota,0.9176,0.9551,0.6166,0.9908,0.8104,3896.0,2025,2022,23.3,47.7,13.5,17.0,24.4,8.4,13.5,30.1,42.6,35.2,29.2,,24.0,23.2,34.5,2023,1,Critical
38087,7.9,23.7,23.1,31.8,58.5,7.3,10.1,,5.9,71.3,80.2,57.2,6.3,,,16.2,62.2,21.2,9.4,17.3,30.3,,23.2,74.4,15.6,38.6,12.1,33.6,3.0,12.7,ND,Slope,674,38087,Slope County,North Dakota,0.0134,0.0977,0.1378,0.0299,0.006,837.0,2025,2022,14.0,28.2,7.6,7.7,11.2,3.4,4.3,22.0,12.4,8.2,10.2,,7.3,6.9,30.1,2023,0,Low
38089,8.5,22.9,22.7,30.4,58.2,7.2,9.9,,5.6,72.9,81.2,59.6,5.6,,,14.3,61.8,19.8,8.9,16.6,31.9,,23.2,74.3,14.9,37.5,11.5,32.5,2.8,12.6,ND,Stark,33001,38089,Stark County,North Dakota,0.3112,0.1944,0.0865,0.3977,0.8425,32989.0,2025,2022,13.1,27.8,7.2,7.2,10.6,3.1,4.1,21.7,11.5,7.2,10.0,,6.7,6.2,28.6,2023,0,Low
38091,7.7,23.6,23.0,29.9,57.8,7.5,10.1,,5.7,72.1,81.3,59.5,5.9,,,14.8,64.1,21.5,9.0,16.3,30.5,,22.4,74.5,15.3,34.9,11.6,33.4,2.9,12.6,ND,Steele,1782,38091,Steele County,North Dakota,0.0299,0.028,0.0783,0.015,0.1906,1774.0,2025,2022,13.4,27.9,7.4,7.3,10.6,3.2,4.1,21.2,11.4,7.4,9.5,,6.7,6.3,30.1,2023,0,Low
38093,8.3,24.3,23.4,29.3,58.2,7.4,10.4,,5.7,70.9,80.6,59.1,6.1,,,16.1,62.3,21.5,9.0,17.3,29.2,,23.5,76.8,15.9,40.3,12.1,31.1,2.9,13.2,ND,Stutsman,21392,38093,Stutsman County,North Dakota,0.4419,0.4792,0.2164,0.2399,0.6723,21609.0,2025,2022,13.9,28.9,7.4,7.6,11.5,3.3,4.3,21.1,12.2,8.1,10.2,,7.2,6.7,30.1,2023,0,Low
38095,9.5,25.2,21.3,32.8,58.6,7.2,10.8,,6.3,72.6,79.8,51.9,7.0,,,17.6,56.5,22.3,10.4,19.8,30.8,,27.3,75.6,16.8,43.9,13.2,33.6,3.3,8.3,ND,Towner,2030,38095,Towner County,North Dakota,0.2297,0.4311,0.5784,0.4222,0.02,2152.0,2025,2022,15.5,31.1,8.1,8.9,12.8,3.9,5.2,23.2,15.3,10.8,12.3,,8.7,8.3,31.9,2023,2,Moderate
38097,7.2,22.8,23.5,29.1,57.4,7.4,9.9,,5.1,72.1,82.8,59.9,5.1,,,13.0,64.2,20.7,8.5,14.3,29.4,,21.1,80.8,14.6,38.8,10.9,33.2,2.6,9.3,ND,Traill,7908,38097,Traill County,North Dakota,0.0697,0.0293,0.0576,0.2692,0.4493,8004.0,2025,2022,12.5,26.1,6.7,6.5,9.8,2.7,3.6,20.2,9.6,5.9,8.7,,6.0,5.6,28.3,2023,0,Low
38099,10.6,24.1,21.6,30.1,57.5,7.1,10.1,,5.7,72.6,80.7,54.9,6.0,,,15.3,56.7,20.9,9.4,17.6,29.5,,24.6,70.4,15.2,36.0,12.0,36.5,3.0,13.6,ND,Walsh,10305,38099,Walsh County,North Dakota,0.3385,0.23,0.4521,0.4683,0.4843,10553.0,2025,2022,14.0,28.6,7.4,7.7,11.4,3.4,4.6,22.4,13.6,8.4,11.3,,7.6,6.9,29.5,2023,0,Low
38101,7.6,24.1,22.4,31.4,59.5,7.3,10.0,,5.1,72.2,82.7,58.7,5.1,,,13.3,63.5,20.6,8.8,15.0,30.0,,22.7,74.9,14.5,34.7,11.0,39.6,2.6,11.7,ND,Ward,68332,38101,Ward County,North Dakota,0.2571,0.1499,0.0671,0.5065,0.756,69532.0,2025,2022,12.6,26.6,6.8,6.7,9.9,2.8,3.7,20.7,10.4,6.3,9.3,,6.3,6.0,30.6,2023,0,Low
38103,8.1,24.4,22.5,30.1,58.5,7.3,10.5,,5.7,72.2,80.4,59.4,6.3,,,15.9,63.8,21.8,9.4,17.6,29.8,,23.7,74.7,16.1,38.2,12.3,32.6,3.0,12.6,ND,Wells,3876,38103,Wells County,North Dakota,0.2437,0.1508,0.3557,0.0525,0.6217,3990.0,2025,2022,14.2,28.6,7.5,7.9,11.5,3.4,4.4,21.7,12.5,8.5,10.3,,7.3,6.9,31.3,2023,0,Low
38105,9.3,22.9,23.7,31.6,59.0,7.0,10.2,,5.5,71.4,80.8,55.7,5.6,,,15.4,62.0,20.8,9.4,16.6,29.8,,24.5,79.0,15.6,40.2,11.5,37.0,2.9,11.8,ND,Williams,39113,38105,Williams County,North Dakota,0.5062,0.2262,0.4766,0.5778,0.8762,39076.0,2025,2022,13.5,28.5,7.2,7.2,10.9,3.2,4.3,23.8,12.9,7.6,10.8,,7.2,6.7,32.6,2023,0,Low
39001,10.2,28.1,16.9,35.1,61.7,7.6,11.9,,7.3,76.7,80.7,52.2,9.8,,,22.2,54.6,27.9,12.7,23.3,32.6,,33.6,72.4,21.5,39.9,16.0,40.6,3.7,31.8,OH,Adams,27521,39001,Adams County,Ohio,0.6516,0.8349,0.7181,0.0229,0.4508,27509.0,2025,2022,18.2,33.2,7.4,10.5,15.2,4.5,5.8,22.9,18.9,17.7,14.2,,10.0,10.9,35.8,2023,3,High
39003,8.7,27.4,18.1,34.3,61.7,7.2,11.2,,6.3,79.3,83.6,59.3,7.7,,,17.6,57.0,28.2,12.2,19.6,32.0,,28.1,71.9,19.5,40.0,13.7,41.5,3.2,15.4,OH,Allen,100838,39003,Allen County,Ohio,0.5673,0.4152,0.672,0.5326,0.6659,102087.0,2025,2022,15.6,29.6,6.2,8.6,12.7,3.6,4.7,23.0,15.7,13.4,13.4,,8.7,9.7,38.1,2023,2,Moderate
39005,8.6,27.2,18.8,34.9,60.1,7.5,11.2,,6.3,77.0,82.6,59.1,7.9,,,18.4,59.3,27.4,11.2,19.8,31.9,,29.0,75.0,19.6,38.5,14.4,35.2,3.2,13.0,OH,Ashland,52190,39005,Ashland County,Ohio,0.3096,0.3194,0.2081,0.0675,0.6522,52522.0,2025,2022,15.9,30.5,6.4,8.6,12.8,3.6,4.6,21.3,14.6,12.5,11.7,,8.1,8.6,35.0,2023,2,Moderate
39007,10.6,27.9,17.4,35.9,61.8,7.4,11.4,,7.1,75.5,81.5,51.6,9.0,,,20.5,56.0,29.0,13.0,22.9,32.5,,32.7,74.0,21.2,45.7,15.5,38.7,3.6,17.9,OH,Ashtabula,96845,39007,Ashtabula County,Ohio,0.8247,0.8995,0.6704,0.3675,0.7906,97666.0,2025,2022,17.6,33.1,7.0,10.0,14.6,4.3,5.6,23.9,18.7,16.7,14.5,,9.9,10.8,37.9,2023,3,High
39009,8.3,27.3,19.8,36.6,59.7,7.8,11.5,,6.6,77.1,83.1,58.7,8.3,,,18.0,62.3,30.0,12.6,20.5,32.8,,26.5,73.7,20.1,37.9,14.1,38.7,3.4,17.6,OH,Athens,62706,39009,Athens County,Ohio,0.5772,0.7165,0.0363,0.3086,0.9332,61276.0,2025,2022,15.7,29.6,6.7,9.0,13.1,4.0,5.0,21.6,15.6,14.5,12.6,,8.8,9.9,35.9,2023,2,Moderate
39011,7.5,25.4,19.3,32.2,59.8,7.6,10.8,,5.7,77.0,84.1,62.5,6.6,,,15.7,64.8,26.1,9.8,16.9,31.3,,25.0,72.9,18.8,39.5,12.6,38.5,2.8,16.5,OH,Auglaize,46050,39011,Auglaize County,Ohio,0.0261,0.0229,0.1915,0.0579,0.092,46263.0,2025,2022,14.0,25.8,5.8,7.4,10.8,2.9,3.7,21.1,11.4,8.8,10.1,,6.7,7.1,35.2,2023,0,Low
39013,8.6,27.6,18.8,35.4,61.8,7.5,11.2,,6.5,77.1,82.9,57.4,7.9,,,18.6,56.9,27.3,11.5,20.6,34.1,,30.2,72.9,19.8,40.9,14.8,40.8,3.2,16.3,OH,Belmont,64918,39013,Belmont County,Ohio,0.3067,0.3503,0.1505,0.2234,0.5609,66554.0,2025,2022,15.7,30.5,6.5,8.5,12.8,3.6,4.7,22.1,14.9,12.8,12.4,,8.3,9.2,35.6,2023,2,Moderate
39015,9.1,28.3,17.2,36.3,61.4,7.6,11.5,,6.7,77.7,82.2,60.1,8.6,,,20.0,57.7,28.7,11.6,21.0,33.4,,32.3,74.0,20.6,41.2,14.7,41.4,3.3,22.9,OH,Brown,43777,39015,Brown County,Ohio,0.3691,0.504,0.4006,0.021,0.392,43715.0,2025,2022,16.9,32.7,6.7,9.4,14.2,3.9,5.0,22.9,16.4,14.2,12.7,,8.7,9.3,36.5,2023,2,Moderate
39017,8.3,25.2,18.9,33.2,60.8,7.2,10.8,,5.8,79.2,84.6,58.1,6.6,,,15.2,61.1,26.1,11.3,18.4,31.3,,27.5,78.5,18.4,39.6,12.9,38.3,2.9,17.4,OH,Butler,393043,39017,Butler County,Ohio,0.4346,0.3649,0.5145,0.5597,0.4254,388327.0,2025,2022,14.0,26.4,5.8,7.5,11.2,3.2,4.2,22.3,14.1,11.1,11.9,,7.8,8.5,36.3,2023,2,Moderate
39019,9.0,27.8,18.7,33.6,60.4,7.5,11.2,,6.5,76.8,82.3,59.2,8.2,,,19.4,55.2,27.4,11.2,20.2,32.5,,30.0,75.3,20.6,38.7,14.6,41.9,3.3,18.1,OH,Carroll,26758,39019,Carroll County,Ohio,0.3255,0.3729,0.6137,0.0525,0.3032,26761.0,2025,2022,16.5,32.2,6.7,8.9,13.1,3.7,4.7,22.6,15.1,12.8,12.0,,8.2,8.8,37.0,2023,2,Moderate
39021,8.0,26.4,18.7,32.7,60.0,7.6,11.1,,5.8,76.7,83.7,60.4,7.0,,,16.8,62.3,26.8,10.2,17.4,31.3,,25.9,76.4,19.2,43.0,13.3,42.2,2.9,13.8,OH,Champaign,38845,39021,Champaign County,Ohio,0.1123,0.1705,0.1559,0.1861,0.181,38715.0,2025,2022,14.9,28.4,6.0,7.7,11.6,3.1,4.0,21.7,12.6,10.0,10.7,,7.2,7.5,35.9,2023,2,Moderate
39023,9.4,27.3,16.5,36.1,61.5,7.4,11.5,,6.4,77.6,83.1,54.9,8.1,,,18.5,58.3,28.1,12.2,20.9,33.7,,31.7,72.6,20.4,42.4,14.6,40.1,3.3,19.7,OH,Clark,134610,39023,Clark County,Ohio,0.6627,0.6287,0.8387,0.4699,0.4998,135877.0,2025,2022,16.3,31.8,6.4,9.2,13.7,3.9,5.0,22.9,16.7,14.4,13.5,,9.1,10.0,36.3,2023,3,High
39025,7.5,25.5,19.4,31.7,58.9,7.7,10.7,,5.6,77.0,84.6,63.8,6.4,,,15.7,63.4,26.7,10.4,16.4,31.4,,24.1,73.9,18.5,34.4,12.4,38.4,2.8,12.0,OH,Clermont,211972,39025,Clermont County,Ohio,0.1479,0.1896,0.1575,0.2109,0.2634,208851.0,2025,2022,13.8,27.5,5.8,7.2,10.9,2.9,3.8,20.3,11.7,9.1,10.2,,6.8,7.1,34.9,2023,0,Low
39027,8.6,27.5,18.5,33.5,60.8,7.6,11.3,,6.3,77.1,82.8,60.8,7.9,,,18.3,56.9,27.4,11.2,19.7,32.0,,29.0,73.9,19.8,39.9,14.0,42.5,3.2,15.9,OH,Clinton,41938,39027,Clinton County,Ohio,0.3038,0.3299,0.4979,0.1753,0.3303,42077.0,2025,2022,15.9,30.4,6.5,8.8,12.9,3.7,4.7,21.3,14.9,12.8,12.2,,8.3,9.1,36.8,2023,2,Moderate
39029,9.1,27.2,19.6,35.4,60.3,7.5,11.3,,6.5,76.0,82.3,61.1,8.2,,,19.0,57.8,26.7,11.8,20.4,31.1,,29.8,72.2,19.9,41.0,14.9,43.1,3.3,15.8,OH,Columbiana,100182,39029,Columbiana County,Ohio,0.4162,0.4225,0.3621,0.1654,0.6058,101723.0,2025,2022,15.9,30.0,6.6,8.8,13.3,3.7,4.8,21.7,15.7,13.4,12.7,,8.5,9.3,34.8,2023,2,Moderate
39031,9.9,29.3,18.3,35.3,61.0,7.5,11.5,,6.9,76.5,81.4,53.5,9.1,,,20.6,58.4,29.2,12.2,21.7,33.1,,30.4,70.4,20.7,41.4,15.4,40.0,3.5,15.9,OH,Coshocton,36869,39031,Coshocton County,Ohio,0.6351,0.7623,0.7213,0.0579,0.5262,36629.0,2025,2022,17.5,31.8,6.9,9.9,14.2,4.2,5.4,22.8,17.3,15.9,13.4,,9.4,10.1,37.6,2023,2,Moderate
39033,9.1,27.5,18.0,33.9,61.0,7.6,11.2,,6.6,76.0,82.4,57.7,8.4,,,19.0,56.4,28.5,11.5,19.9,31.4,,30.2,65.8,20.5,39.5,14.4,41.4,3.3,14.5,OH,Crawford,41529,39033,Crawford County,Ohio,0.3856,0.5291,0.7576,0.0757,0.1489,41861.0,2025,2022,16.6,31.3,6.6,9.1,13.5,3.8,4.9,22.2,15.6,13.6,12.4,,8.6,9.2,36.1,2023,2,Moderate
39035,8.6,24.5,19.3,34.2,60.6,6.5,11.7,,5.5,78.1,85.7,60.3,6.6,,,15.2,63.0,24.7,11.3,18.9,32.9,,23.6,78.2,17.2,35.4,12.6,39.1,3.3,14.0,OH,Cuyahoga,1233088,39035,Cuyahoga County,Ohio,0.7305,0.6554,0.6946,0.8043,0.6281,1256620.0,2025,2022,13.8,28.4,5.3,8.2,12.7,3.7,5.0,23.3,17.5,14.7,14.5,,9.3,11.0,38.5,2023,2,Moderate
39037,8.8,26.8,18.6,33.6,60.6,7.6,11.2,,6.3,76.7,82.6,55.1,7.9,,,18.4,59.1,28.2,11.3,19.8,32.9,,28.1,76.2,20.1,36.6,14.2,35.0,3.2,17.6,OH,Darke,51415,39037,Darke County,Ohio,0.0961,0.2148,0.2755,0.0407,0.0649,51751.0,2025,2022,16.2,30.1,6.4,8.7,12.4,3.6,4.6,22.0,14.5,12.4,11.8,,8.1,8.6,36.1,2023,2,Moderate
39039,9.6,25.8,18.6,32.3,59.8,7.4,10.7,,5.9,76.9,83.8,60.9,6.8,,,16.4,61.6,26.2,10.9,18.2,31.0,,26.4,75.7,18.6,35.5,13.3,38.6,2.9,13.2,OH,Defiance,38315,39039,Defiance County,Ohio,0.2529,0.2144,0.6239,0.4222,0.1747,38300.0,2025,2022,14.7,28.4,6.1,7.7,11.6,3.2,4.3,22.3,13.8,10.6,11.8,,7.6,8.0,35.1,2023,2,Moderate
39041,5.3,23.2,19.9,28.2,60.4,7.7,9.5,,4.4,80.1,87.4,67.1,4.4,,,9.9,73.2,21.6,8.7,11.4,30.2,,17.1,83.5,14.2,30.9,9.3,32.6,2.2,8.9,OH,Delaware,231636,39041,Delaware County,Ohio,0.0239,0.0054,0.1651,0.4998,0.0445,216074.0,2025,2022,9.9,19.0,4.8,5.0,7.6,2.1,2.7,18.1,7.8,5.3,7.2,,4.8,5.0,31.9,2023,0,Low
39043,8.2,26.1,18.5,34.4,58.8,7.4,11.1,,5.8,78.7,84.4,58.0,6.9,,,15.6,66.5,26.2,11.0,17.1,31.5,,26.0,79.7,18.9,40.3,12.9,36.6,3.0,12.3,OH,Erie,74035,39043,Erie County,Ohio,0.4015,0.3462,0.5962,0.5081,0.3283,75299.0,2025,2022,14.5,26.7,5.9,7.8,11.4,3.3,4.3,21.5,14.0,11.5,12.1,,7.8,8.7,35.2,2023,2,Moderate
39045,7.4,26.2,17.5,32.7,59.7,7.4,10.8,,5.5,78.0,85.1,61.5,6.2,,,14.5,61.1,26.1,10.4,16.5,32.4,,23.5,70.7,17.6,35.3,12.1,41.2,2.8,13.3,OH,Fairfield,165360,39045,Fairfield County,Ohio,0.196,0.1594,0.4543,0.4699,0.182,159371.0,2025,2022,13.5,26.2,5.6,7.1,10.7,3.0,3.9,21.6,12.2,9.9,10.7,,7.1,7.7,34.0,2023,2,Moderate
39047,9.8,26.8,18.0,36.8,60.3,7.4,11.4,,6.6,75.8,81.8,52.9,8.7,,,20.1,56.7,27.9,11.9,21.1,34.6,,30.8,70.2,20.6,41.0,15.0,40.3,3.4,17.1,OH,Fayette,28817,39047,Fayette County,Ohio,0.3913,0.5807,0.5943,0.2364,0.1454,28901.0,2025,2022,17.0,31.7,6.9,9.5,13.6,4.0,5.1,23.1,16.9,14.8,13.3,,9.1,9.6,36.6,2023,2,Moderate
39049,8.3,24.5,17.7,33.0,62.3,6.8,11.1,,5.6,79.7,85.6,58.9,6.2,,,14.0,65.6,25.6,11.8,18.3,31.8,,23.9,77.8,18.0,33.7,12.8,36.6,3.1,15.0,OH,Franklin,1326063,39049,Franklin County,Ohio,0.6497,0.5409,0.5297,0.776,0.6977,1318149.0,2025,2022,13.8,26.0,5.2,7.6,11.7,3.5,4.6,22.9,15.4,12.3,12.6,,8.5,9.5,38.4,2023,2,Moderate
39051,9.0,26.6,18.5,32.3,60.5,7.5,10.6,,5.7,76.7,84.0,60.9,6.7,,,15.4,59.6,25.9,10.7,17.2,32.6,,25.7,74.3,18.6,36.8,12.7,37.7,2.8,10.8,OH,Fulton,42007,39051,Fulton County,Ohio,0.0585,0.0675,0.4467,0.3563,0.0255,42602.0,2025,2022,14.6,27.6,6.0,7.5,11.2,3.1,4.1,21.7,12.8,9.8,11.2,,7.2,7.7,35.1,2023,0,Low
39053,9.8,29.3,17.5,35.9,61.1,7.6,11.6,,7.0,76.9,81.5,59.1,9.1,,,21.4,57.0,29.7,12.3,22.5,33.5,,33.4,71.1,21.3,36.7,15.9,39.2,3.5,22.1,OH,Gallia,28986,39053,Gallia County,Ohio,0.601,0.6535,0.3385,0.1753,0.8193,29276.0,2025,2022,17.4,33.7,6.9,9.9,14.5,4.2,5.4,23.3,17.5,15.9,13.8,,9.5,10.3,36.6,2023,2,Moderate
39055,6.9,23.8,20.0,30.3,59.3,7.7,10.5,,5.2,77.1,85.1,60.2,5.9,,,13.3,66.0,25.1,9.3,14.8,30.3,,21.2,79.2,17.2,32.7,11.4,35.5,2.5,11.4,OH,Geauga,95407,39055,Geauga County,Ohio,0.0961,0.1139,0.1129,0.1152,0.2918,95455.0,2025,2022,12.7,22.9,5.4,6.5,9.6,2.6,3.4,19.5,9.9,7.4,8.9,,5.9,6.1,33.7,2023,0,Low
39057,6.7,25.6,17.8,32.2,61.3,7.6,10.9,,5.3,78.0,85.8,62.9,5.8,,,12.9,66.4,24.9,9.8,15.1,32.4,,21.9,76.7,17.1,38.5,11.6,38.0,2.7,12.0,OH,Greene,169691,39057,Greene County,Ohio,0.1658,0.1715,0.0799,0.489,0.3471,167567.0,2025,2022,12.7,24.3,5.5,6.7,10.0,2.8,3.6,20.1,10.8,8.4,9.8,,6.5,7.0,33.7,2023,0,Low
39059,9.5,28.2,17.5,34.5,60.8,7.7,11.4,,6.9,76.7,81.8,59.0,8.7,,,19.4,55.5,28.7,11.9,21.8,33.3,,30.8,74.4,20.8,38.1,14.8,41.3,3.4,18.0,OH,Guernsey,38089,39059,Guernsey County,Ohio,0.5352,0.6844,0.538,0.1339,0.4636,38409.0,2025,2022,17.1,31.9,6.9,9.5,13.8,4.0,5.1,22.5,16.4,14.4,13.0,,8.9,9.5,37.5,2023,2,Moderate
39061,7.8,25.3,18.0,33.9,63.1,6.9,11.5,,5.7,78.7,85.4,60.7,6.4,,,14.3,59.6,25.9,11.9,17.8,30.7,,23.8,78.6,17.9,35.8,11.8,39.7,3.1,19.8,OH,Hamilton,827058,39061,Hamilton County,Ohio,0.5908,0.462,0.5243,0.7366,0.6713,827671.0,2025,2022,13.3,25.9,5.4,7.7,11.5,3.5,4.5,21.9,15.0,12.8,13.0,,8.3,9.7,33.8,2023,2,Moderate
39063,7.8,24.8,18.5,32.4,61.5,7.5,10.7,,5.6,77.3,84.4,57.6,6.5,,,15.0,64.1,26.0,10.7,17.1,31.3,,25.7,76.6,18.5,39.6,12.5,38.1,2.8,13.6,OH,Hancock,74704,39063,Hancock County,Ohio,0.1604,0.1177,0.2246,0.3563,0.349,75072.0,2025,2022,13.7,26.4,5.8,7.3,11.0,3.0,3.9,20.4,11.9,9.6,10.4,,7.0,7.4,35.0,2023,0,Low
39065,9.1,28.1,17.6,36.7,61.1,7.6,11.2,,6.7,76.8,82.1,55.8,8.5,,,19.3,51.9,27.5,11.9,20.7,32.4,,30.4,72.1,20.4,41.8,14.9,41.7,3.3,23.3,OH,Hardin,30368,39065,Hardin County,Ohio,0.5177,0.5533,0.1775,0.119,0.8575,30622.0,2025,2022,16.8,31.8,6.8,9.2,13.7,3.9,5.0,21.9,16.1,14.2,12.7,,8.8,9.6,36.2,2023,2,Moderate
39067,9.2,27.6,18.0,35.5,60.2,7.4,11.5,,6.5,75.8,81.9,57.3,8.3,,,19.5,58.0,28.7,11.8,20.6,33.2,,29.3,73.6,21.0,41.1,14.6,40.6,3.3,20.9,OH,Harrison,14159,39067,Harrison County,Ohio,0.5262,0.6182,0.4598,0.1037,0.5985,14528.0,2025,2022,16.7,31.1,6.6,9.2,13.5,3.8,4.9,22.6,15.6,13.7,12.6,,8.6,9.2,36.6,2023,2,Moderate
39069,8.9,24.9,19.1,32.6,59.5,7.5,10.8,,5.8,77.1,83.8,60.3,6.8,,,16.1,60.7,26.1,10.5,17.8,31.5,,26.4,77.8,18.8,38.5,13.2,39.5,2.9,16.4,OH,Henry,27520,39069,Henry County,Ohio,0.0977,0.1289,0.3093,0.342,0.0719,27601.0,2025,2022,14.8,27.8,6.0,7.7,11.5,3.2,4.2,21.8,13.1,10.3,11.4,,7.4,7.8,36.3,2023,2,Moderate
39071,9.4,28.2,17.9,34.7,60.6,7.6,11.5,,6.6,75.7,82.0,57.3,8.6,,,20.0,55.6,28.7,11.8,21.3,33.1,,30.9,75.0,20.8,41.1,15.0,42.8,3.4,18.3,OH,Highland,43614,39071,Highland County,Ohio,0.4763,0.5912,0.357,0.0675,0.5724,43285.0,2025,2022,17.1,31.9,6.7,9.4,13.7,3.9,5.0,22.1,16.1,14.1,12.9,,8.8,9.3,34.8,2023,2,Moderate
39073,9.3,29.3,17.7,36.0,61.4,7.8,11.5,,6.9,77.0,81.5,59.2,8.9,,,20.8,55.0,28.7,12.3,21.3,31.7,,31.4,70.6,21.2,35.8,15.2,44.7,3.4,18.8,OH,Hocking,27540,39073,Hocking County,Ohio,0.4976,0.545,0.812,0.0675,0.3528,28104.0,2025,2022,17.4,33.5,7.0,9.6,14.2,4.1,5.2,23.0,16.8,15.2,13.1,,9.0,9.9,36.1,2023,2,Moderate
39075,12.6,27.7,18.3,33.5,59.3,7.3,12.1,,7.0,74.1,79.3,53.0,9.9,,,22.3,52.4,29.8,11.7,24.7,32.0,,33.4,69.2,22.1,38.8,16.6,38.7,3.6,27.7,OH,Holmes,44386,39075,Holmes County,Ohio,0.3923,0.4887,0.1037,0.0022,0.7646,44273.0,2025,2022,19.7,35.4,7.1,10.8,15.2,4.4,5.6,25.2,19.0,15.8,14.1,,9.7,9.4,38.8,2023,2,Moderate
39077,9.5,27.3,18.2,32.9,60.4,7.4,11.1,,6.1,77.3,83.1,58.6,7.6,,,17.6,64.0,26.8,11.1,19.0,30.7,,28.9,73.5,19.3,34.9,13.9,39.3,3.1,16.9,OH,Huron,58199,39077,Huron County,Ohio,0.301,0.3118,0.6809,0.328,0.1744,58518.0,2025,2022,15.6,30.0,6.3,8.4,12.4,3.5,4.5,21.2,14.4,11.8,12.0,,7.9,8.4,35.1,2023,2,Moderate
39079,9.5,28.9,17.6,38.0,60.4,7.6,11.5,,6.8,76.6,81.6,57.5,9.0,,,20.3,57.1,29.9,12.4,22.8,35.3,,32.3,70.4,21.4,44.5,15.7,41.4,3.5,27.9,OH,Jackson,32606,39079,Jackson County,Ohio,0.5663,0.6713,0.525,0.0337,0.6443,32563.0,2025,2022,17.3,33.0,7.0,9.9,14.3,4.1,5.3,22.4,16.9,15.2,12.9,,9.1,9.6,38.2,2023,2,Moderate
39081,8.5,28.5,17.1,35.9,61.4,7.6,11.9,,6.5,77.3,83.3,59.5,8.2,,,18.6,61.1,29.4,12.0,20.5,31.6,,29.5,72.0,20.5,43.1,14.8,43.4,3.3,20.3,OH,Jefferson,64026,39081,Jefferson County,Ohio,0.433,0.3856,0.3853,0.3058,0.6141,65280.0,2025,2022,16.3,31.6,6.4,9.0,13.5,3.7,4.8,22.1,15.5,13.7,12.5,,8.6,9.4,37.5,2023,2,Moderate
39083,8.1,26.4,19.0,33.1,60.7,7.7,11.1,,5.9,75.7,83.6,58.6,7.2,,,16.4,61.8,26.8,10.5,17.4,32.0,,26.5,72.7,19.0,37.8,12.9,34.8,2.9,15.1,OH,Knox,63320,39083,Knox County,Ohio,0.2822,0.322,0.3576,0.1094,0.4111,62657.0,2025,2022,14.8,27.6,6.2,7.9,11.4,3.2,4.1,20.4,13.0,10.5,10.8,,7.3,7.8,34.6,2023,2,Moderate
39085,7.5,25.8,19.2,31.9,60.9,7.6,10.8,,5.4,78.4,85.3,60.4,6.1,,,14.8,65.4,25.9,10.2,16.4,29.8,,23.7,76.9,17.9,36.8,12.6,40.2,2.7,11.7,OH,Lake,231640,39085,Lake County,Ohio,0.1438,0.1432,0.335,0.4018,0.1483,232236.0,2025,2022,13.5,26.1,5.6,7.1,10.4,2.9,3.7,20.2,11.6,9.0,10.3,,6.7,7.2,32.8,2023,0,Low
39087,9.1,28.8,16.5,37.3,61.7,7.5,11.8,,6.7,77.7,82.4,54.8,8.8,,,19.8,54.1,28.8,12.2,22.1,33.4,,30.6,69.4,21.2,41.2,15.0,43.3,3.4,22.8,OH,Lawrence,56118,39087,Lawrence County,Ohio,0.3672,0.4623,0.6503,0.0932,0.2447,57994.0,2025,2022,17.4,34.8,6.9,9.5,14.2,4.0,5.1,22.6,16.9,15.1,13.3,,9.0,9.8,39.4,2023,2,Moderate
39089,7.5,26.0,16.8,31.6,59.7,7.6,10.9,,5.6,77.2,84.2,58.3,6.6,,,15.6,62.4,26.7,10.9,16.6,31.9,,23.2,76.0,18.1,37.3,12.5,38.4,2.8,15.9,OH,Licking,183201,39089,Licking County,Ohio,0.2256,0.1308,0.4906,0.3748,0.3443,178844.0,2025,2022,14.0,27.4,5.8,7.4,11.2,3.0,3.9,21.1,12.2,9.7,10.6,,7.0,7.5,35.4,2023,2,Moderate
39091,8.3,26.8,18.0,33.3,60.4,7.5,11.0,,6.1,76.8,83.2,59.6,7.5,,,17.7,58.9,26.7,11.1,18.8,31.4,,27.6,73.0,19.6,38.9,13.7,37.9,3.1,17.7,OH,Logan,46057,39091,Logan County,Ohio,0.1578,0.1254,0.2676,0.1861,0.3773,46098.0,2025,2022,15.3,28.8,6.2,8.2,12.3,3.4,4.4,21.5,13.8,11.4,11.5,,7.8,8.3,35.2,2023,2,Moderate
39093,9.1,26.5,17.8,33.4,61.5,7.3,11.0,,5.8,77.5,84.3,59.3,6.7,,,15.3,62.2,26.4,11.5,18.2,32.5,,27.5,73.5,18.9,36.7,13.3,40.2,3.0,8.9,OH,Lorain,317910,39093,Lorain County,Ohio,0.4499,0.3589,0.595,0.5819,0.4209,313101.0,2025,2022,14.4,28.4,5.9,7.8,12.0,3.4,4.4,21.6,14.6,11.6,12.4,,8.0,8.8,33.9,2023,2,Moderate
39095,9.3,27.0,16.6,33.8,62.9,6.9,11.3,,6.2,79.2,84.3,60.1,7.6,,,16.8,60.2,26.9,12.2,20.9,31.1,,28.9,73.8,19.3,36.2,13.8,41.9,3.4,17.2,OH,Lucas,425484,39095,Lucas County,Ohio,0.678,0.6545,0.6252,0.7019,0.5794,430014.0,2025,2022,15.3,30.0,5.9,8.8,13.4,4.0,5.1,23.2,17.7,15.4,14.9,,9.6,11.1,37.9,2023,3,High
39097,8.7,25.4,19.2,34.3,60.7,7.4,10.6,,5.9,77.2,83.6,59.7,6.9,,,16.3,59.2,25.2,10.8,17.8,31.7,,26.0,70.8,18.4,36.8,12.8,39.5,3.0,16.5,OH,Madison,44602,39097,Madison County,Ohio,0.195,0.1963,0.2988,0.377,0.2319,43961.0,2025,2022,14.6,27.3,6.0,7.6,11.5,3.2,4.1,22.2,13.3,10.4,11.3,,7.5,8.0,34.7,2023,2,Moderate
39099,9.6,27.8,17.0,34.1,62.5,7.2,11.1,,6.2,76.3,83.3,61.4,7.6,,,17.6,59.6,25.9,11.8,20.0,31.0,,26.5,76.7,19.4,38.9,14.0,42.7,3.3,20.1,OH,Mahoning,225596,39099,Mahoning County,Ohio,0.6179,0.559,0.7216,0.6128,0.5043,227979.0,2025,2022,15.7,29.5,6.1,9.0,13.0,3.9,5.2,22.6,17.2,14.9,14.1,,9.4,10.6,35.8,2023,2,Moderate
39101,9.8,28.3,18.1,37.0,61.3,7.4,11.0,,6.8,77.0,82.1,56.6,8.5,,,19.9,55.1,28.2,12.5,21.5,33.2,,32.5,73.0,19.9,44.1,15.0,44.3,3.5,20.0,OH,Marion,64851,39101,Marion County,Ohio,0.6443,0.6007,0.6242,0.3802,0.7222,65366.0,2025,2022,16.9,33.1,6.7,9.3,14.1,4.0,5.1,23.5,16.8,14.7,13.5,,9.2,10.0,36.9,2023,3,High
39103,6.7,24.7,19.9,31.3,59.7,7.8,10.6,,5.1,77.4,85.3,62.7,5.7,,,13.2,67.7,25.2,9.4,14.7,31.9,,22.6,76.4,17.4,35.9,11.5,35.6,2.5,10.1,OH,Medina,184042,39103,Medina County,Ohio,0.0111,0.0207,0.0888,0.1861,0.0388,182347.0,2025,2022,12.6,23.9,5.4,6.4,9.5,2.6,3.3,20.3,9.6,7.3,8.9,,5.9,6.2,34.5,2023,0,Low
39105,10.3,29.6,17.9,38.2,61.5,7.6,11.8,,7.7,76.5,80.6,53.6,10.4,,,22.8,53.3,29.4,13.5,25.1,33.2,,36.9,74.4,22.5,44.0,16.8,41.6,3.8,21.5,OH,Meigs,21767,39105,Meigs County,Ohio,0.5848,0.7795,0.7149,0.015,0.3831,22242.0,2025,2022,18.9,35.0,7.6,10.9,16.1,4.8,6.1,22.7,19.8,19.2,14.7,,10.5,11.5,36.4,2023,3,High
39107,7.6,24.5,20.8,32.4,59.3,7.5,10.6,,5.6,76.2,83.9,60.5,6.5,,,15.5,62.9,26.1,9.7,16.2,31.8,,26.0,77.3,18.6,36.4,12.4,38.8,2.7,20.6,OH,Mercer,42439,39107,Mercer County,Ohio,0.0223,0.0223,0.104,0.0627,0.1257,42321.0,2025,2022,14.2,26.6,5.8,7.2,10.5,2.9,3.7,21.4,11.5,8.7,10.0,,6.6,7.0,35.4,2023,0,Low
39109,7.5,25.6,19.1,32.0,60.3,7.6,10.9,,5.6,76.5,84.1,61.0,6.6,,,15.5,65.4,26.6,10.3,16.5,31.4,,24.6,71.0,18.4,33.3,12.7,37.5,2.8,17.2,OH,Miami,110876,39109,Miami County,Ohio,0.0643,0.1034,0.2752,0.2444,0.0579,108818.0,2025,2022,14.1,27.4,5.8,7.4,11.1,3.0,3.8,21.5,12.0,9.4,10.4,,6.9,7.3,35.0,2023,0,Low
39111,9.4,28.6,18.4,35.3,61.0,7.5,11.4,,6.9,76.5,81.5,53.1,9.0,,,20.7,55.4,28.7,12.0,21.3,32.3,,31.4,70.9,21.0,40.4,15.1,38.7,3.5,23.6,OH,Monroe,13153,39111,Monroe County,Ohio,0.4263,0.483,0.4429,0.0299,0.5437,13401.0,2025,2022,17.4,32.5,7.1,9.7,13.9,4.1,5.2,22.7,16.9,15.5,13.3,,9.2,10.0,36.5,2023,2,Moderate
39113,8.1,25.4,16.9,33.4,61.0,7.0,11.6,,5.9,79.1,84.5,58.7,7.1,,,15.7,59.2,26.7,12.5,20.1,29.0,,28.2,76.5,19.0,37.4,13.2,40.6,3.3,17.4,OH,Montgomery,533796,39113,Montgomery County,Ohio,0.6904,0.5803,0.6952,0.6752,0.686,536121.0,2025,2022,14.7,29.4,5.7,8.4,12.7,3.7,4.8,21.5,15.8,13.8,13.7,,9.0,10.2,37.2,2023,2,Moderate
39115,9.4,27.8,17.8,35.9,61.6,7.5,11.6,,6.8,77.4,82.0,56.2,8.8,,,20.0,59.3,28.3,12.3,21.4,33.0,,31.2,72.3,20.7,41.0,15.0,40.6,3.5,20.5,OH,Morgan,13646,39115,Morgan County,Ohio,0.5425,0.7101,0.483,0.2485,0.4372,13851.0,2025,2022,17.3,31.7,6.9,9.6,13.8,4.1,5.2,22.5,16.7,15.1,13.4,,9.2,10.0,36.1,2023,2,Moderate
39117,8.5,26.2,18.7,32.6,59.7,7.6,11.2,,6.1,77.2,83.0,56.9,7.5,,,17.8,56.8,26.7,11.0,18.9,31.7,,28.1,73.2,19.7,39.4,13.8,37.4,3.0,14.9,OH,Morrow,35595,39117,Morrow County,Ohio,0.1486,0.195,0.3366,0.0474,0.2011,35049.0,2025,2022,15.3,29.7,6.3,8.2,12.2,3.3,4.3,21.6,13.4,11.2,11.2,,7.6,8.0,34.8,2023,2,Moderate
39119,8.5,27.2,17.1,35.3,62.5,7.6,11.6,,6.4,79.4,82.8,59.4,8.2,,,18.5,60.3,29.0,12.0,20.1,34.4,,28.5,74.6,20.2,43.9,14.3,41.7,3.3,22.9,OH,Muskingum,86305,39119,Muskingum County,Ohio,0.511,0.4989,0.4795,0.2587,0.636,86393.0,2025,2022,16.2,29.6,6.4,8.9,12.8,3.7,4.8,21.3,15.0,13.8,12.3,,8.5,9.4,35.0,2023,2,Moderate
39121,9.8,26.4,19.3,35.3,60.4,7.4,10.9,,7.0,75.9,81.7,55.7,8.3,,,19.7,54.9,27.3,11.8,21.1,32.2,,30.0,72.9,20.3,41.6,14.7,40.8,3.4,25.0,OH,Noble,14311,39121,Noble County,Ohio,0.5902,0.5282,0.5307,0.119,0.8508,14216.0,2025,2022,16.6,30.9,7.0,8.9,13.1,3.8,4.9,22.9,15.6,13.0,12.5,,8.5,8.9,36.3,2023,2,Moderate
39123,7.8,25.3,19.6,32.2,59.4,7.6,10.7,,5.4,76.2,84.8,60.5,6.2,,,14.6,64.9,25.9,9.6,16.0,32.9,,25.6,75.7,18.2,37.9,12.4,37.3,2.7,12.4,OH,Ottawa,39803,39123,Ottawa County,Ohio,0.105,0.0659,0.3306,0.2485,0.2027,40367.0,2025,2022,13.7,25.7,5.7,6.9,10.3,2.8,3.6,20.7,11.0,8.4,9.9,,6.5,6.8,35.4,2023,0,Low
39125,9.3,27.0,18.7,34.0,59.6,7.5,11.0,,6.1,76.8,83.1,57.1,7.5,,,17.5,58.7,27.1,11.2,18.9,32.6,,29.1,74.9,19.5,41.1,13.7,39.7,3.1,17.6,OH,Paulding,18706,39125,Paulding County,Ohio,0.1387,0.1658,0.7187,0.2399,0.0356,18827.0,2025,2022,15.5,29.8,6.4,8.2,12.3,3.4,4.5,21.9,14.3,11.5,11.7,,7.8,8.2,36.4,2023,2,Moderate
39127,9.2,26.7,17.9,35.2,60.9,7.6,11.2,,6.6,76.6,82.0,58.4,8.5,,,19.4,57.0,28.2,11.6,20.4,32.7,,30.5,72.5,20.3,38.1,14.7,42.1,3.3,17.0,OH,Perry,35551,39127,Perry County,Ohio,0.3688,0.441,0.2803,0.0229,0.5889,35451.0,2025,2022,16.8,30.5,6.7,9.2,13.4,3.8,4.9,21.6,15.5,13.8,12.2,,8.5,9.0,34.9,2023,2,Moderate
39129,8.8,26.0,18.2,35.8,60.3,7.5,11.0,,6.2,77.1,82.9,58.8,7.6,,,18.0,61.9,27.4,11.1,19.2,32.1,,28.5,70.0,19.2,39.6,13.7,41.8,3.1,16.5,OH,Pickaway,61086,39129,Pickaway County,Ohio,0.3592,0.3681,0.2488,0.2164,0.5867,58809.0,2025,2022,15.4,28.8,6.3,8.1,12.2,3.4,4.4,22.3,14.1,11.6,11.7,,7.8,8.4,35.9,2023,2,Moderate
39131,10.7,29.1,17.4,38.4,61.7,7.5,11.9,,7.6,77.2,80.6,53.7,10.5,,,23.3,55.1,30.5,13.2,24.2,32.7,,34.9,69.2,22.6,43.0,16.7,38.6,3.9,24.0,OH,Pike,27001,39131,Pike County,Ohio,0.6701,0.7617,0.7229,0.0735,0.629,27151.0,2025,2022,19.1,36.2,7.7,11.3,16.2,4.9,6.3,23.1,20.3,19.8,15.0,,10.8,11.7,37.1,2023,3,High
39133,7.5,26.0,17.7,32.3,61.1,7.5,10.9,,5.9,77.6,84.3,57.4,6.8,,,15.7,63.7,25.1,10.5,17.5,31.6,,24.7,72.9,18.5,34.0,12.7,39.7,2.9,21.4,OH,Portage,162665,39133,Portage County,Ohio,0.3293,0.4006,0.029,0.3649,0.7337,161217.0,2025,2022,14.5,27.4,6.0,7.7,11.4,3.2,4.1,20.9,12.6,10.5,10.8,,7.4,7.9,35.5,2023,2,Moderate
39135,8.0,26.7,19.1,32.9,60.1,7.6,11.1,,6.0,76.4,83.4,61.3,7.3,,,17.3,60.2,27.5,10.5,18.2,31.1,,28.4,73.7,19.6,39.4,13.5,37.9,3.0,16.2,OH,Preble,40556,39135,Preble County,Ohio,0.0328,0.1079,0.2313,0.0337,0.0153,40929.0,2025,2022,15.3,28.9,6.2,8.0,11.8,3.2,4.1,21.5,12.9,10.7,10.8,,7.3,7.7,35.5,2023,2,Moderate
39137,7.7,25.1,21.4,31.1,59.6,7.7,10.6,,5.4,77.6,84.9,61.2,6.1,,,14.2,67.4,25.5,9.8,15.6,30.6,,23.2,81.5,17.9,43.5,12.3,34.0,2.6,10.7,OH,Putnam,34199,39137,Putnam County,Ohio,0.0102,0.0025,0.1422,0.2364,0.0407,34400.0,2025,2022,13.5,25.9,5.7,6.8,10.5,2.8,3.6,20.5,10.7,8.0,9.7,,6.3,6.6,34.9,2023,0,Low
39139,9.5,26.2,16.7,34.3,61.2,7.3,11.1,,6.5,76.2,82.5,55.6,8.1,,,18.6,60.9,27.3,12.1,20.5,32.0,,28.8,69.3,20.2,39.2,14.6,41.4,3.4,14.0,OH,Richland,125064,39139,Richland County,Ohio,0.5329,0.5208,0.3455,0.4407,0.679,125008.0,2025,2022,16.0,29.6,6.4,9.0,13.3,3.9,5.0,23.2,16.4,14.8,13.6,,9.1,10.3,34.1,2023,2,Moderate
39141,9.7,27.6,16.6,36.3,61.0,7.4,11.6,,6.7,75.8,81.8,58.5,8.5,,,19.9,55.0,28.8,12.6,21.1,32.3,,29.4,70.5,20.5,43.9,14.6,40.2,3.4,20.8,OH,Ross,76501,39141,Ross County,Ohio,0.5931,0.6408,0.363,0.3322,0.7257,76957.0,2025,2022,16.7,29.9,6.7,9.1,12.9,4.0,5.2,23.3,16.9,15.0,13.4,,9.1,9.8,37.9,2023,2,Moderate
39143,9.7,27.7,17.6,34.1,61.0,7.3,10.8,,6.2,77.4,83.4,56.4,7.2,,,16.9,59.1,26.2,11.6,19.6,31.9,,27.7,74.7,19.2,40.6,13.8,41.3,3.1,18.6,OH,Sandusky,58709,39143,Sandusky County,Ohio,0.2622,0.2466,0.4537,0.4779,0.2208,58885.0,2025,2022,15.3,28.6,6.3,8.2,12.3,3.5,4.6,22.3,14.8,12.2,12.5,,8.3,8.9,35.9,2023,2,Moderate
39145,9.8,29.0,15.5,39.3,62.5,7.6,11.6,,7.3,78.9,81.7,54.4,9.8,,,21.4,54.0,30.4,12.9,23.7,33.0,,34.5,69.0,22.4,44.7,16.5,44.4,3.7,22.0,OH,Scioto,71969,39145,Scioto County,Ohio,0.7474,0.8008,0.4575,0.1861,0.9049,73716.0,2025,2022,18.3,36.0,7.3,10.4,15.6,4.5,5.7,22.6,19.2,18.0,14.2,,10.2,11.0,37.6,2023,3,High
39147,8.6,27.2,19.7,32.0,60.6,7.5,10.9,,5.9,76.3,83.7,58.1,7.3,,,17.2,57.2,26.4,11.1,18.7,31.4,,28.3,71.7,19.2,36.3,13.7,38.1,3.0,16.2,OH,Seneca,54527,39147,Seneca County,Ohio,0.2265,0.1607,0.2975,0.3322,0.4416,55062.0,2025,2022,14.9,28.1,6.2,8.1,12.1,3.3,4.4,22.0,13.6,11.2,11.5,,7.7,8.2,35.6,2023,2,Moderate
39149,8.4,26.6,18.2,33.5,60.2,7.5,11.0,,6.2,76.3,83.1,57.9,7.5,,,17.4,60.6,26.7,10.9,18.6,31.4,,28.0,73.9,19.5,39.5,13.7,39.6,3.1,15.8,OH,Shelby,47765,39149,Shelby County,Ohio,0.1467,0.1874,0.2778,0.2164,0.1855,48145.0,2025,2022,15.3,29.4,6.3,8.2,12.2,3.4,4.4,21.7,13.8,11.5,11.4,,7.8,8.3,36.2,2023,2,Moderate
39151,8.1,26.7,18.1,33.2,60.8,7.3,11.3,,6.0,76.4,83.7,59.0,7.3,,,17.6,64.6,26.4,11.1,19.2,32.4,,27.5,71.4,19.3,40.5,13.5,35.8,3.1,19.0,OH,Stark,372716,39151,Stark County,Ohio,0.3147,0.2835,0.4088,0.4248,0.3742,374199.0,2025,2022,15.1,29.1,6.1,8.2,12.2,3.4,4.5,21.6,14.0,12.3,12.0,,8.0,8.8,36.2,2023,2,Moderate
39153,7.6,26.4,16.8,32.9,61.7,7.3,11.3,,5.5,79.1,84.6,62.6,6.6,,,14.9,63.6,26.8,11.4,18.2,31.7,,24.9,71.6,18.5,37.5,12.9,39.2,3.0,10.1,OH,Summit,535733,39153,Summit County,Ohio,0.4407,0.3815,0.5237,0.6096,0.3843,539361.0,2025,2022,13.9,28.8,5.7,7.6,11.9,3.3,4.3,21.7,14.4,11.7,12.3,,8.0,8.9,35.0,2023,2,Moderate
39155,9.1,28.5,17.5,33.8,61.7,7.3,11.4,,6.5,77.4,82.6,54.1,8.2,,,19.1,55.7,27.2,12.1,20.3,32.1,,29.3,76.7,20.4,39.8,14.3,41.7,3.4,15.8,OH,Trumbull,200373,39155,Trumbull County,Ohio,0.5533,0.56,0.6023,0.413,0.5183,201749.0,2025,2022,16.2,30.0,6.5,9.2,13.3,4.0,5.2,22.9,17.3,15.5,13.7,,9.2,10.1,34.8,2023,2,Moderate
39157,9.5,25.3,18.7,34.3,60.3,7.5,11.3,,6.2,76.9,82.4,57.7,8.0,,,18.0,57.2,26.2,11.0,19.0,30.1,,28.3,73.5,20.0,43.4,13.9,41.6,3.2,17.6,OH,Tuscarawas,91874,39157,Tuscarawas County,Ohio,0.4216,0.5822,0.3723,0.1225,0.3898,92840.0,2025,2022,15.7,28.4,6.5,8.7,12.4,3.6,4.7,22.5,15.2,12.8,12.3,,8.2,8.7,36.4,2023,2,Moderate
39159,6.5,24.3,18.6,30.2,59.9,7.5,10.3,,4.9,78.5,86.3,59.5,5.3,,,12.2,69.7,24.4,9.3,13.7,31.5,,22.8,78.9,16.6,39.0,11.0,35.1,2.4,7.2,OH,Union,69637,39159,Union County,Ohio,0.0172,0.0089,0.0455,0.3723,0.1066,63411.0,2025,2022,12.0,22.9,5.2,6.1,9.1,2.4,3.2,20.1,9.5,6.9,8.7,,5.7,5.9,32.9,2023,0,Low
39161,8.5,25.7,18.9,33.3,59.8,7.5,10.9,,5.9,76.6,83.3,55.9,7.2,,,17.0,62.3,27.1,10.6,18.4,30.5,,27.6,75.2,19.4,37.4,13.3,37.0,2.9,11.7,OH,Van Wert,28704,39161,Van Wert County,Ohio,0.0449,0.0608,0.4015,0.1753,0.0299,28833.0,2025,2022,15.0,28.5,6.2,8.0,11.8,3.2,4.2,21.7,13.0,10.6,11.1,,7.4,7.9,35.7,2023,2,Moderate
39163,10.1,28.0,18.3,35.4,61.4,7.5,11.8,,7.0,76.3,81.0,55.2,9.4,,,21.3,50.9,29.4,12.3,22.2,33.0,,31.3,66.9,21.3,39.7,15.6,39.7,3.5,23.7,OH,Vinton,12474,39163,Vinton County,Ohio,0.3595,0.4979,0.5291,0.0169,0.2765,12790.0,2025,2022,17.9,32.2,7.0,10.1,14.3,4.3,5.5,22.7,17.9,16.4,13.6,,9.5,10.1,36.7,2023,2,Moderate
39165,6.3,23.2,19.0,28.8,60.8,7.5,9.9,,4.9,77.9,86.1,63.6,5.1,,,12.1,69.0,23.3,9.4,13.8,30.7,,19.6,79.1,16.1,32.1,10.6,35.2,2.4,10.8,OH,Warren,252148,39165,Warren County,Ohio,0.0461,0.0102,0.1339,0.4569,0.1689,243189.0,2025,2022,11.6,22.4,5.2,5.8,8.8,2.3,3.1,19.6,9.3,6.6,8.4,,5.5,5.8,30.8,2023,0,Low
39167,8.2,27.8,19.4,34.8,59.9,7.7,11.0,,6.3,77.9,83.3,56.8,7.8,,,17.8,60.2,27.5,10.8,18.4,30.9,,27.9,73.3,19.5,43.9,13.7,38.8,3.1,18.6,OH,Washington,58577,39167,Washington County,Ohio,0.3274,0.454,0.2628,0.0881,0.4388,59639.0,2025,2022,15.5,29.3,6.3,8.4,12.5,3.5,4.4,19.9,13.6,11.8,11.6,,8.0,8.5,33.2,2023,2,Moderate
39169,8.8,26.1,20.0,32.8,59.3,7.6,11.1,,6.0,76.3,82.8,60.2,7.4,,,17.1,61.5,26.5,10.8,18.7,31.6,,26.1,72.4,19.1,38.0,13.6,34.2,3.0,12.9,OH,Wayne,116510,39169,Wayne County,Ohio,0.4123,0.392,0.244,0.1457,0.7413,116680.0,2025,2022,15.4,28.6,6.2,8.2,12.0,3.3,4.3,21.7,13.8,11.1,11.1,,7.6,7.9,35.9,2023,2,Moderate
39171,9.5,26.7,18.6,34.4,60.2,7.5,11.2,,6.3,76.2,82.7,58.4,7.8,,,18.3,61.1,27.1,11.6,19.4,32.1,,29.9,75.6,19.8,40.7,14.1,38.4,3.2,15.8,OH,Williams,36591,39171,Williams County,Ohio,0.1785,0.1903,0.4585,0.2323,0.1635,36973.0,2025,2022,15.8,29.7,6.5,8.6,12.7,3.6,4.7,22.2,14.8,12.3,12.2,,8.2,8.8,35.8,2023,2,Moderate
39173,7.4,25.6,19.0,32.3,60.8,7.6,10.6,,5.6,78.6,85.0,59.7,6.2,,,13.9,66.4,27.8,10.2,16.5,31.1,,23.0,76.2,17.5,38.9,12.2,37.1,2.8,10.1,OH,Wood,132650,39173,Wood County,Ohio,0.1562,0.2164,0.022,0.3818,0.4741,131564.0,2025,2022,13.6,27.4,5.7,7.1,10.9,2.9,3.8,19.7,11.7,9.2,10.0,,6.7,7.2,34.3,2023,0,Low
39175,7.8,25.8,19.2,32.9,58.8,7.6,10.8,,5.6,76.7,83.7,57.5,6.8,,,15.9,63.2,26.1,10.2,16.7,30.5,,25.3,76.3,18.7,35.5,12.7,38.4,2.8,16.9,OH,Wyandot,21457,39175,Wyandot County,Ohio,0.0487,0.021,0.4263,0.0821,0.1177,21818.0,2025,2022,14.3,27.0,5.9,7.4,11.1,3.0,3.9,21.9,11.9,9.3,10.2,,6.8,7.2,35.3,2023,0,Low
40001,14.1,28.6,13.7,40.5,59.8,6.6,13.6,,8.2,76.1,79.8,49.3,10.3,,,26.2,45.4,27.0,15.2,29.6,34.5,,39.7,60.6,22.3,46.1,18.2,41.5,4.6,28.5,OK,Adair,19627,40001,Adair County,Oklahoma,0.9472,0.9348,0.9039,0.9284,0.7967,19726.0,2025,2022,23.0,46.3,11.1,13.7,21.3,5.9,9.2,30.1,31.4,27.4,22.1,,16.4,17.3,37.2,2023,1,Critical
40003,11.6,24.5,16.5,37.0,58.7,7.1,10.6,,6.6,75.1,82.3,54.7,7.1,,,17.4,59.0,23.9,11.1,19.9,33.8,,29.9,69.2,17.7,39.6,13.3,35.0,3.2,17.1,OK,Alfalfa,5673,40003,Alfalfa County,Oklahoma,0.3048,0.2953,0.377,0.5119,0.3051,5683.0,2025,2022,17.1,36.4,8.6,8.6,14.4,3.8,5.2,25.9,16.4,13.0,13.0,,8.7,9.5,32.7,2023,2,Moderate
40005,12.9,27.4,15.2,38.9,59.8,6.9,11.8,,7.3,74.6,80.6,53.4,9.0,,,21.8,48.1,25.6,12.7,24.2,33.9,,33.3,64.9,19.9,40.4,15.6,39.2,3.9,20.6,OK,Atoka,14525,40005,Atoka County,Oklahoma,0.8556,0.8199,0.7076,0.6949,0.8718,14117.0,2025,2022,20.2,41.3,9.5,11.2,17.8,4.9,7.0,27.3,23.0,20.1,16.8,,12.0,12.9,34.1,2023,3,High
40007,16.1,24.3,15.0,35.6,58.0,6.8,10.6,,6.3,76.1,82.9,53.5,6.9,,,15.8,57.5,24.0,11.3,21.4,34.3,,32.4,70.2,17.5,39.0,13.9,36.5,3.2,13.3,OK,Beaver,5018,40007,Beaver County,Oklahoma,0.4034,0.3309,0.9332,0.6936,0.0595,5071.0,2025,2022,17.5,36.9,8.3,9.0,15.2,4.0,5.9,25.2,19.3,14.5,15.4,,9.5,10.2,33.1,2023,3,High
40009,14.9,26.3,15.1,39.1,60.4,6.9,11.2,,7.2,75.3,80.5,51.5,8.8,,,20.2,53.1,24.5,12.4,24.0,34.1,,34.6,65.0,19.2,40.1,15.2,39.1,3.8,19.2,OK,Beckham,22042,40009,Beckham County,Oklahoma,0.8403,0.8473,0.3045,0.6287,0.9698,22295.0,2025,2022,19.6,40.9,9.3,10.8,17.7,4.8,6.8,27.4,22.7,19.8,16.8,,11.2,12.4,34.5,2023,3,High
40011,12.8,25.6,14.9,37.0,59.1,7.0,11.4,,6.4,76.6,82.5,54.3,7.6,,,18.1,51.9,25.9,11.4,21.2,34.3,,31.5,68.2,19.1,38.4,14.3,38.3,3.4,22.5,OK,Blaine,8539,40011,Blaine County,Oklahoma,0.7553,0.7009,0.9621,0.6701,0.3656,8661.0,2025,2022,18.5,38.7,8.5,9.8,15.7,4.1,5.9,26.1,19.3,15.7,14.9,,9.9,10.6,33.5,2023,3,High
40013,11.7,26.5,14.5,37.6,59.7,7.0,12.3,,6.9,77.2,82.0,55.1,8.5,,,19.6,54.5,27.6,12.0,23.0,35.4,,33.3,64.8,19.7,40.4,15.4,40.1,3.7,15.5,OK,Bryan,48967,40013,Bryan County,Oklahoma,0.8416,0.8209,0.7506,0.6764,0.7747,46528.0,2025,2022,19.4,39.0,9.0,10.6,17.0,4.5,6.5,25.6,21.1,18.3,15.7,,11.1,12.0,32.7,2023,3,High
40015,15.8,26.7,15.1,39.9,59.8,6.6,11.5,,7.4,75.8,80.4,49.6,8.8,,,21.8,47.2,24.4,13.9,25.5,33.1,,36.9,64.2,19.5,40.3,16.1,41.5,4.0,26.1,OK,Caddo,26214,40015,Caddo County,Oklahoma,0.8705,0.7601,0.8801,0.8304,0.8171,26910.0,2025,2022,20.1,43.3,9.8,11.2,18.9,5.0,7.6,28.1,25.2,21.0,18.6,,12.8,13.8,34.5,2023,3,High
40017,9.5,24.7,16.9,34.6,58.1,7.1,10.7,,5.3,77.8,84.9,59.1,5.7,,,13.2,65.3,24.9,9.9,16.5,33.8,,26.6,69.5,17.5,38.6,12.0,35.7,2.7,11.7,OK,Canadian,175829,40017,Canadian County,Oklahoma,0.3433,0.245,0.5253,0.6316,0.3248,156681.0,2025,2022,14.9,32.4,7.3,7.4,12.7,3.0,4.3,22.8,13.7,10.0,11.3,,7.3,7.9,32.4,2023,2,Moderate
40019,11.4,27.1,14.4,37.8,59.2,6.9,11.7,,6.5,77.0,82.8,53.9,7.7,,,18.2,54.4,26.2,11.9,21.2,34.1,,33.6,66.9,19.4,39.7,14.3,39.5,3.5,21.7,OK,Carter,48596,40019,Carter County,Oklahoma,0.7751,0.6532,0.9707,0.6971,0.4652,48202.0,2025,2022,18.8,38.6,8.4,10.1,15.9,4.2,6.0,26.1,20.2,17.0,15.4,,10.4,11.5,34.4,2023,3,High
40021,11.2,26.8,14.7,38.8,60.9,6.9,12.8,,7.0,77.6,82.5,49.6,8.1,,,20.4,51.5,25.9,13.1,23.8,33.1,,31.3,62.9,20.2,44.4,15.8,42.3,3.8,20.8,OK,Cherokee,48185,40021,Cherokee County,Oklahoma,0.9236,0.847,0.7241,0.8899,0.9669,47412.0,2025,2022,19.6,40.9,9.5,10.9,17.4,4.6,7.1,26.5,23.2,19.6,17.6,,12.7,13.6,34.1,2023,3,High
40023,12.6,27.8,14.0,39.8,61.1,6.7,12.8,,7.4,76.7,81.2,51.5,9.3,,,22.3,49.0,26.8,13.8,26.1,33.7,,36.6,64.3,21.2,45.5,16.5,38.4,4.1,24.8,OK,Choctaw,14276,40023,Choctaw County,Oklahoma,0.9485,0.9367,0.9567,0.797,0.7588,14285.0,2025,2022,21.1,42.6,9.5,12.2,19.1,5.3,7.6,28.4,26.2,23.8,19.4,,13.5,14.9,35.9,2023,1,Critical
40025,13.7,23.1,15.7,33.0,57.7,6.9,10.4,,5.6,76.0,84.2,57.1,5.9,,,13.9,59.4,23.6,10.1,18.6,33.4,,29.1,73.9,16.7,38.4,12.5,35.6,2.8,12.0,OK,Cimarron,2191,40025,Cimarron County,Oklahoma,0.3134,0.2587,0.9647,0.6656,0.015,2272.0,2025,2022,15.9,34.0,7.5,7.9,13.3,3.3,5.0,24.2,16.0,11.5,13.0,,8.0,8.4,32.5,2023,2,Moderate
40027,9.6,24.2,13.8,34.3,59.4,7.2,11.0,,5.7,77.2,84.7,56.2,6.2,,,14.1,60.6,25.5,10.7,18.0,34.9,,26.9,69.1,17.5,37.6,12.4,35.9,2.9,10.1,OK,Cleveland,301193,40027,Cleveland County,Oklahoma,0.5527,0.4954,0.3404,0.6752,0.6694,295060.0,2025,2022,15.7,34.7,7.9,8.1,13.4,3.4,4.8,23.7,15.6,11.7,12.4,,8.1,9.2,32.6,2023,2,Moderate
40029,13.2,29.0,14.5,39.5,60.0,7.0,13.1,,7.9,76.0,80.0,49.3,10.2,,,24.1,47.1,29.0,13.9,26.9,34.9,,37.4,65.1,22.0,42.9,17.4,41.8,4.3,25.6,OK,Coal,5266,40029,Coal County,Oklahoma,0.8358,0.8314,0.9373,0.7226,0.4753,5287.0,2025,2022,22.2,44.9,10.3,12.9,19.9,5.6,8.1,27.6,27.0,24.8,19.0,,14.0,15.1,35.7,2023,1,Critical
40031,12.1,26.8,14.3,37.7,60.3,6.6,11.3,,6.4,78.0,83.4,55.0,7.4,,,18.3,54.4,25.0,12.7,22.1,33.5,,33.4,72.1,18.8,43.7,14.4,44.0,3.5,21.6,OK,Comanche,121574,40031,Comanche County,Oklahoma,0.9211,0.8129,0.8899,0.8346,0.9345,121777.0,2025,2022,18.2,39.1,8.2,9.7,16.8,4.4,6.3,26.3,21.4,17.8,16.6,,10.7,12.3,32.8,2023,3,High
40033,12.0,26.6,15.4,37.7,59.6,7.1,11.9,,6.9,76.0,81.6,52.7,8.5,,,19.6,51.5,27.1,12.1,22.6,34.4,,33.0,67.5,19.8,42.9,15.2,39.6,3.6,24.2,OK,Cotton,5427,40033,Cotton County,Oklahoma,0.3859,0.4976,0.3274,0.6233,0.21,5537.0,2025,2022,19.5,40.0,9.0,10.7,17.0,4.6,6.4,25.3,20.8,18.2,15.4,,10.7,11.6,34.3,2023,3,High
40035,12.6,27.6,14.9,39.6,59.6,6.9,12.5,,7.5,76.2,80.7,51.5,9.4,,,22.8,48.2,27.1,13.2,25.2,34.8,,34.4,65.5,21.2,41.9,16.4,39.9,4.1,28.7,OK,Craig,14494,40035,Craig County,Oklahoma,0.9316,0.8333,0.936,0.7798,0.91,14144.0,2025,2022,21.2,42.7,9.8,12.0,18.8,5.2,7.6,27.5,25.0,22.3,18.2,,13.1,14.1,35.6,2023,3,High
40037,10.6,26.4,15.3,34.8,58.2,7.2,11.8,,6.4,76.9,82.7,52.0,7.6,,,18.7,56.7,26.0,11.2,20.3,34.7,,29.9,70.7,19.3,39.7,14.1,40.3,3.3,22.4,OK,Creek,73332,40037,Creek County,Oklahoma,0.5205,0.4076,0.5358,0.6185,0.5714,72076.0,2025,2022,18.3,38.8,8.7,9.6,15.1,3.9,5.6,24.9,18.1,15.0,14.1,,9.6,10.5,32.6,2023,2,Moderate
40039,12.3,25.7,15.4,35.6,59.4,7.0,11.1,,6.6,75.8,82.6,53.1,7.4,,,17.0,57.1,26.0,11.8,21.4,32.2,,32.1,67.7,18.4,43.1,14.0,39.1,3.4,17.1,OK,Custer,28266,40039,Custer County,Oklahoma,0.7607,0.6332,0.756,0.7089,0.7528,28391.0,2025,2022,17.7,38.9,8.6,9.6,15.8,4.2,6.1,24.1,19.4,16.4,15.1,,10.0,11.1,32.9,2023,3,High
40041,11.6,28.1,14.7,38.6,59.9,6.9,12.5,,7.1,76.1,81.5,50.4,8.8,,,21.6,50.3,27.5,12.5,24.1,35.9,,33.4,64.1,21.2,38.0,16.0,38.2,3.8,15.8,OK,Delaware,41703,40041,Delaware County,Oklahoma,0.7878,0.8326,0.7222,0.7474,0.5326,40791.0,2025,2022,20.3,41.9,9.6,11.3,17.9,4.7,7.0,26.8,23.5,20.4,17.4,,12.6,13.3,35.2,2023,3,High
40043,10.7,25.3,15.9,36.3,58.8,7.1,11.4,,6.4,76.0,82.5,53.2,7.6,,,18.1,54.4,26.1,11.0,20.1,33.9,,30.8,68.9,19.1,38.4,14.0,36.5,3.3,15.0,OK,Dewey,4286,40043,Dewey County,Oklahoma,0.3347,0.4318,0.3649,0.5326,0.1982,4504.0,2025,2022,18.0,37.0,8.5,9.5,15.2,3.9,5.5,25.0,17.7,14.9,13.5,,9.3,10.0,33.2,2023,2,Moderate
40045,11.3,25.3,15.8,35.8,58.3,7.2,11.2,,6.2,75.7,82.8,52.9,7.3,,,17.3,56.9,26.2,10.6,19.7,34.3,,30.7,67.2,18.8,40.1,13.7,36.4,3.2,24.0,OK,Ellis,3648,40045,Ellis County,Oklahoma,0.5323,0.671,0.8218,0.4273,0.1413,3755.0,2025,2022,17.7,36.9,8.3,9.1,14.7,3.7,5.3,24.7,16.7,13.7,13.1,,8.7,9.5,33.4,2023,2,Moderate
40047,12.5,23.8,15.0,36.1,58.4,6.9,11.1,,6.2,76.7,82.4,53.6,7.3,,,17.3,55.0,23.5,11.3,20.5,35.6,,31.3,67.6,17.6,42.1,13.3,37.1,3.2,23.9,OK,Garfield,62023,40047,Garfield County,Oklahoma,0.7706,0.6783,0.9303,0.6402,0.5517,62456.0,2025,2022,17.3,35.3,8.4,9.2,14.7,3.9,5.6,25.8,18.5,14.9,14.5,,9.4,10.3,32.6,2023,3,High
40049,12.5,26.3,15.1,37.4,59.1,7.0,11.8,,6.7,76.2,81.9,54.0,8.3,,,19.5,52.4,26.9,11.9,22.2,33.5,,33.1,69.1,20.0,38.5,14.7,39.5,3.5,16.6,OK,Garvin,25865,40049,Garvin County,Oklahoma,0.546,0.5336,0.8689,0.6328,0.1931,25806.0,2025,2022,19.2,39.4,9.0,10.6,16.5,4.4,6.2,26.1,20.7,17.5,15.4,,10.5,11.5,33.6,2023,3,High
40051,10.5,24.8,16.1,35.6,59.3,7.1,11.2,,6.0,76.1,83.4,55.7,6.9,,,16.4,58.8,24.7,10.3,18.6,33.5,,28.4,67.8,18.7,38.3,13.1,36.1,3.1,15.3,OK,Grady,57375,40051,Grady County,Oklahoma,0.434,0.3637,0.4368,0.5326,0.4983,55314.0,2025,2022,17.2,35.5,8.0,8.7,13.8,3.5,4.9,24.3,15.9,12.7,12.5,,8.4,9.0,31.9,2023,2,Moderate
40053,10.2,25.7,15.7,35.3,58.6,7.2,11.3,,6.2,76.3,82.8,50.3,7.3,,,17.6,51.4,26.1,10.4,19.4,33.5,,30.2,68.2,18.9,36.5,13.6,38.0,3.2,16.0,OK,Grant,4083,40053,Grant County,Oklahoma,0.2208,0.2714,0.4413,0.4273,0.1225,4152.0,2025,2022,17.7,36.1,8.2,9.2,14.6,3.7,5.1,24.5,16.3,13.8,12.8,,8.7,9.4,33.0,2023,2,Moderate
40055,13.3,25.4,16.1,37.8,59.2,6.9,10.8,,6.5,75.3,81.9,53.2,7.5,,,18.2,50.5,24.4,11.6,21.5,33.8,,32.1,65.9,18.3,42.2,14.1,39.4,3.4,21.1,OK,Greer,5466,40055,Greer County,Oklahoma,0.727,0.7353,0.5177,0.6287,0.7162,5531.0,2025,2022,18.0,39.0,8.4,9.4,15.9,4.1,5.7,27.0,18.9,15.1,14.9,,9.7,10.5,34.4,2023,3,High
40057,17.7,26.0,13.8,38.5,60.3,6.3,11.2,,7.0,76.6,81.9,48.5,8.1,,,18.3,53.3,24.4,13.8,25.8,34.7,,37.7,66.6,18.8,42.7,15.7,38.5,3.7,22.9,OK,Harmon,2392,40057,Harmon County,Oklahoma,0.7572,0.8807,0.7779,0.8508,0.2428,2499.0,2025,2022,19.6,41.4,8.9,10.9,18.4,5.2,7.8,26.7,25.9,21.9,19.6,,12.5,14.0,34.0,2023,3,High
40059,14.8,25.4,15.6,35.6,58.6,7.0,10.7,,6.4,75.8,82.8,53.1,7.1,,,16.1,56.9,24.5,11.2,20.9,34.1,,31.6,65.3,17.8,39.3,13.9,37.9,3.2,16.6,OK,Harper,3190,40059,Harper County,Oklahoma,0.4028,0.3089,0.8489,0.6487,0.146,3272.0,2025,2022,17.6,37.2,8.4,9.1,15.3,4.0,5.8,24.3,18.8,14.6,14.7,,9.4,10.1,33.0,2023,3,High
40061,12.1,26.9,14.7,38.2,59.4,7.0,12.4,,7.2,76.3,81.2,52.0,8.9,,,21.3,47.1,26.8,12.4,24.1,34.3,,34.4,63.4,20.6,42.3,15.9,42.2,3.8,26.7,OK,Haskell,11832,40061,Haskell County,Oklahoma,0.8387,0.916,0.9166,0.686,0.3866,11651.0,2025,2022,20.4,41.5,9.6,11.3,17.9,4.8,6.9,27.0,22.7,20.0,16.7,,11.9,12.8,33.9,2023,3,High
40063,13.5,27.2,14.9,39.9,60.2,6.8,12.0,,7.5,75.8,80.5,50.2,9.2,,,22.5,48.6,25.8,13.4,25.2,34.4,,35.4,58.8,20.2,42.2,16.1,39.2,4.0,22.3,OK,Hughes,13436,40063,Hughes County,Oklahoma,0.7945,0.7999,0.727,0.776,0.6096,13409.0,2025,2022,20.5,42.9,9.8,11.5,18.7,5.1,7.4,28.2,25.1,21.8,18.4,,13.0,14.1,34.9,2023,3,High
40065,14.1,25.1,14.8,37.3,59.7,6.7,11.1,,6.5,76.5,82.9,55.0,7.2,,,16.7,55.2,25.0,12.2,21.8,34.1,,34.0,69.9,18.0,41.1,14.3,42.0,3.4,13.5,OK,Jackson,24669,40065,Jackson County,Oklahoma,0.6981,0.6831,0.7646,0.7706,0.4451,24776.0,2025,2022,17.8,38.6,8.4,9.5,15.9,4.3,6.3,25.2,20.5,16.7,15.9,,10.1,11.5,32.7,2023,3,High
40067,13.7,26.9,14.9,38.8,59.6,6.9,11.8,,7.5,75.7,80.5,50.6,9.3,,,21.4,50.5,27.0,12.8,25.0,34.9,,36.1,65.7,20.4,41.2,16.1,38.2,3.9,22.5,OK,Jefferson,5347,40067,Jefferson County,Oklahoma,0.8056,0.7232,0.992,0.5978,0.398,5420.0,2025,2022,20.6,41.9,9.6,11.5,18.3,5.1,7.2,25.9,23.4,21.2,16.8,,11.7,12.8,34.0,2023,3,High
40069,12.2,28.1,14.8,38.5,59.7,7.0,12.6,,7.6,76.1,80.9,51.6,9.5,,,22.1,48.0,27.9,13.2,25.3,34.1,,35.8,66.6,21.0,40.2,16.6,38.3,4.0,25.3,OK,Johnston,10216,40069,Johnston County,Oklahoma,0.875,0.7611,0.9154,0.7016,0.8556,10410.0,2025,2022,21.1,43.5,9.8,11.9,18.9,5.2,7.4,26.0,23.8,22.0,17.4,,12.6,13.8,33.8,2023,3,High
40071,11.6,27.1,15.7,36.9,59.1,7.2,12.0,,6.8,75.5,82.4,53.7,8.2,,,19.6,55.9,27.6,11.9,22.1,34.1,,30.7,65.2,19.9,43.1,14.9,36.9,3.5,21.1,OK,Kay,43641,40071,Kay County,Oklahoma,0.8549,0.8053,0.957,0.6449,0.6341,43859.0,2025,2022,19.0,39.3,8.9,10.4,16.5,4.4,6.2,25.6,20.1,17.4,15.2,,10.5,11.6,33.3,2023,3,High
40073,12.5,24.7,16.6,34.5,58.1,7.0,10.8,,6.0,75.5,83.3,57.1,6.7,,,15.8,57.9,24.3,10.3,19.4,34.2,,32.5,65.8,17.9,37.2,13.2,36.6,3.0,14.2,OK,Kingfisher,15481,40073,Kingfisher County,Oklahoma,0.398,0.3153,0.7117,0.6166,0.2297,15290.0,2025,2022,16.9,34.5,7.9,8.5,14.1,3.5,5.1,25.2,16.5,12.8,13.3,,8.5,9.1,32.7,2023,2,Moderate
40075,13.7,27.5,14.4,38.7,59.8,7.0,11.9,,7.4,76.2,81.2,47.8,9.1,,,20.5,50.5,26.9,13.1,24.7,34.3,,34.4,62.8,20.3,42.8,15.9,41.9,3.9,22.7,OK,Kiowa,8398,40075,Kiowa County,Oklahoma,0.741,0.7763,0.9475,0.6373,0.2577,8446.0,2025,2022,20.3,41.0,9.5,11.5,18.2,5.1,7.3,25.2,23.5,21.7,17.3,,12.0,13.5,33.3,2023,3,High
40077,12.8,28.6,14.3,39.2,59.8,6.9,12.9,,7.8,75.3,80.2,53.9,9.9,,,23.8,46.9,27.8,13.8,26.7,34.9,,36.0,65.0,21.9,43.1,17.3,39.2,4.2,22.9,OK,Latimer,9526,40077,Latimer County,Oklahoma,0.8396,0.8816,0.6672,0.7655,0.7038,9537.0,2025,2022,22.1,44.5,10.3,12.7,19.9,5.5,8.0,27.8,26.9,24.2,19.3,,14.0,15.1,35.4,2023,1,Critical
40079,13.1,27.2,14.8,38.4,60.2,7.0,12.3,,7.5,76.5,80.7,50.1,9.3,,,22.4,48.1,26.7,13.0,25.1,35.0,,36.6,65.7,21.0,40.4,16.3,39.3,3.9,19.5,OK,Le Flore,49596,40079,Le Flore County,Oklahoma,0.924,0.8899,0.972,0.6742,0.7566,48525.0,2025,2022,20.8,42.2,9.6,11.6,18.7,5.0,7.2,27.4,23.6,21.3,17.2,,12.2,13.3,35.0,2023,3,High
40081,10.8,26.9,16.0,37.7,60.0,7.2,11.8,,6.7,75.9,81.8,52.7,8.1,,,19.2,53.0,26.8,11.4,21.5,34.1,,31.6,65.4,19.6,43.9,14.7,39.4,3.5,14.2,OK,Lincoln,34562,40081,Lincoln County,Oklahoma,0.4101,0.4362,0.651,0.5183,0.196,33734.0,2025,2022,19.3,39.3,8.8,10.2,16.3,4.2,5.8,25.5,19.2,16.4,14.5,,10.0,10.9,34.2,2023,3,High
40083,9.9,25.0,15.9,36.0,59.1,7.1,11.3,,5.8,77.0,84.3,58.7,6.4,,,15.5,58.3,25.3,10.3,17.9,34.0,,28.0,69.5,17.9,40.2,12.5,35.8,3.0,14.3,OK,Logan,53029,40083,Logan County,Oklahoma,0.3003,0.2418,0.2374,0.5829,0.4699,49919.0,2025,2022,16.3,34.0,7.7,8.4,13.8,3.5,4.8,23.8,15.5,12.7,12.7,,8.4,9.2,32.8,2023,2,Moderate
40085,14.2,25.9,15.3,37.0,59.1,6.8,11.5,,6.7,76.0,82.1,49.6,7.9,,,18.8,56.4,25.8,12.2,22.9,33.9,,33.7,70.7,19.3,38.8,14.9,37.1,3.5,21.2,OK,Love,10296,40085,Love County,Oklahoma,0.7961,0.7019,0.9367,0.686,0.5752,10158.0,2025,2022,19.1,38.9,8.8,10.1,16.4,4.4,6.4,25.7,21.0,17.1,16.0,,10.5,11.4,34.1,2023,3,High
40087,10.1,24.7,15.9,35.5,57.3,7.2,11.1,,5.8,76.1,84.1,55.3,6.3,,,15.2,59.5,25.8,9.8,17.8,34.0,,27.8,71.5,17.9,38.1,12.8,38.2,2.9,13.3,OK,McClain,47072,40087,McClain County,Oklahoma,0.2991,0.3061,0.5479,0.574,0.1619,42393.0,2025,2022,16.3,35.0,7.8,8.2,13.5,3.3,4.7,24.8,14.7,11.2,12.0,,7.9,8.3,34.3,2023,2,Moderate
40089,12.8,27.4,14.4,38.6,60.1,6.8,12.6,,7.4,76.6,81.2,49.4,9.1,,,21.7,47.0,26.4,13.3,25.2,34.1,,35.3,66.3,20.7,42.7,16.0,39.7,4.0,20.5,OK,McCurtain,30660,40089,McCurtain County,Oklahoma,0.8976,0.7906,0.9819,0.7859,0.6971,31003.0,2025,2022,20.7,42.1,9.4,11.9,18.8,5.1,7.4,27.2,25.0,22.5,18.5,,12.9,14.2,35.3,2023,3,High
40091,12.1,28.6,14.8,40.5,60.4,7.0,12.8,,7.6,76.7,80.8,50.1,9.6,,,22.9,49.6,28.3,13.2,25.7,34.7,,37.0,63.2,21.6,44.9,16.7,38.8,4.1,19.5,OK,McIntosh,19603,40091,McIntosh County,Oklahoma,0.7528,0.7986,0.6694,0.706,0.5418,19159.0,2025,2022,21.7,44.7,9.9,12.2,19.3,5.2,7.5,27.3,25.0,22.7,18.3,,13.2,14.3,35.9,2023,3,High
40093,11.6,25.5,15.9,34.2,58.2,7.1,11.2,,6.1,75.0,82.6,55.6,7.2,,,17.6,57.7,25.8,10.5,19.5,33.5,,31.8,68.8,18.8,42.2,13.7,34.7,3.1,18.5,OK,Major,7581,40093,Major County,Oklahoma,0.3579,0.1893,0.8654,0.4741,0.2491,7678.0,2025,2022,17.8,35.8,8.1,9.1,14.6,3.7,5.2,24.7,16.6,13.4,13.1,,8.6,9.3,33.6,2023,2,Moderate
40095,14.5,26.0,15.1,36.7,59.1,6.9,11.7,,6.9,76.0,81.8,50.0,8.3,,,19.4,49.3,26.2,12.2,23.7,34.0,,35.2,65.3,19.8,39.7,15.4,40.2,3.6,19.3,OK,Marshall,15970,40095,Marshall County,Oklahoma,0.8769,0.868,0.9946,0.7442,0.3843,15494.0,2025,2022,19.7,40.9,9.2,10.6,17.4,4.6,6.8,26.6,22.6,18.6,17.0,,11.3,12.2,34.6,2023,3,High
40097,10.9,27.3,14.9,38.4,58.2,7.0,12.5,,7.0,76.5,81.9,51.1,8.5,,,20.7,51.3,26.1,12.1,22.8,35.0,,33.5,67.5,20.5,41.6,15.6,38.5,3.7,21.9,OK,Mayes,39889,40097,Mayes County,Oklahoma,0.7499,0.7394,0.8269,0.7474,0.4788,39324.0,2025,2022,20.0,41.6,9.4,10.9,17.4,4.5,6.6,26.7,21.8,18.6,16.5,,11.8,12.6,33.7,2023,3,High
40099,11.6,25.8,15.2,36.7,58.8,7.0,11.9,,6.5,76.6,82.5,56.1,7.7,,,18.5,55.3,26.1,11.3,21.5,33.0,,32.9,66.9,19.3,41.6,14.6,37.4,3.4,14.0,OK,Murray,13754,40099,Murray County,Oklahoma,0.5775,0.4397,0.6879,0.6656,0.581,13837.0,2025,2022,18.9,38.8,8.7,9.9,15.8,4.0,5.8,26.3,19.4,15.6,14.9,,10.2,10.7,33.6,2023,3,High
40101,12.5,27.7,14.4,39.5,60.4,6.8,12.6,,7.3,77.4,81.8,53.2,9.1,,,21.2,53.2,26.8,13.4,25.7,33.9,,35.0,66.1,21.0,41.7,16.4,40.6,4.0,22.1,OK,Muskogee,66677,40101,Muskogee County,Oklahoma,0.9774,0.8886,0.9427,0.8403,0.9882,66606.0,2025,2022,20.8,44.3,9.4,11.8,19.4,5.1,7.5,27.3,24.4,22.3,18.3,,13.1,14.5,35.2,2023,3,High
40103,10.0,25.9,15.8,35.3,58.5,7.2,11.7,,6.1,76.9,83.2,56.0,7.2,,,17.4,59.1,26.9,10.5,19.6,33.9,,31.1,68.4,19.2,41.8,13.8,38.3,3.2,16.5,OK,Noble,10832,40103,Noble County,Oklahoma,0.4458,0.2431,0.8743,0.5326,0.3538,10981.0,2025,2022,17.5,37.4,8.2,9.1,14.9,3.7,5.1,24.9,16.5,13.2,13.0,,8.8,9.6,33.3,2023,2,Moderate
40105,10.7,27.3,15.3,37.7,59.2,7.0,12.5,,6.9,76.8,82.0,51.6,8.4,,,20.6,53.8,27.0,12.3,22.7,33.6,,33.2,64.0,20.5,40.3,15.3,40.4,3.7,19.3,OK,Nowata,9438,40105,Nowata County,Oklahoma,0.6529,0.6004,0.6895,0.7276,0.518,9460.0,2025,2022,19.6,40.4,9.2,10.8,17.2,4.5,6.5,26.4,21.3,18.4,16.2,,11.5,12.4,34.2,2023,3,High
40107,14.0,27.5,14.3,41.5,60.6,6.7,12.6,,8.2,75.7,79.4,49.6,10.4,,,24.8,46.6,26.6,14.7,27.7,34.8,,37.4,64.2,21.2,45.6,17.3,39.7,4.5,25.7,OK,Okfuskee,11300,40107,Okfuskee County,Oklahoma,0.8715,0.8037,0.783,0.7843,0.8632,11349.0,2025,2022,22.1,44.7,10.4,13.1,20.6,5.9,8.6,28.5,28.6,26.7,20.3,,14.8,16.2,35.5,2023,1,Critical
40109,12.6,25.5,15.0,35.9,61.3,6.4,11.5,,6.3,77.6,84.1,55.3,6.6,,,14.5,58.4,25.1,12.0,19.9,33.4,,29.1,74.2,17.7,37.9,13.0,36.5,3.3,14.8,OK,Oklahoma,808866,40109,Oklahoma County,Oklahoma,0.8431,0.7801,0.8454,0.8403,0.7012,795822.0,2025,2022,17.1,37.2,7.4,9.1,15.9,4.0,5.8,25.7,18.9,15.3,15.9,,9.9,11.2,32.1,2023,3,High
40111,11.5,28.3,14.1,39.8,59.6,6.9,12.8,,7.0,76.6,82.0,52.5,8.6,,,20.8,52.0,26.7,13.2,24.2,34.5,,36.0,64.0,20.7,45.3,15.6,39.2,3.9,21.6,OK,Okmulgee,37035,40111,Okmulgee County,Oklahoma,0.922,0.8928,0.8495,0.7646,0.9033,36900.0,2025,2022,20.3,42.3,9.2,11.3,18.2,4.8,6.9,27.1,22.9,20.3,17.5,,12.1,13.5,34.2,2023,3,High
40113,10.6,26.1,15.5,39.2,60.0,6.8,12.3,,6.5,77.4,83.0,56.2,7.4,,,18.4,54.5,25.4,11.4,20.7,32.5,,30.0,66.1,19.2,46.4,14.0,37.7,3.5,18.0,OK,Osage,46130,40113,Osage County,Oklahoma,0.6207,0.5997,0.4477,0.7537,0.5896,46004.0,2025,2022,18.3,38.4,8.3,9.8,15.5,4.1,5.9,27.0,19.5,16.3,15.7,,10.5,11.6,34.8,2023,3,High
40115,12.2,27.2,14.7,37.4,60.1,7.0,12.7,,7.5,76.2,81.1,51.9,9.4,,,22.3,49.5,27.9,13.2,24.5,34.2,,35.4,67.1,21.0,42.3,16.3,41.2,4.0,25.0,OK,Ottawa,30287,40115,Ottawa County,Oklahoma,0.9252,0.8015,0.9717,0.7458,0.8756,30472.0,2025,2022,21.0,41.8,9.8,11.9,18.4,5.1,7.4,26.2,23.9,21.7,17.7,,12.8,13.9,33.8,2023,3,High
40117,11.2,26.4,15.2,36.4,58.7,7.1,12.0,,6.7,76.2,81.9,54.1,8.2,,,19.7,56.7,27.4,11.5,21.8,33.6,,31.5,68.1,19.9,39.6,14.8,38.3,3.5,21.6,OK,Pawnee,15864,40117,Pawnee County,Oklahoma,0.4979,0.4636,0.5227,0.6083,0.4464,15682.0,2025,2022,19.1,39.1,9.0,10.3,16.2,4.2,6.0,26.3,19.8,16.7,15.0,,10.4,11.0,34.3,2023,3,High
40119,9.7,25.4,15.5,35.6,59.9,7.3,11.5,,6.6,77.0,83.1,54.2,7.6,,,17.0,57.9,25.3,11.7,19.6,33.5,,29.5,66.0,18.0,38.0,13.6,38.3,3.4,12.2,OK,Payne,83352,40119,Payne County,Oklahoma,0.6408,0.7693,0.0445,0.5969,0.8842,82058.0,2025,2022,17.1,36.5,8.6,9.4,15.1,4.1,5.7,23.6,18.1,15.9,13.6,,9.6,11.0,31.1,2023,2,Moderate
40121,11.7,27.0,15.1,38.3,58.8,7.0,12.0,,6.9,76.6,81.5,52.3,8.3,,,19.8,51.1,26.1,11.8,22.4,33.9,,32.1,68.4,19.7,40.3,15.1,43.7,3.6,21.4,OK,Pittsburg,43479,40121,Pittsburg County,Oklahoma,0.868,0.8702,0.8104,0.6949,0.7572,43758.0,2025,2022,19.2,38.9,9.2,10.5,16.7,4.5,6.4,26.1,21.2,17.9,15.8,,11.1,12.0,33.9,2023,3,High
40123,10.0,25.0,15.7,37.0,57.7,7.0,11.9,,6.2,77.1,83.4,55.1,7.0,,,17.1,53.5,26.0,10.9,19.5,33.4,,28.9,65.9,18.8,40.3,13.7,37.3,3.2,11.3,OK,Pontotoc,38396,40123,Pontotoc County,Oklahoma,0.6561,0.5498,0.6316,0.7391,0.6472,38116.0,2025,2022,17.4,35.7,8.3,9.2,15.0,3.7,5.5,25.4,17.7,14.2,13.9,,9.7,10.3,34.1,2023,2,Moderate
40125,10.7,27.8,14.5,37.9,58.6,7.1,12.4,,6.5,78.1,83.1,54.0,8.0,,,18.5,53.9,26.5,11.5,21.8,34.8,,31.5,66.2,20.1,41.4,14.5,38.4,3.5,21.8,OK,Pottawatomie,73791,40125,Pottawatomie County,Oklahoma,0.7496,0.7267,0.6691,0.6561,0.6965,72734.0,2025,2022,18.9,39.0,8.7,10.2,16.6,4.2,6.0,25.6,19.4,16.6,14.8,,10.3,11.2,34.8,2023,3,High
40127,13.0,28.2,14.7,39.5,59.7,6.9,12.7,,7.9,75.9,80.0,49.9,10.1,,,24.4,47.4,28.9,13.7,26.3,34.9,,37.2,67.3,21.5,39.1,17.1,38.6,4.2,20.8,OK,Pushmataha,10800,40127,Pushmataha County,Oklahoma,0.8896,0.978,0.8326,0.6764,0.5453,10845.0,2025,2022,22.1,45.1,10.3,12.8,20.0,5.5,8.0,26.9,26.1,24.5,18.5,,13.6,14.7,35.8,2023,3,High
40129,10.6,26.5,15.3,36.6,59.4,7.3,11.4,,6.6,76.7,82.6,54.7,7.8,,,18.2,56.7,26.3,11.3,20.5,34.2,,31.4,67.6,19.1,40.6,14.2,36.7,3.4,11.9,OK,Roger Mills,3295,40129,Roger Mills County,Oklahoma,0.2835,0.4664,0.7671,0.5065,0.0102,3423.0,2025,2022,18.0,37.6,8.7,9.7,15.5,4.1,5.7,23.6,18.0,15.8,13.7,,9.6,10.6,32.2,2023,2,Moderate
40131,9.4,23.7,15.8,33.8,57.4,7.1,11.4,,6.0,76.0,84.0,57.9,6.5,,,16.0,59.7,25.4,10.6,17.7,32.9,,27.4,69.6,18.0,39.9,13.0,35.0,3.0,12.9,OK,Rogers,100248,40131,Rogers County,Oklahoma,0.3878,0.3255,0.4712,0.6634,0.3331,95870.0,2025,2022,16.9,35.6,8.0,8.5,13.8,3.4,4.8,24.8,15.3,11.8,12.5,,8.6,8.9,33.0,2023,2,Moderate
40133,12.9,28.3,14.4,40.1,60.1,6.9,12.8,,7.8,77.0,80.7,49.2,9.9,,,23.3,48.2,28.7,13.7,26.4,35.7,,36.7,63.9,21.7,45.4,17.2,41.1,4.2,26.7,OK,Seminole,23565,40133,Seminole County,Oklahoma,0.9523,0.9542,0.9179,0.7502,0.8244,23592.0,2025,2022,22.0,44.7,10.0,12.7,19.9,5.5,7.9,28.1,26.7,24.3,19.2,,13.7,15.1,37.1,2023,1,Critical
40135,12.7,28.0,14.5,39.6,59.7,6.9,13.0,,7.6,76.8,80.6,52.2,9.7,,,23.4,48.6,28.0,13.7,26.2,34.4,,35.7,65.1,21.8,47.1,17.1,38.1,4.2,28.3,OK,Sequoyah,40291,40135,Sequoyah County,Oklahoma,0.8183,0.8912,0.8247,0.7693,0.4426,39538.0,2025,2022,21.9,44.9,10.2,12.6,19.6,5.4,7.9,27.9,25.9,23.5,18.7,,13.7,14.5,35.0,2023,1,Critical
40137,11.9,26.5,15.4,37.8,58.8,7.1,11.7,,6.7,76.7,81.9,55.1,8.0,,,19.1,55.2,26.8,11.4,22.3,33.6,,32.5,65.9,19.6,39.2,14.8,35.0,3.5,21.0,OK,Stephens,44014,40137,Stephens County,Oklahoma,0.6892,0.7114,0.8871,0.5476,0.349,43140.0,2025,2022,18.7,39.3,8.8,10.1,16.5,4.2,6.0,24.9,19.8,16.8,14.6,,10.0,10.9,33.4,2023,3,High
40139,21.9,23.5,14.0,37.0,59.4,6.0,10.2,,6.8,74.7,81.8,47.9,7.0,,,16.2,51.2,22.2,13.2,25.1,34.6,,37.5,67.2,17.0,44.5,14.9,36.8,3.5,16.3,OK,Texas,20371,40139,Texas County,Oklahoma,0.9084,0.8562,0.8476,0.9112,0.8368,21144.0,2025,2022,18.6,40.2,8.7,9.9,17.5,4.8,7.7,28.0,25.7,19.2,19.5,,11.8,12.6,34.8,2023,3,High
40141,17.0,25.3,14.5,37.0,59.5,6.5,11.2,,6.8,75.9,81.7,50.5,7.8,,,18.6,51.0,24.7,12.9,24.2,34.3,,35.5,67.3,18.9,44.2,15.2,39.9,3.6,21.1,OK,Tillman,6869,40141,Tillman County,Oklahoma,0.9125,0.8597,0.9994,0.805,0.4639,7013.0,2025,2022,19.4,40.5,8.8,10.4,17.6,4.7,7.1,26.7,23.2,18.8,17.7,,11.3,12.2,34.5,2023,3,High
40143,11.8,23.0,14.0,33.8,59.9,6.7,11.3,,6.0,75.8,84.1,56.9,6.7,,,15.0,58.6,27.5,10.8,19.9,31.8,,30.4,72.2,18.3,35.9,13.1,35.7,3.2,16.4,OK,Tulsa,682868,40143,Tulsa County,Oklahoma,0.7846,0.7547,0.7871,0.7859,0.6039,668923.0,2025,2022,16.9,36.9,7.8,9.0,14.7,3.8,5.5,26.5,18.4,14.9,15.0,,9.6,11.0,35.5,2023,3,High
40145,9.7,24.9,16.1,35.1,58.9,7.1,11.2,,5.8,76.3,84.3,55.3,6.4,,,15.5,58.8,25.2,10.3,17.9,32.5,,27.5,69.7,17.6,35.8,12.8,39.7,3.0,10.2,OK,Wagoner,89280,40145,Wagoner County,Oklahoma,0.4489,0.3338,0.7875,0.6806,0.2463,82269.0,2025,2022,16.4,35.1,7.8,8.2,13.7,3.4,4.8,24.9,15.4,12.1,12.7,,8.4,9.0,33.1,2023,2,Moderate
40147,10.3,26.6,15.0,34.7,58.6,7.2,11.7,,6.4,76.4,83.2,55.2,7.4,,,17.6,54.4,27.7,11.0,20.0,33.1,,29.5,66.8,18.6,42.7,13.7,41.1,3.3,22.1,OK,Washington,53706,40147,Washington County,Oklahoma,0.5867,0.5342,0.9058,0.6487,0.2402,52579.0,2025,2022,17.9,37.9,8.4,9.5,15.6,3.9,5.6,24.7,17.8,15.1,13.8,,9.6,10.4,33.4,2023,3,High
40149,11.4,25.8,15.9,34.8,58.8,7.2,11.3,,6.4,75.9,82.4,54.2,7.6,,,17.8,54.6,26.3,10.8,20.4,34.0,,30.8,66.9,18.8,39.5,13.9,37.6,3.3,20.8,OK,Washita,10736,40149,Washita County,Oklahoma,0.5947,0.602,0.8571,0.504,0.2902,10930.0,2025,2022,18.2,37.4,8.5,9.5,15.1,3.9,5.5,24.7,17.7,14.7,13.5,,9.0,9.8,33.6,2023,2,Moderate
40151,10.3,26.1,15.9,35.5,59.2,7.3,11.1,,6.4,76.6,83.1,57.0,7.2,,,16.7,57.7,26.6,10.7,19.3,34.7,,29.3,70.1,18.3,39.0,13.5,37.9,3.2,15.2,OK,Woods,8564,40151,Woods County,Oklahoma,0.5584,0.6048,0.1674,0.4839,0.7649,8661.0,2025,2022,17.0,36.4,8.3,8.9,14.4,3.8,5.2,23.8,16.2,13.8,12.7,,8.7,9.6,32.7,2023,2,Moderate
40153,12.5,24.6,15.7,36.2,58.7,7.1,10.9,,6.3,75.4,82.6,52.1,7.3,,,17.2,53.3,24.7,10.7,20.0,33.2,,29.7,64.3,18.2,41.6,13.6,37.5,3.2,19.8,OK,Woodward,19947,40153,Woodward County,Oklahoma,0.7611,0.6647,0.8845,0.5644,0.6484,20411.0,2025,2022,17.4,36.1,8.4,9.0,14.5,3.8,5.5,25.4,17.8,14.3,13.8,,9.0,9.8,32.9,2023,3,High
44001,5.5,21.6,20.8,27.4,55.1,7.8,10.8,,4.6,84.0,88.7,70.0,4.8,,,10.6,74.5,24.7,7.9,12.7,29.3,,17.8,83.8,15.8,26.0,10.4,33.1,2.3,8.1,RI,Bristol,50255,44001,Bristol County,Rhode Island,0.1327,0.1152,0.085,0.2914,0.426,50658.0,2025,2022,12.1,21.6,5.1,6.0,8.2,2.3,3.1,20.0,9.0,7.8,8.6,,5.5,5.6,32.0,2023,0,Low
44003,6.6,23.3,18.9,31.5,56.7,7.4,11.8,,5.0,83.7,87.9,70.3,5.7,,,12.8,72.1,25.8,9.6,15.4,29.6,,22.3,83.9,17.2,32.7,11.7,35.9,2.6,11.4,RI,Kent,171278,44003,Kent County,Rhode Island,0.2116,0.2402,0.1791,0.4165,0.2918,170168.0,2025,2022,13.9,25.5,5.6,7.0,9.8,2.8,3.7,20.9,11.8,10.5,10.7,,6.9,6.9,35.5,2023,0,Low
44005,5.8,21.9,21.1,28.2,55.6,7.9,10.8,,4.7,82.5,88.4,70.2,4.9,,,9.8,75.3,24.1,7.8,13.1,30.8,,18.4,82.4,15.7,27.9,10.4,29.7,2.4,4.9,RI,Newport,83832,44005,Newport County,Rhode Island,0.2787,0.2183,0.1928,0.4496,0.5396,85442.0,2025,2022,11.8,20.9,5.1,6.0,8.6,2.4,3.2,18.3,9.7,8.6,9.2,,5.9,6.0,31.6,2023,0,Low
44007,10.3,21.7,17.3,31.0,59.3,6.4,12.4,,5.5,82.2,87.8,66.1,6.0,,,12.5,67.7,23.4,10.6,18.6,30.1,,28.2,82.0,18.4,33.7,13.5,38.0,2.9,17.4,RI,Providence,660615,44007,Providence County,Rhode Island,0.8097,0.679,0.594,0.7983,0.9208,657984.0,2025,2022,15.4,28.8,5.7,8.5,12.1,3.6,5.1,24.7,19.6,16.9,17.3,,9.7,10.3,38.1,2023,3,High
44009,5.3,21.6,20.0,27.8,56.0,7.7,10.9,,4.7,83.2,88.5,71.1,5.1,,,10.4,76.7,23.4,7.1,12.2,28.5,,16.8,80.6,15.7,28.0,10.4,32.3,2.4,12.2,RI,Washington,129982,44009,Washington County,Rhode Island,0.1324,0.1642,0.1171,0.2879,0.2584,129998.0,2025,2022,12.1,21.5,5.4,6.3,8.1,2.4,3.2,18.7,9.3,8.5,8.7,,5.8,5.9,29.8,2023,0,Low
45001,13.3,26.7,16.0,37.2,63.4,6.8,10.4,,6.2,78.9,83.3,60.3,7.9,,,16.9,59.7,24.8,13.2,22.3,34.0,,29.1,77.6,19.5,38.0,15.0,38.3,3.8,23.4,SC,Abbeville,24434,45001,Abbeville County,South Carolina,0.5988,0.6157,0.1973,0.6872,0.734,24368.0,2025,2022,17.2,33.8,6.6,10.3,15.5,4.7,6.1,26.0,22.1,14.5,16.5,,10.7,11.4,34.5,2023,3,High
45003,12.3,23.8,17.7,33.5,63.4,7.0,9.9,,5.4,79.1,85.3,61.5,6.1,,,13.8,59.1,23.8,11.3,19.1,31.2,,25.1,79.0,17.0,34.5,12.9,38.4,3.3,17.5,SC,Aiken,177130,45003,Aiken County,South Carolina,0.6322,0.5947,0.6357,0.7226,0.5151,169865.0,2025,2022,14.6,28.3,5.9,8.4,12.6,3.7,5.1,25.2,17.5,10.6,14.2,,9.0,9.3,32.6,2023,2,Moderate
45005,18.2,27.2,13.7,44.8,67.0,5.3,11.0,,7.0,80.0,82.7,58.8,8.8,,,19.8,47.9,20.4,17.9,29.7,33.0,,36.6,75.9,19.7,46.9,16.4,46.1,5.2,18.1,SC,Allendale,7369,45005,Allendale County,South Carolina,0.9955,0.9882,0.8097,0.9793,0.994,8073.0,2025,2022,19.3,39.1,6.2,12.9,20.2,6.9,9.3,33.9,36.2,26.9,27.0,,16.9,19.5,38.9,2023,1,Critical
45007,12.7,27.0,16.2,33.7,61.9,7.4,10.2,,5.8,76.6,84.2,64.2,7.0,,,14.4,61.1,26.8,11.1,19.9,33.2,,25.3,76.5,18.9,36.2,14.0,34.9,3.3,17.8,SC,Anderson,213076,45007,Anderson County,South Carolina,0.6303,0.6166,0.4916,0.5854,0.6542,204592.0,2025,2022,15.7,32.6,6.4,9.0,13.8,3.9,5.1,24.6,17.8,10.5,13.8,,8.6,9.3,35.5,2023,2,Moderate
45009,15.0,26.9,14.6,41.0,66.1,5.8,11.1,,6.3,80.4,84.1,58.0,8.0,,,17.8,52.3,21.5,15.6,25.5,32.8,,30.9,77.8,19.6,43.1,15.4,42.1,4.5,27.6,SC,Bamberg,12974,45009,Bamberg County,South Carolina,0.958,0.9866,0.8046,0.937,0.7455,13311.0,2025,2022,18.2,36.4,5.9,11.7,17.7,5.8,7.6,30.8,29.6,20.6,22.6,,14.0,15.8,37.4,2023,1,Critical
45011,16.6,26.4,14.8,40.4,65.5,6.3,11.1,,7.1,79.0,82.0,57.9,9.6,,,20.1,52.4,23.5,15.9,27.7,33.5,,34.5,76.1,20.4,44.3,16.6,45.7,4.7,20.9,SC,Barnwell,20447,45011,Barnwell County,South Carolina,0.9612,0.9243,0.8664,0.8721,0.9443,20653.0,2025,2022,19.8,38.1,6.9,13.0,19.3,6.4,8.5,28.9,32.0,23.7,23.3,,15.0,17.0,36.4,2023,1,Critical
45013,11.5,22.2,20.8,30.2,62.0,7.4,8.8,,4.8,78.5,86.1,64.1,5.1,,,10.5,66.7,19.5,9.3,13.7,31.9,,18.2,79.9,15.1,30.7,11.2,32.9,2.7,8.1,SC,Beaufort,198979,45013,Beaufort County,South Carolina,0.469,0.2695,0.5549,0.6923,0.5908,189071.0,2025,2022,12.7,24.1,5.7,6.9,10.1,3.0,4.3,20.4,14.1,7.4,11.7,,7.3,7.5,28.2,2023,0,Low
45015,11.8,23.8,16.6,34.7,62.9,6.8,9.5,,5.2,78.9,85.5,66.5,5.7,,,12.9,64.6,22.6,11.9,18.0,33.5,,25.3,78.8,17.1,37.8,12.7,37.4,3.1,8.6,SC,Berkeley,255217,45015,Berkeley County,South Carolina,0.5447,0.4082,0.5794,0.7591,0.5523,231419.0,2025,2022,14.4,30.8,5.9,7.9,13.1,3.5,4.7,24.3,17.0,8.8,13.4,,8.3,8.7,32.1,2023,2,Moderate
45017,12.5,25.2,16.4,37.1,63.6,6.5,10.3,,5.6,79.9,85.0,62.3,6.7,,,14.7,56.4,22.9,12.9,20.5,31.9,,26.7,77.3,18.0,40.7,13.6,38.8,3.6,15.8,SC,Calhoun,14186,45017,Calhoun County,South Carolina,0.7273,0.7633,0.5212,0.8365,0.5574,14145.0,2025,2022,15.7,31.2,5.8,9.3,14.3,4.3,5.7,26.5,21.2,13.2,16.8,,10.2,11.3,33.5,2023,3,High
45019,9.7,22.4,22.9,29.4,61.6,7.3,8.8,,4.7,78.0,86.9,69.0,5.0,,,10.6,70.1,21.8,10.0,14.8,32.2,,19.6,75.7,15.1,29.9,10.8,30.6,2.8,9.6,SC,Charleston,424367,45019,Charleston County,South Carolina,0.4343,0.4222,0.1101,0.7213,0.6172,409840.0,2025,2022,12.4,24.7,5.2,6.8,10.7,3.0,4.1,21.7,12.8,7.3,10.8,,7.0,7.3,30.5,2023,0,Low
45021,14.5,26.6,17.2,35.9,62.8,7.1,10.3,,6.4,77.4,83.1,61.1,8.2,,,17.6,57.1,24.9,12.9,22.9,33.8,,30.3,72.9,19.8,38.8,15.3,39.8,3.7,18.8,SC,Cherokee,56714,45021,Cherokee County,South Carolina,0.7798,0.7967,0.6096,0.6548,0.7241,56200.0,2025,2022,17.6,34.8,6.9,10.5,15.5,4.7,6.3,25.4,22.4,14.4,16.6,,10.8,11.3,34.9,2023,3,High
45023,14.5,26.1,15.8,38.3,63.6,6.6,10.8,,6.5,78.3,82.9,60.0,8.2,,,18.1,55.1,24.1,13.7,23.9,34.0,,31.2,73.9,20.1,37.7,15.3,39.4,4.1,19.7,SC,Chester,32226,45023,Chester County,South Carolina,0.7047,0.8062,0.3837,0.8008,0.5253,32171.0,2025,2022,18.0,34.3,6.6,11.0,16.3,5.2,6.8,27.6,25.4,17.2,19.1,,12.2,13.3,36.9,2023,3,High
45025,16.3,26.9,15.7,39.2,64.8,6.5,10.5,,6.6,78.7,82.7,58.4,8.5,,,18.4,56.4,24.2,14.8,25.5,34.1,,32.9,73.5,19.9,45.0,16.3,40.1,4.2,22.8,SC,Chesterfield,44031,45025,Chesterfield County,South Carolina,0.9462,0.9001,0.9338,0.7894,0.8874,43536.0,2025,2022,18.7,37.4,6.8,11.6,17.5,5.4,7.3,27.7,28.0,18.8,19.9,,12.6,13.8,35.1,2023,1,Critical
45027,15.3,26.7,15.2,40.7,65.1,6.3,10.8,,6.5,80.1,83.4,59.8,8.2,,,18.0,54.5,23.5,15.0,25.5,31.8,,31.5,77.1,19.7,38.4,15.4,38.1,4.3,21.9,SC,Clarendon,31004,45027,Clarendon County,South Carolina,0.9691,0.9472,0.6519,0.8785,0.993,31163.0,2025,2022,18.1,36.2,6.5,11.4,17.3,5.5,7.4,29.0,28.2,19.3,21.2,,13.1,14.7,36.9,2023,1,Critical
45029,14.5,26.8,15.2,38.0,64.1,6.5,10.9,,6.3,78.1,83.1,57.8,8.2,,,18.0,54.4,23.9,13.8,24.2,31.2,,31.3,72.8,19.5,39.1,15.3,39.4,4.1,25.2,SC,Colleton,38874,45029,Colleton County,South Carolina,0.966,0.9564,0.8597,0.8129,0.9389,38561.0,2025,2022,17.8,33.4,6.5,10.9,16.4,5.1,6.9,27.4,26.0,17.3,19.6,,12.3,13.5,34.5,2023,3,High
45031,13.7,26.9,15.9,39.6,64.8,6.4,10.8,,6.3,81.3,84.1,60.7,7.9,,,16.9,56.7,23.9,14.5,24.0,33.5,,28.9,73.2,19.2,45.6,15.0,38.9,4.1,23.0,SC,Darlington,62416,45031,Darlington County,South Carolina,0.8921,0.8746,0.7496,0.8466,0.8527,63025.0,2025,2022,17.5,33.6,6.3,10.8,16.4,5.1,6.8,26.7,25.9,17.7,19.5,,12.1,13.9,35.6,2023,3,High
45033,17.2,28.5,14.3,43.2,66.4,6.1,11.5,,7.4,79.2,81.7,58.7,10.2,,,21.5,41.9,23.7,17.3,30.2,33.4,,34.6,72.7,21.4,45.3,17.5,41.0,5.0,31.4,SC,Dillon,27698,45033,Dillon County,South Carolina,0.9745,0.9831,0.9157,0.8915,0.8435,28255.0,2025,2022,20.6,40.1,7.2,13.9,20.6,7.0,9.4,30.3,35.0,27.1,25.2,,16.7,18.8,38.0,2023,1,Critical
45035,11.5,22.3,17.6,32.8,62.7,6.9,9.6,,5.2,79.3,85.8,62.0,5.8,,,13.1,65.2,22.1,11.4,17.8,31.7,,24.0,73.2,16.8,35.0,12.6,37.6,3.1,12.2,SC,Dorchester,169833,45035,Dorchester County,South Carolina,0.6306,0.6071,0.6589,0.756,0.4543,162139.0,2025,2022,13.8,27.3,5.6,8.0,12.2,3.5,4.7,23.7,16.0,9.1,13.5,,8.4,8.8,32.4,2023,2,Moderate
45037,15.5,24.6,17.1,35.7,63.2,6.6,9.8,,6.2,78.4,83.2,60.9,7.4,,,16.4,55.2,21.3,13.6,22.4,32.8,,27.7,76.5,18.2,39.7,14.4,39.1,3.8,16.7,SC,Edgefield,27607,45037,Edgefield County,South Carolina,0.8476,0.7451,0.7066,0.8116,0.9065,26181.0,2025,2022,16.7,32.1,6.5,9.7,14.8,4.7,6.3,26.6,22.8,14.3,17.3,,11.0,11.7,34.8,2023,3,High
45039,14.7,25.7,14.7,40.9,65.7,6.0,10.9,,6.3,80.1,84.0,59.6,7.8,,,17.7,50.2,22.1,15.4,25.1,34.2,,31.0,77.1,19.5,45.6,15.1,41.7,4.4,22.9,SC,Fairfield,20422,45039,Fairfield County,South Carolina,0.8893,0.8676,0.7311,0.9243,0.8276,20942.0,2025,2022,17.7,34.6,6.1,11.3,17.2,5.6,7.5,29.3,29.2,20.5,22.5,,13.7,15.8,35.9,2023,1,Critical
45041,12.6,24.6,15.5,38.6,65.2,6.4,10.3,,5.8,80.6,85.3,64.1,7.0,,,15.2,57.9,23.5,13.2,22.0,34.7,,29.1,78.6,18.7,40.7,14.0,38.2,3.8,17.6,SC,Florence,137214,45041,Florence County,South Carolina,0.8256,0.7305,0.5288,0.8686,0.923,137015.0,2025,2022,16.6,33.4,5.8,9.9,15.0,4.6,6.2,27.0,22.6,15.0,18.2,,11.2,12.3,36.3,2023,3,High
45043,10.8,22.6,17.3,33.7,62.7,7.1,9.6,,5.2,79.3,85.9,66.4,6.0,,,12.7,62.4,21.9,11.6,17.6,29.1,,22.6,79.0,16.9,32.5,12.3,37.4,3.2,16.8,SC,Georgetown,65731,45043,Georgetown County,South Carolina,0.5301,0.5927,0.349,0.7178,0.42,63594.0,2025,2022,14.1,27.8,5.7,8.2,12.3,3.6,4.8,23.6,16.7,10.3,14.2,,8.6,9.6,30.8,2023,2,Moderate
45045,11.7,22.2,16.7,32.6,62.4,7.1,9.5,,5.2,77.4,85.7,64.7,5.7,,,11.5,68.5,22.3,10.7,16.8,32.2,,22.5,80.5,16.8,32.5,12.2,32.6,2.9,12.5,SC,Greenville,558036,45045,Greenville County,South Carolina,0.6246,0.4766,0.5533,0.7028,0.7362,528251.0,2025,2022,13.7,27.9,5.7,7.4,11.8,3.2,4.5,21.7,15.3,8.2,12.3,,7.7,8.0,31.2,2023,2,Moderate
45047,13.2,27.0,15.7,36.4,64.0,6.8,10.2,,5.9,79.9,84.6,61.1,7.3,,,15.7,57.8,24.6,13.0,21.5,31.7,,27.3,76.9,18.3,37.5,14.1,40.8,3.7,19.7,SC,Greenwood,69460,45047,Greenwood County,South Carolina,0.8466,0.7929,0.7471,0.7951,0.8174,69309.0,2025,2022,16.2,31.9,6.4,9.8,14.7,4.5,6.1,25.9,22.6,14.6,17.1,,10.7,12.0,34.4,2023,3,High
45049,17.2,26.1,15.0,42.0,65.8,5.9,10.6,,6.9,79.2,82.6,57.0,8.6,,,19.4,50.4,21.9,17.1,27.6,34.0,,33.6,71.6,19.7,41.6,15.8,44.2,4.6,18.9,SC,Hampton,18122,45049,Hampton County,South Carolina,0.9621,0.959,0.923,0.9214,0.7922,18890.0,2025,2022,18.8,36.5,6.5,11.9,18.4,6.1,8.1,30.7,31.4,21.9,23.3,,14.5,16.4,36.1,2023,1,Critical
45051,13.0,24.8,18.1,33.7,63.3,7.6,9.3,,5.5,78.7,84.3,63.4,6.7,,,15.1,61.5,23.1,10.9,18.8,34.5,,23.1,75.0,19.0,32.4,14.0,36.6,3.1,11.8,SC,Horry,397478,45051,Horry County,South Carolina,0.7022,0.7378,0.7254,0.5778,0.4938,356578.0,2025,2022,15.5,29.1,6.3,8.5,12.7,3.6,4.9,23.5,16.6,9.6,13.1,,8.3,8.4,31.4,2023,2,Moderate
45053,16.0,24.4,16.2,36.3,63.5,6.6,9.7,,5.9,78.9,84.8,60.8,6.7,,,14.3,56.2,21.3,13.2,22.0,33.7,,28.7,76.9,17.5,35.4,13.9,37.7,3.7,17.8,SC,Jasper,33544,45053,Jasper County,South Carolina,0.8829,0.8505,0.6475,0.8912,0.8988,29444.0,2025,2022,15.9,32.7,6.3,9.3,14.6,4.5,6.3,26.3,23.4,14.3,18.3,,11.1,12.2,33.3,2023,3,High
45055,12.5,24.6,16.7,35.1,62.6,7.0,9.9,,5.6,78.7,84.4,61.3,6.6,,,14.6,61.6,22.8,12.1,19.4,34.3,,26.1,78.0,18.0,36.3,13.6,39.7,3.4,15.0,SC,Kershaw,69905,45055,Kershaw County,South Carolina,0.4782,0.5606,0.6535,0.6971,0.1495,65779.0,2025,2022,15.6,29.9,6.0,8.8,13.4,3.9,5.3,26.1,19.3,11.3,15.0,,9.3,9.9,33.7,2023,2,Moderate
45057,11.8,24.1,17.2,31.5,61.6,7.2,9.6,,5.3,78.6,85.5,60.8,6.1,,,12.8,62.7,23.2,11.3,18.2,34.0,,24.8,73.5,17.3,35.8,13.0,39.1,3.1,16.7,SC,Lancaster,108215,45057,Lancaster County,South Carolina,0.4575,0.3586,0.6634,0.6764,0.3433,97611.0,2025,2022,14.6,29.5,6.0,8.2,12.5,3.6,4.8,25.2,16.8,9.4,13.5,,8.4,8.7,33.0,2023,2,Moderate
45059,14.7,26.6,15.7,35.9,63.1,6.9,10.2,,6.1,78.4,83.0,60.6,7.6,,,16.8,59.9,24.4,13.0,23.9,33.3,,30.6,79.7,19.2,36.3,14.9,35.6,3.7,19.1,SC,Laurens,68873,45059,Laurens County,South Carolina,0.8947,0.8874,0.8454,0.7038,0.8161,67456.0,2025,2022,17.5,36.0,6.6,10.3,15.6,4.6,6.2,25.1,22.2,13.9,16.8,,10.8,11.2,34.5,2023,3,High
45061,16.5,26.9,14.1,43.7,66.8,5.7,11.1,,6.8,80.3,83.0,56.4,8.7,,,19.3,46.2,21.9,16.9,28.1,33.3,,34.7,72.8,19.9,44.1,16.0,44.1,4.8,22.3,SC,Lee,15967,45061,Lee County,South Carolina,0.9704,0.9796,0.3563,0.9488,0.9975,16557.0,2025,2022,19.1,37.1,6.2,12.5,19.0,6.5,8.6,30.6,33.1,24.2,25.0,,15.6,17.9,36.1,2023,1,Critical
45063,11.1,24.1,16.6,33.2,61.6,7.2,9.3,,5.1,80.2,85.7,65.2,5.9,,,13.0,64.3,25.1,10.5,17.8,32.7,,24.9,73.5,17.2,35.9,12.4,35.0,3.0,10.5,SC,Lexington,309528,45063,Lexington County,South Carolina,0.4855,0.3796,0.5568,0.6347,0.4893,295934.0,2025,2022,14.0,27.6,5.9,7.8,12.0,3.4,4.6,22.2,15.3,8.6,12.5,,7.8,8.2,30.4,2023,2,Moderate
45065,13.8,25.0,16.5,38.4,64.8,6.5,10.0,,6.1,79.3,84.4,62.1,7.0,,,15.9,58.4,20.7,13.6,21.7,34.2,,26.9,75.0,17.7,38.3,13.6,40.3,3.8,15.6,SC,McCormick,9941,45065,McCormick County,South Carolina,0.6087,0.5536,0.4158,0.8549,0.6023,9612.0,2025,2022,16.1,32.3,6.2,9.5,14.8,4.6,6.1,28.4,23.1,14.8,18.6,,11.3,12.7,33.7,2023,3,High
45067,16.9,28.1,13.6,43.4,66.6,5.8,11.4,,7.1,80.8,82.4,54.9,9.6,,,20.7,49.2,22.8,17.7,29.7,32.2,,34.9,75.0,21.0,45.2,17.1,40.1,5.0,23.1,SC,Marion,28508,45067,Marion County,South Carolina,0.8753,0.9077,0.6701,0.9294,0.7346,29212.0,2025,2022,19.8,38.8,6.5,13.4,20.4,6.8,9.2,30.3,35.3,27.1,26.0,,16.4,18.8,37.4,2023,1,Critical
45069,18.1,27.3,14.4,44.7,66.3,5.9,11.0,,7.3,78.9,81.5,58.2,9.7,,,21.4,45.6,22.5,17.4,30.5,34.8,,37.3,74.3,20.7,40.9,17.4,44.6,5.0,31.4,SC,Marlboro,25704,45069,Marlboro County,South Carolina,0.9405,0.9717,0.4184,0.9259,0.9605,26585.0,2025,2022,20.3,40.8,7.1,13.3,20.5,6.8,9.2,32.9,34.7,25.5,25.2,,16.4,18.3,38.8,2023,1,Critical
45071,14.0,25.0,17.5,37.1,64.7,6.7,9.9,,6.0,78.7,84.2,59.6,7.1,,,16.1,59.8,23.1,13.1,20.9,33.6,,29.5,78.2,18.4,38.6,14.0,37.0,3.6,17.2,SC,Newberry,38825,45071,Newberry County,South Carolina,0.8027,0.6013,0.9125,0.7821,0.7471,37918.0,2025,2022,16.1,30.7,6.3,9.5,14.4,4.4,5.9,27.0,21.4,13.5,16.3,,10.4,11.1,33.0,2023,3,High
45073,12.9,26.1,19.4,31.9,60.9,7.5,10.0,,6.0,77.7,83.5,60.5,7.5,,,15.3,62.6,26.9,11.4,20.5,33.3,,26.4,76.5,18.0,38.2,14.3,36.4,3.3,18.4,SC,Oconee,81221,45073,Oconee County,South Carolina,0.6968,0.7528,0.8492,0.4588,0.4063,78775.0,2025,2022,16.1,30.6,6.7,9.3,13.5,4.0,5.3,22.6,17.7,10.8,13.2,,8.8,8.8,31.9,2023,2,Moderate
45075,15.3,27.3,14.3,42.4,66.9,5.7,11.1,,6.4,81.8,84.3,60.4,8.0,,,17.5,54.2,22.6,15.7,26.1,33.1,,32.5,74.0,19.5,43.1,15.2,41.3,4.5,21.0,SC,Orangeburg,82820,45075,Orangeburg County,South Carolina,0.9516,0.9535,0.6958,0.9478,0.9236,84159.0,2025,2022,18.1,35.9,5.9,11.7,17.9,5.9,7.9,30.4,31.3,22.3,23.3,,14.5,16.5,34.1,2023,1,Critical
45077,12.2,25.1,17.8,34.0,59.3,7.6,9.8,,6.0,76.9,83.6,60.1,7.3,,,15.1,58.9,25.8,11.4,20.0,32.5,,25.8,67.3,18.4,37.3,14.0,37.4,3.3,17.7,SC,Pickens,135495,45077,Pickens County,South Carolina,0.5717,0.6653,0.0369,0.4356,0.9316,131106.0,2025,2022,16.0,31.0,6.7,9.0,13.4,3.9,5.2,22.8,17.9,10.3,13.4,,8.8,8.8,33.0,2023,2,Moderate
45079,11.3,25.6,16.3,37.0,63.1,6.2,9.9,,5.4,80.8,86.5,67.1,5.7,,,11.9,62.8,22.1,13.0,19.4,32.8,,22.2,79.5,16.5,35.8,12.8,42.3,3.5,13.4,SC,Richland,425138,45079,Richland County,South Carolina,0.7922,0.7486,0.3888,0.9154,0.8622,416161.0,2025,2022,14.2,29.7,5.3,8.6,14.0,4.2,5.6,25.5,18.5,12.5,16.6,,9.9,11.5,34.2,2023,3,High
45081,17.4,25.3,16.8,35.8,63.2,6.7,9.8,,6.2,77.9,83.2,58.2,7.6,,,16.1,57.2,22.5,13.3,23.6,34.2,,30.4,74.4,18.2,43.5,14.8,41.1,3.7,14.8,SC,Saluda,19123,45081,Saluda County,South Carolina,0.8228,0.7187,0.8985,0.7989,0.6736,18952.0,2025,2022,17.1,35.3,6.8,10.0,16.0,4.7,6.6,26.2,23.0,14.3,17.7,,10.9,11.4,34.8,2023,3,High
45083,13.3,25.6,16.7,35.5,63.4,7.0,9.7,,5.7,77.6,84.5,63.7,6.7,,,14.4,61.2,24.6,12.1,20.2,34.3,,26.8,79.8,17.9,37.9,13.7,38.5,3.3,12.5,SC,Spartanburg,356698,45083,Spartanburg County,South Carolina,0.7486,0.6456,0.7929,0.706,0.6704,330119.0,2025,2022,16.1,32.8,6.2,8.8,14.2,3.9,5.4,26.2,18.8,11.3,15.1,,9.3,9.7,33.8,2023,3,High
45085,13.0,25.7,14.9,38.4,64.8,6.1,10.6,,5.8,80.5,85.0,61.4,7.0,,,15.6,58.4,21.7,13.8,21.6,32.8,,26.5,76.9,18.3,43.2,14.0,43.2,3.9,18.5,SC,Sumter,104165,45085,Sumter County,South Carolina,0.8762,0.8632,0.6274,0.896,0.8638,105199.0,2025,2022,16.1,31.2,5.7,9.8,15.1,4.8,6.4,26.9,23.9,16.2,19.1,,11.7,13.2,35.1,2023,3,High
45087,15.6,28.1,16.1,40.6,64.6,6.7,11.0,,7.0,78.4,81.7,59.0,9.6,,,19.7,50.8,24.9,15.0,26.9,34.5,,31.9,74.2,20.7,43.8,16.6,41.0,4.4,18.0,SC,Union,26629,45087,Union County,South Carolina,0.9173,0.9166,0.811,0.7321,0.8813,27158.0,2025,2022,19.8,38.7,7.2,12.4,18.6,5.9,7.8,27.4,27.8,20.3,20.5,,13.3,14.6,35.4,2023,1,Critical
45089,16.1,25.8,13.6,43.7,67.1,5.6,11.0,,6.4,80.7,83.8,59.4,8.1,,,18.1,50.2,21.1,16.3,27.3,32.8,,32.9,76.7,19.7,45.1,15.3,40.4,4.6,20.0,SC,Williamsburg,29891,45089,Williamsburg County,South Carolina,0.9634,0.901,0.8282,0.9548,0.9749,30879.0,2025,2022,18.1,38.2,6.0,11.7,18.3,6.0,8.0,31.2,31.8,22.7,24.3,,14.5,16.9,37.8,2023,1,Critical
45091,10.1,22.4,17.3,32.4,62.0,7.2,9.3,,4.7,77.2,86.7,62.0,5.3,,,11.1,64.0,22.4,10.3,16.0,31.7,,22.6,80.4,16.7,36.8,11.4,34.3,2.8,11.5,SC,York,298320,45091,York County,South Carolina,0.3436,0.2749,0.3217,0.6872,0.3958,282987.0,2025,2022,13.1,26.0,5.5,7.0,11.2,3.0,4.1,23.6,14.4,7.3,11.6,,7.1,7.4,30.9,2023,0,Low
49001,10.8,22.7,12.8,27.7,50.3,7.5,10.6,,5.1,69.5,80.3,58.4,5.0,,,9.7,67.6,25.7,8.9,16.2,29.2,,19.1,72.5,17.4,29.0,12.7,35.8,2.7,13.6,UT,Beaver,7233,49001,Beaver County,Utah,0.1457,0.1556,0.5612,0.4658,0.0519,7102.0,2025,2022,15.5,29.3,7.0,7.1,10.8,2.9,4.1,21.1,12.2,6.2,10.3,,6.9,6.7,31.7,2023,0,Low
49003,10.4,22.5,11.0,28.2,51.5,7.5,11.1,,5.2,73.4,80.0,58.8,5.4,,,9.9,67.8,26.6,8.9,16.5,28.4,,19.4,65.2,18.1,32.7,13.1,37.9,2.8,9.8,UT,Box Elder,62684,49003,Box Elder County,Utah,0.1215,0.1527,0.1416,0.3977,0.1686,58291.0,2025,2022,16.2,29.4,7.1,7.5,11.2,3.1,4.3,20.4,12.7,7.0,10.1,,7.1,7.0,32.0,2023,0,Low
49005,9.7,24.0,10.8,28.7,50.5,7.6,10.4,,5.2,70.6,80.1,55.8,5.3,,,9.1,65.9,26.6,9.5,16.2,29.5,,16.9,71.2,16.6,30.3,12.8,32.8,2.8,16.8,UT,Cache,142393,49005,Cache County,Utah,0.3478,0.2816,0.2889,0.4779,0.538,134428.0,2025,2022,15.5,28.6,7.2,7.4,11.1,3.2,4.4,18.4,12.2,7.1,9.6,,7.2,7.3,31.5,2023,0,Low
49007,12.1,26.1,12.1,29.6,52.4,7.4,11.7,,6.0,71.0,78.1,57.9,6.6,,,12.3,59.9,29.6,10.8,19.4,27.2,,21.1,72.3,19.1,35.1,15.1,35.6,3.3,19.9,UT,Carbon,20609,49007,Carbon County,Utah,0.6297,0.7051,0.7436,0.4932,0.3748,20338.0,2025,2022,18.4,34.4,8.1,9.2,13.4,4.0,5.5,21.7,17.1,10.1,13.0,,8.9,9.1,32.8,2023,2,Moderate
49009,10.8,24.0,13.0,30.0,50.2,7.6,10.9,,5.7,70.1,78.7,59.4,5.9,,,11.4,65.9,26.7,9.4,17.8,29.4,,20.5,70.2,18.5,32.8,13.7,35.3,3.0,10.1,UT,Daggett,992,49009,Daggett County,Utah,0.1849,0.2199,0.0506,0.182,0.5469,638.0,2025,2022,17.1,31.9,7.8,8.0,11.9,3.3,4.5,21.7,13.5,7.5,10.9,,7.6,7.5,32.7,2023,0,Low
49011,8.7,21.9,10.5,27.4,49.5,7.6,10.9,,4.7,73.5,82.6,61.5,4.3,,,7.4,73.0,28.7,8.4,14.5,28.8,,17.2,72.2,17.0,32.7,11.0,33.6,2.5,9.2,UT,Davis,373207,49011,Davis County,Utah,0.0678,0.0325,0.2822,0.4948,0.1069,363032.0,2025,2022,14.4,27.3,6.4,6.3,9.4,2.6,3.6,18.8,9.5,4.9,8.5,,5.8,5.5,32.3,2023,0,Low
49013,11.4,24.5,11.9,29.6,50.2,7.5,11.3,,5.9,70.3,78.4,51.9,6.5,,,11.8,63.4,26.0,10.2,19.5,26.9,,23.8,61.6,19.1,31.6,14.4,32.0,3.2,16.3,UT,Duchesne,20477,49013,Duchesne County,Utah,0.5361,0.5778,0.4629,0.4445,0.5167,19779.0,2025,2022,17.9,30.7,7.8,8.9,12.5,3.7,5.2,21.6,15.5,9.5,12.0,,8.5,8.5,31.4,2023,2,Moderate
49015,10.1,23.9,12.7,30.0,50.2,7.6,11.3,,5.5,69.5,79.0,57.5,5.9,,,11.3,63.5,28.2,9.4,17.6,28.9,,19.3,70.8,18.5,30.7,13.7,37.9,3.0,15.9,UT,Emery,10144,49015,Emery County,Utah,0.2269,0.1645,0.6729,0.2914,0.2008,9898.0,2025,2022,17.1,31.5,7.5,8.0,12.1,3.3,4.5,19.7,13.4,7.8,10.7,,7.5,7.5,30.7,2023,0,Low
49017,9.4,23.3,12.8,28.3,50.4,7.7,10.8,,5.2,71.8,80.5,56.3,5.2,,,9.8,65.7,26.4,8.9,16.3,29.4,,18.1,68.9,17.3,28.9,12.7,36.8,2.8,15.2,UT,Garfield,5314,49017,Garfield County,Utah,0.3423,0.4617,0.364,0.3446,0.251,5121.0,2025,2022,15.4,29.2,7.2,7.3,11.1,3.0,4.2,19.6,12.1,6.7,9.9,,7.0,6.9,31.9,2023,0,Low
49019,10.4,24.2,13.0,28.8,51.5,7.6,11.0,,5.4,69.7,80.5,57.4,5.6,,,10.4,64.8,26.4,9.3,17.5,28.3,,19.2,62.7,17.7,28.2,13.1,36.7,2.9,9.6,UT,Grand,9706,49019,Grand County,Utah,0.4582,0.433,0.3331,0.5218,0.5597,9680.0,2025,2022,16.0,30.4,7.4,7.8,11.6,3.3,4.7,19.2,13.7,8.0,10.9,,7.8,7.8,31.5,2023,0,Low
49021,10.1,24.3,11.6,28.4,50.1,7.6,11.0,,5.6,71.7,79.2,54.2,5.9,,,10.8,66.8,27.2,9.7,17.9,29.8,,18.9,67.7,18.1,36.9,13.7,32.7,3.0,15.9,UT,Iron,64211,49021,Iron County,Utah,0.4114,0.5017,0.2809,0.4496,0.384,58068.0,2025,2022,16.6,31.3,7.6,8.2,12.4,3.5,4.8,20.2,14.1,8.5,11.3,,7.9,8.0,31.8,2023,0,Low
49023,9.7,23.3,12.9,28.5,50.5,7.7,11.0,,5.3,69.2,79.2,57.3,5.6,,,10.6,70.0,26.4,8.9,16.8,29.5,,18.8,71.1,18.3,32.9,13.1,35.2,2.8,11.2,UT,Juab,13023,49023,Juab County,Utah,0.0659,0.0487,0.1887,0.2692,0.1823,11943.0,2025,2022,16.4,29.8,7.2,7.7,11.4,3.1,4.2,21.2,12.7,7.0,10.2,,7.0,6.9,30.7,2023,0,Low
49025,8.8,23.8,12.7,28.7,51.3,7.8,11.0,,5.2,70.9,80.5,57.7,5.3,,,9.7,67.6,26.8,8.9,16.0,29.7,,17.9,72.5,17.5,33.4,12.6,35.1,2.8,15.5,UT,Kane,8425,49025,Kane County,Utah,0.259,0.2265,0.5861,0.2399,0.2663,7814.0,2025,2022,15.5,29.3,7.0,7.3,10.9,3.0,4.1,19.5,11.8,6.6,9.5,,6.8,6.7,31.5,2023,0,Low
49027,12.0,22.6,11.6,29.9,51.5,7.6,10.9,,5.7,71.6,78.9,51.9,6.0,,,11.2,60.7,26.4,10.1,19.2,28.7,,22.5,67.6,18.3,34.5,14.2,32.3,3.0,17.6,UT,Millard,13437,49027,Millard County,Utah,0.4502,0.4241,0.8657,0.4763,0.1642,13027.0,2025,2022,17.6,33.0,7.6,8.5,12.6,3.5,5.0,20.7,15.0,8.6,11.9,,8.1,8.1,32.0,2023,2,Moderate
49029,6.8,21.6,13.3,26.4,49.9,7.9,10.5,,4.4,70.7,82.7,63.3,4.1,,,7.7,72.0,25.2,7.5,12.4,28.0,,14.9,71.9,16.1,25.1,10.7,35.8,2.3,7.1,UT,Morgan,13000,49029,Morgan County,Utah,0.0,0.0019,0.0146,0.1409,0.0019,12367.0,2025,2022,13.2,24.9,6.2,5.8,8.7,2.2,3.0,18.7,7.9,4.0,7.3,,5.0,4.9,31.5,2023,0,Low
49031,14.0,25.9,12.0,31.5,51.8,7.5,11.8,,6.5,69.6,77.0,51.0,7.6,,,13.4,55.8,28.6,11.0,22.4,30.4,,23.7,66.3,19.9,34.0,15.8,37.4,3.5,19.0,UT,Piute,1550,49031,Piute County,Utah,0.5402,0.9478,0.3293,0.0544,0.1753,1764.0,2025,2022,19.7,35.8,8.5,10.2,14.9,4.4,6.1,21.7,19.1,12.3,14.0,,9.9,9.9,34.9,2023,2,Moderate
49033,9.1,24.2,12.8,28.8,50.9,7.8,11.1,,5.6,71.2,80.1,56.0,5.7,,,10.5,66.3,27.5,9.4,16.7,28.8,,18.2,74.3,18.1,33.0,13.2,34.9,2.9,9.3,UT,Rich,2670,49033,Rich County,Utah,0.2141,0.0811,0.8193,0.4117,0.1829,2543.0,2025,2022,16.1,30.8,7.6,7.7,11.5,3.3,4.3,19.4,12.3,7.2,10.2,,7.2,7.4,31.7,2023,0,Low
49035,11.5,21.8,15.3,28.1,49.6,7.3,10.9,,4.6,69.7,82.2,63.0,4.5,,,8.3,68.6,27.5,8.7,16.3,29.3,,18.9,73.5,17.2,29.9,12.6,35.0,2.6,8.7,UT,Salt Lake,1185813,49035,Salt Lake County,Utah,0.4512,0.3325,0.4044,0.6777,0.552,1180643.0,2025,2022,14.6,28.3,6.4,6.6,10.9,2.8,4.2,22.6,13.8,6.2,11.0,,7.0,7.0,35.4,2023,0,Low
49037,12.4,26.0,10.3,34.6,53.8,7.0,13.3,,6.9,71.8,76.6,51.0,8.0,,,16.2,59.0,27.0,13.7,25.7,29.4,,24.6,60.9,21.3,34.4,17.9,38.8,4.2,21.2,UT,San Juan,14358,49037,San Juan County,Utah,0.9567,0.8524,0.9688,0.8988,0.8794,14524.0,2025,2022,21.5,39.9,9.8,11.7,17.9,5.0,8.1,25.3,26.2,16.7,18.5,,14.1,14.0,34.8,2023,3,High
49039,12.1,25.0,11.8,28.6,50.5,7.5,11.2,,6.0,69.5,77.6,53.5,6.6,,,11.9,61.5,26.7,10.3,18.9,28.2,,20.9,65.4,18.5,30.2,14.2,37.7,3.3,18.6,UT,Sanpete,30277,49039,Sanpete County,Utah,0.5116,0.6064,0.2743,0.4146,0.5507,28816.0,2025,2022,17.7,32.9,8.1,9.0,12.9,3.9,5.3,20.4,16.0,9.6,12.5,,8.7,8.9,32.5,2023,2,Moderate
49041,9.9,24.9,12.3,29.7,51.2,7.6,11.2,,5.4,71.2,79.5,56.5,5.8,,,10.6,64.0,28.4,9.1,17.5,29.9,,20.4,72.5,18.6,36.6,13.8,36.7,2.9,20.1,UT,Sevier,22344,49041,Sevier County,Utah,0.2886,0.37,0.1931,0.2485,0.4162,21667.0,2025,2022,16.5,30.9,7.3,7.9,11.7,3.2,4.3,21.9,12.8,7.3,10.1,,7.2,7.1,33.5,2023,0,Low
49043,7.8,21.0,15.3,24.2,50.2,7.8,10.0,,4.3,73.0,83.6,63.1,3.7,,,6.5,74.5,23.4,7.2,11.7,27.4,,13.7,76.6,14.5,19.3,9.8,25.8,2.2,9.2,UT,Summit,42759,49043,Summit County,Utah,0.0509,0.0267,0.251,0.4556,0.091,42524.0,2025,2022,12.0,22.4,5.9,5.3,8.0,2.1,3.0,17.2,7.9,3.8,7.2,,4.9,4.7,28.7,2023,0,Low
49045,10.7,24.4,12.9,30.3,51.0,7.2,11.3,,4.8,70.6,81.0,55.6,4.8,,,9.3,67.3,27.3,9.4,16.4,29.1,,21.3,69.0,16.8,37.3,12.5,39.2,2.6,10.0,UT,Tooele,82051,49045,Tooele County,Utah,0.1766,0.1206,0.3204,0.5269,0.238,74032.0,2025,2022,16.1,31.7,7.1,7.1,11.4,2.8,4.1,19.8,12.4,5.9,9.7,,6.8,6.4,33.6,2023,0,Low
49047,11.4,25.8,12.9,30.2,51.9,7.5,11.5,,5.7,69.0,77.3,51.7,6.3,,,12.5,60.8,27.2,10.2,19.2,29.7,,21.4,63.1,18.8,35.4,14.2,37.3,3.1,17.2,UT,Uintah,37747,49047,Uintah County,Utah,0.5297,0.5644,0.4216,0.5294,0.5081,35951.0,2025,2022,17.9,34.6,8.0,8.9,13.4,3.6,5.1,22.2,15.9,9.1,12.0,,8.4,8.6,33.4,2023,2,Moderate
49049,9.5,21.6,8.2,27.9,48.2,7.9,9.8,,4.9,71.3,81.7,61.5,4.4,,,7.0,75.7,25.1,8.8,13.9,29.3,,15.6,69.1,15.7,31.6,11.9,31.8,2.6,8.4,UT,Utah,719174,49049,Utah County,Utah,0.2555,0.1798,0.1963,0.5183,0.5011,666021.0,2025,2022,13.9,26.5,6.7,6.5,10.0,2.7,3.9,18.5,10.4,5.6,9.1,,6.2,6.2,32.9,2023,0,Low
49051,8.7,20.8,12.7,24.9,50.9,7.6,10.0,,4.5,72.4,82.8,64.5,4.1,,,7.3,75.9,22.8,7.4,12.9,27.6,,16.5,72.2,15.1,24.1,10.9,28.3,2.3,12.2,UT,Wasatch,37144,49051,Wasatch County,Utah,0.0748,0.0776,0.1508,0.4871,0.1114,35009.0,2025,2022,13.0,24.0,6.2,5.9,9.0,2.4,3.4,16.7,8.9,4.5,8.1,,5.4,5.3,27.3,2023,0,Low
49053,10.3,23.3,11.3,29.2,50.1,7.6,10.9,,5.1,69.1,80.4,57.8,5.1,,,8.7,70.4,26.8,8.8,16.5,29.1,,15.9,71.8,17.0,34.1,13.0,34.9,2.8,10.7,UT,Washington,202452,49053,Washington County,Utah,0.3875,0.3382,0.5762,0.4763,0.3309,183297.0,2025,2022,15.3,30.7,7.3,7.3,11.0,3.0,4.3,18.7,12.2,6.6,9.7,,6.9,7.1,31.2,2023,0,Low
49055,9.6,25.1,12.1,30.7,51.7,7.8,11.3,,5.9,70.8,79.4,55.8,6.3,,,11.1,64.1,27.3,9.9,18.0,29.8,,20.5,70.0,18.7,34.2,14.0,34.5,3.1,14.4,UT,Wayne,2614,49055,Wayne County,Utah,0.1053,0.244,0.3166,0.0041,0.0589,2532.0,2025,2022,16.9,31.5,7.9,8.4,12.3,3.6,4.8,19.7,14.1,8.8,11.1,,8.0,8.3,31.6,2023,0,Low
49057,11.2,24.7,11.5,29.5,49.9,7.4,11.4,,5.0,73.2,81.7,58.7,4.9,,,9.2,70.5,28.0,8.9,16.8,31.1,,20.5,74.5,18.5,34.8,12.9,33.7,2.7,13.1,UT,Weber,271926,49057,Weber County,Utah,0.3471,0.2393,0.4944,0.6083,0.3891,262960.0,2025,2022,16.8,32.1,6.8,7.3,11.3,3.0,4.3,21.7,13.8,6.5,11.0,,6.9,7.0,33.3,2023,0,Low
51001,13.0,26.5,14.5,38.5,61.7,6.5,11.7,,6.4,77.8,83.7,57.9,7.8,,,17.1,55.1,23.4,13.4,24.2,35.0,,31.0,74.5,19.4,40.3,14.8,38.1,3.7,24.3,VA,Accomack,33239,51001,Accomack County,Virginia,0.8597,0.7416,0.8982,0.791,0.7973,33367.0,2025,2022,18.5,35.5,6.7,10.5,16.0,4.7,6.4,24.2,21.3,19.8,17.3,,11.3,11.6,36.5,2023,3,High
51003,6.7,21.7,16.7,28.5,57.7,7.3,10.1,,4.5,77.7,87.5,66.1,4.4,,,9.6,72.3,21.8,8.7,13.3,32.7,,18.6,80.9,15.2,29.0,10.5,33.5,2.4,5.7,VA,Albemarle,115676,51003,Albemarle County,Virginia,0.2469,0.1295,0.245,0.5927,0.5059,112513.0,2025,2022,12.0,25.1,5.3,5.9,9.5,2.4,3.2,18.9,8.8,6.6,8.3,,5.5,5.2,32.8,2023,0,Low
51005,9.4,26.8,16.8,33.8,58.3,7.3,11.3,,6.1,76.2,83.5,58.2,7.5,,,17.5,61.8,26.7,11.0,20.0,33.7,,25.7,76.8,20.1,39.1,14.5,36.5,3.2,12.4,VA,Alleghany,14595,51005,Alleghany County,Virginia,0.3102,0.3099,0.1864,0.2444,0.5918,15159.0,2025,2022,17.9,34.0,6.9,9.4,14.1,3.7,4.9,22.1,14.5,13.0,11.8,,8.3,7.9,35.9,2023,2,Moderate
51007,11.0,26.1,15.9,36.1,60.1,6.7,11.5,,6.3,76.8,83.3,60.0,7.7,,,18.0,59.5,24.9,12.8,22.4,34.8,,28.2,76.2,19.9,38.8,15.0,37.8,3.6,18.9,VA,Amelia,13480,51007,Amelia County,Virginia,0.3853,0.4808,0.2399,0.6287,0.2924,13309.0,2025,2022,18.4,35.1,6.7,10.0,15.5,4.3,5.7,23.2,18.0,16.7,14.4,,9.9,9.7,35.5,2023,2,Moderate
51009,9.6,25.7,15.9,34.9,59.5,6.9,11.5,,5.9,76.9,84.5,63.2,7.0,,,16.3,63.6,24.8,11.8,20.1,32.8,,27.1,76.5,19.3,39.6,14.1,37.7,3.3,13.1,VA,Amherst,31396,51009,Amherst County,Virginia,0.4022,0.4244,0.1632,0.6198,0.4973,31426.0,2025,2022,17.0,32.8,6.4,9.3,14.0,3.8,5.1,22.8,15.8,14.1,13.2,,9.0,8.9,33.8,2023,2,Moderate
51011,9.4,25.9,16.0,35.2,60.1,6.9,11.3,,6.0,77.1,84.3,60.8,7.1,,,16.2,59.4,25.0,11.7,20.1,35.0,,26.4,75.2,19.2,38.8,14.1,38.7,3.3,14.0,VA,Appomattox,16864,51011,Appomattox County,Virginia,0.1441,0.2848,0.1419,0.5892,0.0557,16253.0,2025,2022,17.2,33.0,6.5,9.2,14.0,3.8,5.1,22.4,15.8,14.3,13.1,,9.0,9.0,34.9,2023,2,Moderate
51013,6.2,20.4,16.4,27.2,56.7,6.8,9.0,,4.1,77.5,88.9,66.7,3.4,,,7.0,72.5,20.6,8.5,11.7,34.0,,15.1,79.4,13.0,25.2,9.0,28.1,2.1,5.0,VA,Arlington,234162,51013,Arlington County,Virginia,0.1597,0.0423,0.0115,0.7894,0.7945,235845.0,2025,2022,10.0,21.0,4.8,4.8,8.1,2.0,2.9,18.0,7.1,4.9,6.9,,4.7,4.3,32.2,2023,0,Low
51015,9.1,24.6,16.5,31.7,57.4,7.2,10.5,,5.5,76.8,84.3,61.1,6.4,,,15.0,64.0,26.2,10.3,18.0,33.2,,23.8,72.6,18.7,40.8,13.3,37.0,2.9,14.6,VA,Augusta,78247,51015,Augusta County,Virginia,0.2129,0.1591,0.1626,0.3166,0.5266,77433.0,2025,2022,16.3,31.9,6.4,8.1,12.5,3.2,4.2,21.8,12.5,10.2,10.7,,7.3,6.8,34.5,2023,0,Low
51017,11.4,27.5,16.1,36.2,58.8,7.3,11.6,,7.2,75.6,81.6,56.2,9.3,,,20.3,57.3,27.8,12.6,24.1,34.7,,29.5,71.8,21.2,38.7,16.5,38.9,3.8,22.0,VA,Bath,4051,51017,Bath County,Virginia,0.1674,0.3678,0.16,0.1409,0.1314,4177.0,2025,2022,20.1,37.5,8.0,11.3,16.6,4.7,6.2,22.1,18.9,18.5,14.2,,10.4,10.0,35.2,2023,2,Moderate
51019,7.8,24.2,17.2,30.4,57.3,7.4,10.7,,5.4,75.7,85.4,60.3,5.9,,,13.6,67.7,25.0,10.1,16.7,33.4,,24.4,73.7,18.0,36.7,12.5,36.6,2.8,9.5,VA,Bedford,81525,51019,Bedford County,Virginia,0.0853,0.0878,0.1215,0.4085,0.1721,79761.0,2025,2022,14.9,29.7,6.2,7.6,11.7,3.0,4.0,20.4,11.2,9.1,9.8,,6.7,6.4,32.4,2023,0,Low
51021,9.4,25.3,17.7,32.9,57.7,7.3,10.5,,6.0,75.2,83.4,61.0,6.9,,,16.4,65.3,25.1,10.5,18.7,33.6,,24.3,73.7,18.8,36.2,13.7,36.4,3.1,19.2,VA,Bland,6179,51021,Bland County,Virginia,0.0974,0.0493,0.0458,0.1276,0.6195,6241.0,2025,2022,16.7,32.2,6.9,8.4,12.9,3.4,4.4,22.1,12.8,10.8,10.8,,7.6,7.2,34.5,2023,0,Low
51023,7.8,23.8,17.8,31.3,57.4,7.4,10.6,,5.2,76.5,85.5,63.2,5.8,,,13.4,68.1,25.6,9.5,16.0,33.0,,21.8,75.8,17.9,34.8,12.4,35.0,2.7,9.1,VA,Botetourt,34125,51023,Botetourt County,Virginia,0.013,0.0375,0.0226,0.2294,0.0783,33734.0,2025,2022,15.1,29.1,6.1,7.4,11.3,2.8,3.7,20.5,10.3,8.3,9.2,,6.4,5.9,32.1,2023,0,Low
51025,12.7,26.6,13.6,40.6,63.0,5.8,11.8,,6.6,78.5,83.5,58.9,7.9,,,18.6,55.2,21.6,15.1,25.8,34.2,,32.3,76.9,19.6,43.7,15.4,46.2,4.3,23.6,VA,Brunswick,15749,51025,Brunswick County,Virginia,0.8311,0.8101,0.308,0.9141,0.9281,15965.0,2025,2022,18.9,37.9,6.3,11.2,17.8,5.4,7.2,28.4,25.3,24.1,20.6,,13.3,14.3,38.5,2023,1,Critical
51027,12.5,28.4,15.7,36.6,59.7,7.2,11.7,,7.5,75.8,80.5,54.1,10.2,,,22.2,51.6,28.4,13.2,26.4,35.0,,31.8,69.6,22.0,38.8,17.4,40.2,4.0,19.7,VA,Buchanan,19087,51027,Buchanan County,Virginia,0.5975,0.8517,0.5049,0.015,0.4381,20246.0,2025,2022,21.4,40.2,8.3,12.1,17.7,5.1,6.8,23.7,21.4,20.8,15.1,,11.2,10.8,36.5,2023,3,High
51029,11.6,25.9,15.4,38.3,60.9,6.3,11.3,,6.5,77.2,83.2,61.3,7.7,,,18.5,56.4,23.7,13.6,23.7,34.9,,29.2,76.2,19.6,43.1,15.1,41.6,3.9,23.8,VA,Buckingham,16978,51029,Buckingham County,Virginia,0.6758,0.6974,0.2437,0.7725,0.7614,16869.0,2025,2022,18.4,36.5,6.6,10.2,16.2,4.6,6.1,26.0,20.5,18.5,16.6,,11.0,11.2,37.6,2023,3,High
51031,9.1,25.1,16.4,33.5,59.3,7.0,11.2,,5.8,77.3,84.7,61.7,6.8,,,15.8,62.2,24.4,11.3,19.1,34.0,,25.2,73.5,18.9,35.6,13.6,36.2,3.2,13.8,VA,Campbell,55270,51031,Campbell County,Virginia,0.4152,0.3567,0.4458,0.5581,0.4365,55518.0,2025,2022,16.5,31.7,6.4,8.9,13.5,3.7,4.9,21.5,14.8,13.2,12.4,,8.5,8.4,33.7,2023,2,Moderate
51033,10.5,25.0,15.8,35.4,59.7,6.4,11.1,,5.6,77.2,85.0,62.3,6.4,,,15.1,64.1,23.5,12.0,20.0,33.9,,26.8,77.6,18.4,41.3,13.5,39.1,3.3,16.4,VA,Caroline,32640,51033,Caroline County,Virginia,0.399,0.3064,0.4209,0.7537,0.3901,31181.0,2025,2022,16.5,31.8,5.9,8.8,13.8,3.7,5.1,24.3,16.4,13.9,13.9,,9.1,9.0,36.4,2023,2,Moderate
51035,10.9,27.0,16.4,34.1,58.0,7.4,11.3,,6.6,75.8,82.5,58.8,8.3,,,18.6,58.6,28.1,11.5,21.8,35.1,,27.7,73.9,20.6,41.3,15.5,40.2,3.4,15.2,VA,Carroll,29239,51035,Carroll County,Virginia,0.2797,0.5861,0.3016,0.1225,0.1114,29126.0,2025,2022,18.9,34.9,7.4,10.1,15.0,4.1,5.4,21.9,16.2,15.0,12.8,,9.1,8.6,35.5,2023,2,Moderate
51036,10.5,26.3,14.7,37.7,61.5,5.9,12.0,,6.0,78.4,84.7,60.1,6.9,,,17.1,60.1,23.2,13.7,22.5,33.0,,28.8,76.2,19.5,41.6,14.6,41.2,3.8,17.3,VA,Charles City,6610,51036,Charles City County,Virginia,0.2685,0.3945,0.1934,0.8988,0.09,6760.0,2025,2022,17.9,35.6,6.1,10.1,15.9,4.4,6.0,26.8,20.6,18.3,17.2,,11.2,11.6,37.8,2023,3,High
51037,12.0,27.8,14.6,37.4,60.8,6.6,12.1,,6.9,77.7,82.5,59.0,8.9,,,19.8,56.2,25.8,14.0,25.6,34.3,,31.0,73.2,21.0,42.5,16.4,42.2,4.1,19.8,VA,Charlotte,11336,51037,Charlotte County,Virginia,0.7436,0.6172,0.86,0.6885,0.6344,11563.0,2025,2022,20.0,38.1,7.2,11.8,17.5,5.3,7.0,24.8,22.7,22.5,17.5,,12.2,12.5,36.2,2023,3,High
51041,8.6,24.1,14.8,33.4,59.9,6.6,10.6,,4.9,77.8,87.3,63.7,4.9,,,11.4,70.5,21.8,10.8,16.1,34.8,,21.9,81.7,16.9,36.1,11.8,34.5,2.7,9.9,VA,Chesterfield,383876,51041,Chesterfield County,Virginia,0.2943,0.2421,0.6452,0.7929,0.111,366019.0,2025,2022,13.8,27.1,5.3,7.0,11.2,2.9,4.0,22.7,12.4,9.8,11.5,,7.3,7.4,33.9,2023,2,Moderate
51043,8.1,23.0,17.7,29.5,56.8,7.4,10.2,,4.9,76.6,86.2,63.6,5.2,,,11.9,69.0,25.1,9.1,15.2,33.5,,21.0,78.2,16.9,32.6,11.8,36.5,2.5,7.3,VA,Clarke,15466,51043,Clarke County,Virginia,0.0598,0.0926,0.098,0.4445,0.0916,14882.0,2025,2022,14.0,27.8,5.7,6.8,10.7,2.6,3.6,20.4,9.9,7.4,9.0,,6.1,5.6,33.3,2023,0,Low
51045,9.1,25.6,17.4,32.0,57.2,7.5,10.9,,5.8,75.5,83.7,61.6,7.0,,,16.1,61.4,26.5,10.2,18.8,33.5,,24.0,75.4,19.3,36.2,14.0,37.9,3.0,20.6,VA,Craig,4843,51045,Craig County,Virginia,0.0589,0.0538,0.1059,0.0627,0.2864,4898.0,2025,2022,17.1,32.4,6.8,8.7,12.9,3.3,4.4,21.2,12.6,10.6,10.4,,7.4,6.7,34.2,2023,0,Low
51047,11.0,24.2,16.6,33.3,58.2,6.8,10.7,,5.4,76.5,85.3,59.5,5.9,,,13.8,63.6,23.3,10.9,18.6,34.2,,24.9,75.0,17.8,38.2,13.0,38.6,3.0,11.6,VA,Culpeper,54973,51047,Culpeper County,Virginia,0.4327,0.357,0.5511,0.6923,0.3401,52822.0,2025,2022,15.8,30.1,6.1,8.0,12.5,3.3,4.6,22.6,14.1,11.2,12.4,,8.0,7.6,34.4,2023,2,Moderate
51049,9.8,25.4,15.3,35.6,60.6,6.5,11.6,,5.9,77.1,84.7,60.4,6.8,,,15.9,63.1,24.5,12.1,20.7,32.9,,26.3,78.6,19.3,39.4,14.0,39.4,3.5,16.3,VA,Cumberland,9878,51049,Cumberland County,Virginia,0.4426,0.3532,0.5196,0.7391,0.371,9697.0,2025,2022,17.3,33.2,6.1,9.3,14.4,4.0,5.3,24.1,17.2,15.4,14.5,,9.5,9.7,35.5,2023,2,Moderate
51051,11.7,28.7,16.2,36.1,59.1,7.3,11.6,,7.3,75.3,80.9,57.3,9.8,,,21.3,57.5,28.5,12.6,24.9,34.4,,31.2,68.0,21.9,39.0,17.1,39.2,3.8,17.2,VA,Dickenson,13640,51051,Dickenson County,Virginia,0.4629,0.5717,0.3058,0.0032,0.644,14089.0,2025,2022,20.9,38.7,8.3,11.7,16.9,4.8,6.3,22.9,18.9,18.6,13.9,,10.3,9.8,36.4,2023,2,Moderate
51053,9.3,25.0,15.9,35.2,59.7,6.5,11.3,,5.4,78.0,85.5,62.1,6.1,,,14.7,61.0,23.8,11.8,19.2,33.1,,26.3,74.4,18.8,40.1,13.2,39.7,3.3,15.9,VA,Dinwiddie,28343,51053,Dinwiddie County,Virginia,0.3261,0.3656,0.1495,0.7502,0.3229,28057.0,2025,2022,16.1,31.4,5.7,8.5,13.4,3.6,4.8,24.3,15.6,13.1,13.8,,8.8,8.9,37.6,2023,2,Moderate
51057,11.2,26.4,14.4,37.8,61.6,6.3,12.0,,6.2,78.6,84.3,58.9,7.4,,,17.4,55.6,24.5,13.5,23.3,34.1,,28.9,74.8,20.1,42.5,15.0,42.3,3.8,20.2,VA,Essex,10598,51057,Essex County,Virginia,0.8272,0.9593,0.6048,0.8438,0.4311,10602.0,2025,2022,18.3,35.2,6.3,10.4,16.0,4.6,6.2,25.6,21.4,19.7,17.5,,11.4,12.0,37.1,2023,3,High
51059,7.6,19.3,14.8,27.2,57.6,6.3,9.1,,4.4,76.5,88.4,63.1,3.7,,,8.0,74.1,18.8,9.5,13.3,34.1,,18.9,81.4,12.7,23.8,9.8,34.6,2.3,7.4,VA,Fairfax,1141878,51059,Fairfax County,Virginia,0.2412,0.112,0.2574,0.8775,0.3621,1145354.0,2025,2022,11.0,22.2,4.8,5.3,8.8,2.2,3.4,21.7,9.4,6.1,8.3,,5.5,5.0,33.3,2023,0,Low
51061,8.7,23.2,17.8,29.4,57.2,7.1,10.1,,4.9,76.8,86.5,67.4,5.0,,,11.5,71.2,23.1,9.5,15.5,33.6,,20.1,79.5,16.5,32.4,11.6,32.4,2.5,12.4,VA,Fauquier,75165,51061,Fauquier County,Virginia,0.0732,0.0764,0.3802,0.5654,0.0286,73290.0,2025,2022,13.9,27.6,5.7,6.8,10.7,2.7,3.7,20.0,10.4,7.8,9.5,,6.3,5.9,32.6,2023,0,Low
51063,8.6,25.2,17.3,31.2,57.3,7.4,10.7,,5.7,75.7,84.3,62.8,6.6,,,15.5,66.8,25.7,9.9,17.6,33.4,,23.9,73.1,18.7,32.5,13.4,35.4,2.9,15.2,VA,Floyd,15679,51063,Floyd County,Virginia,0.0929,0.1546,0.0955,0.1696,0.1941,15532.0,2025,2022,16.3,30.4,6.5,8.3,12.4,3.2,4.2,20.4,12.0,10.3,10.2,,7.2,6.7,33.8,2023,0,Low
51065,7.7,24.5,16.4,31.5,59.0,7.2,11.1,,5.1,78.0,86.6,64.8,5.5,,,12.6,65.9,24.8,9.9,16.2,32.8,,21.4,75.6,17.6,38.8,12.3,37.7,2.8,6.7,VA,Fluvanna,28462,51065,Fluvanna County,Virginia,0.0582,0.0821,0.027,0.5915,0.1658,27442.0,2025,2022,14.6,28.5,5.7,7.4,11.5,2.9,3.9,20.7,11.8,9.7,10.6,,7.1,7.0,33.4,2023,0,Low
51067,9.4,25.5,17.2,32.9,59.1,7.3,11.3,,5.9,76.5,84.4,60.5,6.9,,,15.7,67.7,26.0,11.0,19.0,34.9,,25.1,73.8,19.0,34.9,13.8,36.3,3.1,11.4,VA,Franklin,55549,51067,Franklin County,Virginia,0.321,0.2275,0.1909,0.3847,0.7028,54838.0,2025,2022,16.7,31.8,6.7,8.8,13.2,3.5,4.7,20.9,13.9,12.3,11.7,,8.2,7.8,33.2,2023,2,Moderate
51069,9.9,22.4,16.9,30.3,57.1,7.2,10.4,,5.2,76.5,85.5,63.7,5.7,,,13.0,66.0,23.3,9.6,16.7,32.6,,22.9,78.7,17.4,37.3,12.4,36.1,2.7,7.4,VA,Frederick,95994,51069,Frederick County,Virginia,0.2545,0.2179,0.4715,0.5183,0.2135,92007.0,2025,2022,15.1,28.0,6.0,7.4,11.4,2.9,4.1,21.7,12.0,9.1,10.5,,7.0,6.4,33.6,2023,0,Low
51071,9.1,25.7,17.3,33.0,57.8,7.3,11.0,,5.8,75.3,83.8,59.3,7.1,,,16.4,63.4,26.6,10.6,18.9,34.1,,24.9,76.2,19.5,36.0,13.9,36.7,3.1,14.6,VA,Giles,16457,51071,Giles County,Virginia,0.1037,0.1273,0.099,0.0821,0.3334,16711.0,2025,2022,17.1,32.6,6.7,8.8,13.3,3.4,4.5,21.7,13.2,11.4,10.8,,7.7,7.1,35.6,2023,0,Low
51073,8.3,24.7,16.9,31.9,57.9,7.2,10.8,,5.2,76.8,85.6,60.3,5.8,,,13.6,67.9,25.6,9.9,16.4,32.7,,22.1,75.3,18.0,35.4,12.8,32.6,2.8,7.0,VA,Gloucester,40057,51073,Gloucester County,Virginia,0.0344,0.133,0.0732,0.4683,0.0089,38875.0,2025,2022,15.3,29.5,6.0,7.6,11.8,3.0,3.9,20.8,11.2,9.1,10.1,,6.8,6.4,33.4,2023,0,Low
51075,6.7,22.3,18.1,30.0,58.0,7.2,10.2,,4.5,77.2,87.5,67.5,4.5,,,10.5,73.6,22.8,8.7,13.7,31.9,,18.9,80.7,15.9,32.8,10.6,36.1,2.4,7.8,VA,Goochland,27197,51075,Goochland County,Virginia,0.0592,0.0041,0.0449,0.5667,0.4009,24906.0,2025,2022,12.6,25.2,5.1,6.1,9.6,2.3,3.2,19.7,8.8,6.7,8.5,,5.6,5.4,33.4,2023,0,Low
51077,12.4,27.9,15.8,36.8,60.1,7.2,11.4,,7.2,75.8,81.5,57.4,9.2,,,20.5,55.6,26.6,13.1,24.9,35.2,,31.3,72.4,20.7,41.2,16.5,39.7,3.8,23.2,VA,Grayson,15285,51077,Grayson County,Virginia,0.5851,0.6414,0.6755,0.3446,0.4648,15356.0,2025,2022,20.1,38.1,7.9,11.3,16.7,4.8,6.4,23.5,20.4,19.5,15.2,,11.0,10.7,36.6,2023,3,High
51079,9.5,24.8,17.0,32.4,58.3,7.2,10.8,,5.5,76.3,85.0,63.0,6.3,,,14.3,65.7,24.8,10.4,18.2,33.2,,24.5,76.4,18.1,37.5,13.2,35.8,2.9,9.2,VA,Greene,21301,51079,Greene County,Virginia,0.2199,0.1683,0.6096,0.5269,0.1365,20631.0,2025,2022,16.0,30.6,6.3,8.2,12.6,3.3,4.4,21.5,13.3,10.9,11.3,,7.7,7.2,34.3,2023,2,Moderate
51081,13.2,25.5,14.4,42.2,62.3,5.5,11.1,,6.8,78.3,83.1,58.1,7.7,,,19.0,54.7,19.6,15.6,26.2,33.9,,30.9,76.8,18.9,44.9,15.1,43.1,4.4,18.8,VA,Greensville,11133,51081,Greensville County,Virginia,0.8979,0.8883,0.3016,0.9405,0.9847,11373.0,2025,2022,18.4,37.1,6.2,10.7,17.4,5.4,7.2,30.0,25.7,23.3,20.5,,13.5,14.3,37.7,2023,1,Critical
51083,11.9,26.8,14.0,38.7,61.6,6.3,12.0,,6.7,76.8,83.1,59.7,8.5,,,19.5,58.8,24.4,14.3,24.9,34.5,,30.9,75.0,20.6,40.6,16.0,39.6,4.2,19.3,VA,Halifax,33432,51083,Halifax County,Virginia,0.7684,0.6977,0.8365,0.7859,0.5749,34013.0,2025,2022,19.5,36.6,6.6,11.6,17.4,5.3,7.0,25.0,23.3,23.0,18.1,,12.4,12.9,37.5,2023,3,High
51085,7.1,22.2,17.1,29.8,57.4,7.2,10.1,,4.8,76.4,86.5,66.1,5.0,,,11.9,69.5,22.9,9.3,14.4,34.0,,20.1,78.6,16.4,32.7,11.3,35.1,2.5,8.8,VA,Hanover,114148,51085,Hanover County,Virginia,0.0274,0.0185,0.0735,0.4932,0.0837,110513.0,2025,2022,13.5,27.1,5.5,6.6,10.4,2.6,3.5,19.8,9.6,7.4,8.8,,5.9,5.6,32.5,2023,0,Low
51087,8.0,22.8,14.4,33.3,60.5,6.4,10.6,,4.9,78.8,87.2,65.3,5.0,,,11.4,69.0,21.3,10.8,16.6,31.3,,20.6,76.8,16.2,32.5,11.4,37.0,2.9,10.0,VA,Henrico,334760,51087,Henrico County,Virginia,0.3414,0.266,0.4677,0.8661,0.2183,333120.0,2025,2022,13.6,28.4,5.2,7.2,11.5,3.0,4.2,22.5,13.0,10.4,11.9,,7.6,7.6,34.8,2023,2,Moderate
51089,12.1,27.6,14.9,37.5,60.9,6.7,11.9,,6.6,77.5,83.0,57.6,8.4,,,18.7,54.0,25.7,13.4,24.5,33.8,,30.4,75.6,20.6,42.2,16.0,41.0,3.9,17.6,VA,Henry,49702,51089,Henry County,Virginia,0.7757,0.7553,0.7614,0.6828,0.6494,50760.0,2025,2022,19.3,36.7,6.9,11.0,16.5,4.9,6.5,24.5,21.2,19.8,16.6,,11.3,11.5,36.1,2023,3,High
51091,8.1,24.3,17.9,30.2,57.1,7.5,10.6,,5.3,76.3,85.0,59.1,6.0,,,14.1,68.3,25.4,9.4,16.4,33.1,,21.8,76.7,18.1,33.4,12.5,33.7,2.7,9.7,VA,Highland,2339,51091,Highland County,Virginia,0.1352,0.3901,0.1368,0.0821,0.0751,2247.0,2025,2022,15.4,29.2,6.2,7.6,11.3,2.8,3.8,20.2,11.0,8.9,9.3,,6.5,5.9,33.8,2023,0,Low
51093,8.3,24.7,16.0,32.9,59.2,6.8,10.9,,5.2,77.9,86.1,62.7,5.7,,,13.3,67.5,23.6,10.8,17.3,32.3,,22.4,77.5,17.7,36.1,12.4,37.2,2.9,11.3,VA,Isle of Wight,40711,51093,Isle of Wight County,Virginia,0.2243,0.2733,0.2784,0.6726,0.1279,38898.0,2025,2022,15.1,29.8,5.6,7.7,12.3,3.2,4.2,21.8,12.9,10.7,11.6,,7.6,7.5,33.9,2023,2,Moderate
51095,7.1,22.5,16.9,30.0,57.6,7.2,10.5,,4.6,78.4,87.6,66.5,4.6,,,10.3,73.0,23.4,9.1,14.3,33.5,,19.0,78.9,16.1,32.5,10.9,30.9,2.4,7.3,VA,James City,82654,51095,James City County,Virginia,0.1763,0.078,0.5781,0.6249,0.1499,78818.0,2025,2022,12.7,25.9,5.2,6.3,10.0,2.5,3.4,20.4,9.7,7.2,9.2,,6.0,5.8,33.4,2023,0,Low
51097,10.3,26.4,15.5,36.7,60.2,6.7,11.5,,6.2,77.4,84.1,62.4,7.3,,,16.8,59.0,24.5,12.6,21.6,33.9,,27.4,74.9,19.5,40.3,14.6,40.6,3.6,16.7,VA,King and Queen,6720,51097,King and Queen County,Virginia,0.1973,0.6382,0.0239,0.7136,0.0277,6681.0,2025,2022,17.6,34.5,6.5,9.7,15.1,4.2,5.6,23.9,18.0,16.2,14.7,,9.9,10.1,36.4,2023,2,Moderate
51099,8.6,23.8,16.6,31.5,58.3,6.9,10.7,,5.2,77.1,86.0,62.4,5.5,,,12.9,68.0,23.5,10.3,16.8,33.4,,22.5,77.5,17.3,35.5,12.2,34.9,2.8,10.2,VA,King George,28568,51099,King George County,Virginia,0.0528,0.09,0.1397,0.6647,0.0239,26985.0,2025,2022,14.8,29.2,5.8,7.4,11.6,3.0,4.1,21.9,12.2,9.8,10.9,,7.2,6.9,34.2,2023,0,Low
51101,8.2,24.6,17.3,32.5,58.2,6.9,10.9,,5.3,76.6,85.5,60.3,5.7,,,13.7,65.0,24.7,10.3,17.2,32.8,,22.8,74.5,18.2,34.3,12.7,38.0,2.9,12.7,VA,King William,19030,51101,King William County,Virginia,0.0334,0.1082,0.1874,0.5727,0.0022,17845.0,2025,2022,15.3,30.0,5.8,7.8,12.1,3.1,4.1,21.8,12.2,9.9,10.8,,7.2,7.0,35.9,2023,0,Low
51103,9.4,25.9,15.2,35.5,61.3,6.8,11.4,,5.8,77.5,85.4,61.8,6.6,,,14.9,63.4,23.9,11.6,19.9,33.9,,25.2,75.0,18.3,36.5,13.5,38.7,3.3,11.4,VA,Lancaster,10859,51103,Lancaster County,Virginia,0.5075,0.7331,0.3907,0.7089,0.1565,10866.0,2025,2022,16.2,31.4,6.0,9.0,13.8,3.9,5.1,23.1,17.0,15.2,14.1,,9.4,9.6,34.6,2023,2,Moderate
51105,12.6,28.7,15.5,37.8,60.2,7.3,11.6,,7.5,75.9,80.8,56.1,10.1,,,21.7,56.5,27.2,13.6,25.9,35.5,,31.8,72.1,21.4,42.2,17.5,39.5,4.0,25.1,VA,Lee,21745,51105,Lee County,Virginia,0.8788,0.9217,0.908,0.2062,0.8374,22287.0,2025,2022,20.9,39.9,8.4,12.1,18.2,5.2,6.9,22.8,20.9,21.0,15.6,,11.4,11.3,35.1,2023,3,High
51107,7.1,19.9,14.4,28.6,58.3,6.4,8.9,,4.2,78.3,88.6,64.0,3.6,,,8.0,74.5,18.7,8.9,13.1,33.8,,18.7,79.2,13.3,27.3,9.6,30.1,2.1,7.5,VA,Loudoun,436347,51107,Loudoun County,Virginia,0.1059,0.0197,0.3322,0.8524,0.1374,420773.0,2025,2022,10.8,22.7,4.8,5.1,8.5,2.1,3.1,19.7,8.5,5.2,7.4,,5.1,4.4,33.0,2023,0,Low
51109,9.2,24.9,16.7,33.3,58.4,7.0,11.0,,5.6,76.8,84.9,59.5,6.4,,,14.9,66.9,24.4,10.9,18.5,34.0,,23.7,75.0,18.4,36.1,13.4,37.4,3.1,14.1,VA,Louisa,41037,51109,Louisa County,Virginia,0.2542,0.5049,0.1406,0.5829,0.0885,38106.0,2025,2022,16.1,31.8,6.2,8.4,12.9,3.4,4.6,21.6,13.9,11.9,11.9,,8.1,7.8,35.3,2023,2,Moderate
51111,13.2,26.6,15.1,38.8,61.4,6.3,11.6,,6.9,77.0,82.5,58.4,8.4,,,19.3,57.2,24.2,14.7,25.5,34.3,,31.3,72.2,20.0,45.8,16.1,41.5,4.2,17.7,VA,Lunenburg,12038,51111,Lunenburg County,Virginia,0.9243,0.7661,0.9561,0.7983,0.93,11988.0,2025,2022,19.5,36.5,6.9,11.2,17.2,5.2,6.8,26.3,22.9,21.2,18.2,,12.2,12.5,36.1,2023,3,High
51113,9.1,24.6,17.0,31.9,58.0,7.2,11.0,,5.4,76.4,84.9,61.9,6.3,,,14.6,66.0,25.2,10.2,17.9,33.5,,23.6,76.4,18.5,37.7,13.1,35.4,2.9,11.2,VA,Madison,14128,51113,Madison County,Virginia,0.1594,0.3398,0.077,0.4518,0.125,13828.0,2025,2022,16.1,30.4,6.2,8.2,12.4,3.2,4.3,21.6,12.7,10.5,10.8,,7.4,6.9,34.6,2023,0,Low
51115,8.3,24.5,17.0,31.5,58.0,7.3,10.9,,5.4,76.9,85.2,62.7,6.1,,,14.1,70.0,26.1,10.1,17.3,33.5,,22.8,76.8,18.3,35.3,13.0,34.1,2.9,8.0,VA,Mathews,8514,51115,Mathews County,Virginia,0.1002,0.2205,0.307,0.4416,0.0127,8537.0,2025,2022,15.6,30.8,6.2,7.9,12.2,3.1,4.1,21.1,12.0,10.0,10.3,,7.1,6.7,34.2,2023,0,Low
51117,10.9,26.8,14.4,37.7,61.3,6.5,11.7,,6.3,78.0,84.0,59.6,7.6,,,17.2,59.9,24.7,13.6,22.7,33.9,,28.6,73.1,19.4,41.5,14.9,41.8,3.8,18.4,VA,Mecklenburg,30648,51117,Mecklenburg County,Virginia,0.7308,0.5581,0.8088,0.7798,0.6812,30367.0,2025,2022,18.0,34.1,6.5,10.3,15.7,4.6,6.1,24.8,20.0,19.0,16.5,,11.1,11.5,36.2,2023,3,High
51119,8.6,25.5,16.4,32.6,58.7,7.1,11.1,,5.6,77.9,85.4,66.2,6.3,,,14.3,66.5,25.0,10.8,18.2,33.3,,23.6,82.7,18.1,38.3,13.1,40.9,3.1,12.7,VA,Middlesex,10924,51119,Middlesex County,Virginia,0.3042,0.3089,0.3115,0.5644,0.3026,10738.0,2025,2022,16.0,31.4,6.2,8.3,12.7,3.4,4.5,21.0,13.4,11.6,11.6,,7.9,7.8,33.2,2023,2,Moderate
51121,8.0,24.5,16.4,33.1,58.7,7.5,10.5,,5.9,76.6,84.8,62.9,6.6,,,14.2,64.4,24.9,11.0,17.7,34.8,,23.1,77.4,17.7,31.4,13.1,33.9,3.0,16.9,VA,Montgomery,98666,51121,Montgomery County,Virginia,0.2873,0.3621,0.0029,0.4779,0.9017,99373.0,2025,2022,15.4,29.2,6.6,8.1,12.5,3.4,4.5,19.5,12.6,11.4,10.4,,7.6,7.4,33.1,2023,0,Low
51125,9.1,24.9,16.3,32.7,58.3,7.2,10.9,,5.6,76.9,85.0,60.8,6.4,,,14.4,66.4,25.1,10.7,18.2,33.4,,24.4,72.1,18.2,35.2,13.1,35.7,3.0,12.5,VA,Nelson,14705,51125,Nelson County,Virginia,0.2536,0.3672,0.1699,0.5202,0.2033,14773.0,2025,2022,16.0,31.5,6.3,8.3,12.9,3.4,4.6,20.8,13.6,11.7,11.4,,7.9,7.5,33.8,2023,2,Moderate
51127,7.5,23.3,17.2,31.2,58.0,7.1,10.6,,5.0,76.9,86.5,66.6,5.1,,,12.1,73.0,23.2,9.9,15.4,32.6,,20.5,81.0,16.9,34.4,11.6,36.2,2.7,9.1,VA,New Kent,26134,51127,New Kent County,Virginia,0.0025,0.0115,0.0111,0.574,0.0111,23296.0,2025,2022,13.9,26.8,5.6,6.9,10.7,2.8,3.7,21.7,10.7,8.4,9.8,,6.6,6.3,34.7,2023,0,Low
51131,11.1,24.8,14.8,36.3,61.4,6.5,11.4,,6.0,78.0,85.0,60.9,6.9,,,15.3,61.6,23.0,12.9,21.7,34.3,,28.2,76.4,18.6,40.1,14.2,36.8,3.5,14.4,VA,Northampton,12021,51131,Northampton County,Virginia,0.79,0.6857,0.6977,0.8272,0.7782,12132.0,2025,2022,16.9,33.5,6.2,9.6,15.1,4.3,5.9,24.2,19.2,17.5,15.8,,10.5,10.8,35.0,2023,3,High
51133,8.8,24.0,16.1,33.4,59.5,6.8,11.1,,5.3,78.1,86.2,64.4,5.8,,,13.2,64.2,23.0,10.8,17.9,32.4,,22.8,79.5,17.5,37.2,12.5,35.0,3.0,11.5,VA,Northumberland,12391,51133,Northumberland County,Virginia,0.1922,0.3805,0.0757,0.6901,0.0935,12007.0,2025,2022,15.2,30.2,5.8,7.9,12.4,3.3,4.4,22.6,14.0,11.7,12.6,,8.0,8.2,35.0,2023,2,Moderate
51135,12.0,26.4,14.9,39.4,61.5,6.2,11.4,,6.5,78.0,83.5,59.0,7.7,,,18.2,54.7,22.7,14.5,24.4,35.0,,29.7,76.9,19.3,43.4,15.1,40.1,4.0,20.4,VA,Nottoway,15566,51135,Nottoway County,Virginia,0.8425,0.9303,0.5151,0.8438,0.6592,15638.0,2025,2022,18.3,36.2,6.5,10.4,16.4,4.8,6.5,26.4,21.7,20.4,17.7,,11.8,12.3,36.4,2023,3,High
51137,9.2,24.6,16.1,32.5,58.7,7.0,10.8,,5.3,77.7,85.5,59.9,6.0,,,13.9,64.4,24.7,10.2,17.4,33.5,,23.3,73.6,18.2,36.9,12.8,39.2,2.9,10.8,VA,Orange,38574,51137,Orange County,Virginia,0.2593,0.2459,0.2434,0.5797,0.3172,36593.0,2025,2022,15.6,30.7,6.0,7.9,12.2,3.2,4.3,21.5,12.9,10.6,11.3,,7.5,7.2,35.2,2023,2,Moderate
51139,10.2,26.0,17.0,32.8,57.6,7.2,11.1,,6.0,75.3,83.1,61.5,7.5,,,17.5,63.3,26.9,10.7,20.1,34.7,,26.9,72.9,20.0,34.4,14.6,36.9,3.2,16.4,VA,Page,23741,51139,Page County,Virginia,0.363,0.6602,0.3831,0.1753,0.1359,23753.0,2025,2022,18.1,34.1,7.0,9.3,13.8,3.6,4.8,22.4,14.3,12.3,11.5,,8.1,7.4,35.8,2023,2,Moderate
51141,10.8,26.9,16.5,33.2,58.6,7.2,11.2,,6.5,75.1,82.7,59.6,8.0,,,17.9,61.9,26.2,11.4,21.5,33.3,,27.1,76.1,20.3,39.8,15.2,38.1,3.4,17.6,VA,Patrick,17509,51141,Patrick County,Virginia,0.2558,0.2768,0.3557,0.3058,0.2956,17660.0,2025,2022,18.5,34.3,7.2,10.0,14.8,4.1,5.4,22.3,16.0,14.6,12.8,,9.1,8.6,35.3,2023,2,Moderate
51143,11.0,26.9,15.6,37.6,60.2,6.8,11.4,,6.5,77.3,82.9,59.8,8.2,,,18.8,56.1,24.8,13.0,23.2,35.2,,30.6,79.6,19.9,41.6,15.5,37.4,3.7,24.0,VA,Pittsylvania,59571,51143,Pittsylvania County,Virginia,0.7054,0.6777,0.7973,0.6233,0.5126,60541.0,2025,2022,18.5,36.3,6.9,10.5,16.2,4.5,6.0,23.9,19.6,18.1,15.3,,10.6,10.6,36.0,2023,3,High
51145,7.7,23.8,18.2,31.3,57.5,7.3,10.5,,5.1,76.8,86.0,62.4,5.4,,,12.6,72.3,23.6,9.4,15.6,33.7,,20.9,80.9,17.5,35.5,12.0,31.2,2.6,9.6,VA,Powhatan,32105,51145,Powhatan County,Virginia,0.0022,0.0226,0.008,0.4248,0.0181,30503.0,2025,2022,14.3,28.3,5.8,7.0,10.8,2.7,3.6,21.0,10.1,7.9,9.1,,6.2,5.8,33.4,2023,0,Low
51147,10.9,27.3,14.8,38.4,62.3,6.4,11.7,,6.5,77.7,83.8,60.6,7.8,,,17.4,58.0,25.0,14.3,23.5,34.6,,29.3,76.4,20.0,41.3,15.2,41.6,4.0,15.7,VA,Prince Edward,22049,51147,Prince Edward County,Virginia,0.6106,0.5313,0.1801,0.776,0.8552,21922.0,2025,2022,18.5,36.1,6.5,10.6,16.3,4.9,6.4,24.9,21.0,20.4,17.3,,11.5,12.5,36.1,2023,3,High
51149,10.7,24.7,15.8,36.1,59.9,6.4,10.7,,5.8,77.4,85.1,64.9,6.2,,,14.7,59.6,21.8,12.3,20.0,32.4,,25.8,75.3,17.9,39.7,13.2,42.0,3.4,13.0,VA,Prince George,42871,51149,Prince George County,Virginia,0.3805,0.4582,0.0681,0.8549,0.4158,42634.0,2025,2022,15.9,31.8,6.0,8.4,13.6,3.8,5.1,24.4,16.6,13.9,14.6,,9.4,9.6,35.4,2023,2,Moderate
51153,10.7,21.0,15.3,31.9,59.7,6.1,9.7,,4.7,78.9,87.5,63.2,4.5,,,10.9,68.9,20.1,10.8,16.4,34.0,,23.0,78.3,15.1,33.7,11.4,38.1,2.7,10.0,VA,Prince William,489640,51153,Prince William County,Virginia,0.4117,0.3213,0.5813,0.9195,0.2144,481114.0,2025,2022,13.0,28.3,5.3,6.7,11.6,2.9,4.3,22.3,13.2,9.3,11.8,,7.3,7.1,34.1,2023,2,Moderate
51155,9.0,26.0,16.6,32.4,58.2,7.4,11.0,,6.0,76.4,83.9,61.4,7.1,,,16.2,63.3,25.6,10.8,18.7,34.9,,25.8,76.8,19.4,35.5,13.9,37.6,3.1,14.9,VA,Pulaski,33655,51155,Pulaski County,Virginia,0.2011,0.2304,0.1658,0.2854,0.3465,33841.0,2025,2022,17.0,32.6,6.7,8.8,13.5,3.5,4.7,21.4,13.8,12.1,11.3,,7.9,7.6,34.4,2023,2,Moderate
51157,8.6,24.8,17.2,31.8,57.6,7.4,10.6,,5.6,76.2,84.9,61.3,6.3,,,14.2,63.1,25.3,10.1,17.4,33.6,,22.5,73.2,17.9,35.2,13.0,37.7,2.9,10.4,VA,Rappahannock,7414,51157,Rappahannock County,Virginia,0.0573,0.4515,0.076,0.3824,0.0,7422.0,2025,2022,15.5,29.8,6.4,7.9,12.1,3.2,4.3,20.2,12.0,10.1,10.1,,7.1,6.7,33.8,2023,0,Low
51159,12.8,24.5,16.2,37.7,59.1,6.5,11.0,,6.2,76.1,83.3,59.3,7.3,,,17.8,53.1,22.7,12.7,23.0,33.7,,28.3,75.2,18.8,37.4,14.5,39.8,3.6,19.7,VA,Richmond,9184,51159,Richmond County,Virginia,0.5485,0.4566,0.2663,0.776,0.7289,8968.0,2025,2022,17.8,35.8,6.6,9.6,15.3,4.3,5.8,26.9,19.4,16.5,15.8,,10.5,10.3,37.2,2023,3,High
51161,7.5,23.6,16.2,30.4,58.3,7.3,10.5,,5.1,77.7,86.2,62.7,5.4,,,12.3,69.5,26.0,9.5,15.2,32.4,,21.1,75.6,17.4,34.4,12.1,32.4,2.6,11.3,VA,Roanoke,97026,51161,Roanoke County,Virginia,0.1333,0.0681,0.3134,0.4537,0.2339,96653.0,2025,2022,14.3,26.5,5.7,7.1,10.8,2.8,3.7,20.9,10.7,8.6,9.6,,6.4,6.1,33.7,2023,0,Low
51163,8.3,25.6,17.1,32.0,57.5,7.5,10.7,,5.7,75.9,84.7,61.1,6.5,,,14.6,63.4,25.6,10.1,17.7,34.0,,23.4,77.0,18.5,34.3,13.4,35.8,2.9,8.2,VA,Rockbridge,22358,51163,Rockbridge County,Virginia,0.125,0.1753,0.1947,0.265,0.153,22673.0,2025,2022,15.9,30.6,6.5,8.1,12.3,3.2,4.2,20.3,11.9,10.3,10.1,,7.2,6.7,33.8,2023,0,Low
51165,10.2,24.6,16.6,31.7,57.8,7.3,10.7,,5.6,76.1,84.4,60.0,6.4,,,14.5,67.0,25.1,10.1,18.3,34.0,,24.6,72.7,18.4,33.5,13.4,33.2,2.9,15.4,VA,Rockingham,86568,51165,Rockingham County,Virginia,0.2526,0.2339,0.2733,0.3888,0.3808,83905.0,2025,2022,16.2,31.9,6.4,8.3,12.8,3.2,4.4,20.9,12.8,10.5,10.8,,7.4,6.8,35.1,2023,0,Low
51167,10.7,27.6,16.1,35.1,58.4,7.4,11.6,,6.7,75.1,82.0,58.1,8.9,,,19.5,56.6,28.3,11.8,22.9,35.0,,28.8,68.5,21.0,39.3,16.2,38.9,3.5,22.4,VA,Russell,25477,51167,Russell County,Virginia,0.3468,0.6023,0.2339,0.0169,0.3242,25763.0,2025,2022,19.6,37.7,7.6,10.7,15.8,4.3,5.6,21.7,17.3,16.2,12.8,,9.4,8.9,36.0,2023,2,Moderate
51169,10.8,27.9,16.2,35.2,58.7,7.4,11.5,,6.8,75.9,81.8,54.9,8.9,,,19.4,59.6,28.9,12.1,22.8,35.3,,28.7,71.7,21.0,38.3,15.9,38.3,3.6,13.3,VA,Scott,21433,51169,Scott County,Virginia,0.4712,0.4865,0.301,0.0169,0.7827,21536.0,2025,2022,19.7,36.9,7.7,10.7,15.8,4.4,5.7,21.3,16.8,16.2,12.8,,9.5,8.9,34.9,2023,2,Moderate
51171,11.1,25.3,16.4,32.1,57.8,7.2,11.0,,6.0,76.0,83.6,58.0,7.2,,,16.4,63.2,25.1,11.0,20.3,32.9,,26.9,73.0,19.3,36.3,14.2,38.1,3.2,11.7,VA,Shenandoah,45228,51171,Shenandoah County,Virginia,0.4298,0.469,0.7992,0.4146,0.1476,44337.0,2025,2022,17.6,33.3,6.9,9.1,13.7,3.7,5.1,21.5,15.0,13.0,12.4,,8.5,8.0,34.0,2023,2,Moderate
51173,10.5,26.8,16.3,34.0,59.0,7.3,11.5,,6.7,75.9,82.3,57.1,8.7,,,18.8,54.8,27.7,11.8,22.7,34.0,,28.4,74.8,20.8,38.0,15.9,39.6,3.5,19.9,VA,Smyth,29216,51173,Smyth County,Virginia,0.6841,0.5542,0.8931,0.1152,0.7671,29799.0,2025,2022,19.1,35.1,7.5,10.6,15.5,4.3,5.6,21.4,16.8,16.0,12.8,,9.4,8.9,35.5,2023,2,Moderate
51175,9.4,25.1,16.0,35.8,60.0,6.4,11.3,,5.7,77.8,85.1,59.5,6.2,,,15.2,65.2,23.2,12.1,19.6,33.3,,25.1,78.1,18.7,37.9,13.3,40.5,3.4,13.9,VA,Southampton,17975,51175,Southampton County,Virginia,0.4279,0.3942,0.287,0.7693,0.4184,18003.0,2025,2022,16.5,32.2,5.8,8.7,13.6,3.7,4.9,24.8,16.0,13.6,14.0,,9.0,9.1,35.9,2023,2,Moderate
51177,9.8,23.3,16.1,33.6,58.7,6.7,10.7,,5.1,76.8,86.1,63.1,5.4,,,12.7,66.9,23.2,11.1,17.8,33.2,,23.9,79.2,17.1,40.0,12.4,41.1,2.8,9.9,VA,Spotsylvania,149588,51177,Spotsylvania County,Virginia,0.2654,0.3303,0.2994,0.7261,0.1336,141097.0,2025,2022,14.7,28.7,5.6,7.5,12.0,3.1,4.3,21.9,13.4,10.2,11.8,,7.5,7.3,34.4,2023,2,Moderate
51179,9.1,22.6,16.0,30.7,59.6,6.6,10.2,,4.8,77.0,87.0,66.6,4.6,,,10.8,69.5,22.1,10.2,15.9,33.4,,22.0,75.2,15.9,35.2,11.5,37.6,2.6,9.6,VA,Stafford,165428,51179,Stafford County,Virginia,0.2428,0.0904,0.4734,0.8212,0.2794,157606.0,2025,2022,13.3,27.3,5.3,6.6,10.9,2.8,3.9,21.7,11.7,8.5,10.9,,6.9,6.7,34.0,2023,0,Low
51181,9.3,25.4,15.2,36.5,60.8,6.3,11.5,,5.7,78.3,85.5,61.2,6.3,,,14.9,61.7,23.1,12.4,20.3,33.5,,26.5,78.2,18.5,39.5,13.5,39.4,3.5,17.7,VA,Surry,6593,51181,Surry County,Virginia,0.448,0.5119,0.4031,0.8447,0.1995,6546.0,2025,2022,16.2,32.4,5.7,8.9,14.1,4.0,5.2,23.8,17.2,15.3,14.7,,9.6,10.0,35.5,2023,2,Moderate
51183,11.8,25.9,14.5,40.6,62.3,5.7,11.3,,6.3,78.6,84.1,60.6,7.1,,,17.6,58.9,20.6,14.4,23.9,33.3,,29.9,79.7,18.6,45.7,14.3,44.3,4.0,19.0,VA,Sussex,10757,51183,Sussex County,Virginia,0.7385,0.7012,0.2144,0.9201,0.8871,10866.0,2025,2022,17.6,34.7,6.0,10.0,16.0,4.8,6.4,28.4,22.4,20.0,18.6,,12.0,12.7,37.6,2023,3,High
51185,10.6,28.3,16.1,36.3,59.1,7.3,11.6,,6.8,76.7,82.3,58.5,8.7,,,18.8,59.8,28.6,12.4,23.3,34.8,,28.9,72.7,20.8,40.5,16.0,40.9,3.6,14.8,VA,Tazewell,39120,51185,Tazewell County,Virginia,0.5883,0.6417,0.5619,0.1409,0.665,40392.0,2025,2022,19.3,37.7,7.5,10.7,16.1,4.4,5.7,21.9,17.3,16.8,13.3,,9.6,9.2,37.0,2023,2,Moderate
51187,10.0,24.9,17.0,32.2,57.7,7.2,10.8,,5.8,75.6,84.4,59.8,6.6,,,15.0,63.8,25.1,10.7,18.7,32.9,,24.7,73.4,18.6,37.7,13.7,39.0,3.0,15.4,VA,Warren,41843,51187,Warren County,Virginia,0.496,0.6061,0.2704,0.4683,0.4792,40800.0,2025,2022,16.5,32.0,6.5,8.4,12.9,3.4,4.6,21.8,13.4,11.2,11.6,,7.8,7.3,34.5,2023,2,Moderate
51191,8.6,24.9,16.9,32.4,57.5,7.5,10.9,,5.8,76.1,84.2,57.8,6.8,,,15.5,63.5,26.2,10.3,17.9,34.0,,24.7,77.5,18.7,38.4,13.6,36.5,3.0,10.3,VA,Washington,54050,51191,Washington County,Virginia,0.2549,0.3124,0.3147,0.0579,0.3904,53985.0,2025,2022,16.4,31.1,6.7,8.5,12.4,3.3,4.3,21.3,12.2,11.0,10.1,,7.4,6.8,35.1,2023,2,Moderate
51193,12.2,27.4,15.0,35.9,60.8,6.5,11.7,,6.5,78.0,83.6,58.6,7.8,,,17.9,59.2,25.1,13.2,23.9,34.1,,30.2,75.9,19.7,41.2,15.3,40.1,3.8,16.5,VA,Westmoreland,19013,51193,Westmoreland County,Virginia,0.8193,0.9281,0.903,0.7537,0.2638,18480.0,2025,2022,18.6,36.4,6.7,10.5,16.4,4.6,6.3,24.4,20.9,19.2,16.5,,11.2,11.3,35.7,2023,3,High
51195,11.2,27.9,15.7,37.4,58.9,7.4,11.5,,6.9,76.0,82.0,60.4,9.0,,,19.9,57.3,27.2,12.7,23.2,34.4,,30.2,71.5,21.1,43.5,16.1,36.8,3.7,17.5,VA,Wise,35174,51195,Wise County,Virginia,0.8046,0.8756,0.5387,0.2587,0.8937,36105.0,2025,2022,19.6,37.0,7.6,10.8,15.9,4.5,6.0,22.8,18.4,17.2,13.9,,10.1,9.7,37.5,2023,3,High
51197,9.2,26.8,16.8,33.4,58.1,7.4,11.3,,6.2,75.9,83.3,58.7,7.6,,,17.0,67.4,26.8,11.0,20.3,34.3,,26.1,70.7,20.0,38.4,14.6,34.5,3.2,22.7,VA,Wythe,28104,51197,Wythe County,Virginia,0.4139,0.3812,0.72,0.1339,0.3983,28275.0,2025,2022,17.8,33.9,7.0,9.4,14.1,3.7,4.9,20.9,14.2,13.1,11.5,,8.3,7.9,35.7,2023,2,Moderate
51199,7.0,22.9,16.2,29.5,58.6,7.0,10.0,,4.6,78.6,87.6,67.0,4.4,,,10.1,71.5,22.0,9.4,13.9,33.4,,18.3,78.6,15.5,31.5,10.6,33.9,2.4,9.3,VA,York,70952,51199,York County,Virginia,0.1543,0.0633,0.5269,0.6911,0.1384,70238.0,2025,2022,12.4,24.9,5.2,6.1,9.8,2.4,3.4,19.9,9.5,7.0,9.0,,5.9,5.6,34.0,2023,0,Low
51510,7.8,21.6,15.9,30.1,58.3,6.6,9.9,,4.5,78.2,88.3,65.4,4.0,,,8.6,73.8,20.6,9.8,14.6,34.1,,19.4,81.5,14.4,31.2,10.4,33.9,2.4,6.5,VA,Alexandria,155230,51510,Alexandria City,Virginia,0.3178,0.2345,0.0242,0.8651,0.7442,157594.0,2025,2022,11.8,24.8,4.9,6.0,9.9,2.5,3.6,20.2,10.4,7.7,9.5,,6.2,6.0,33.0,2023,0,Low
51520,10.0,27.2,15.9,34.8,59.4,7.3,11.4,,6.4,76.5,83.1,60.2,8.2,,,17.8,60.2,27.1,11.8,21.7,34.3,,27.6,76.6,20.1,39.3,15.2,37.5,3.5,12.9,VA,Bristol,16807,51520,Bristol City,Virginia,0.7696,0.8088,0.8381,0.3888,0.5902,17036.0,2025,2022,18.5,35.4,7.2,10.1,15.3,4.2,5.5,21.7,16.7,15.8,13.0,,9.4,9.2,34.5,2023,3,High
51530,10.3,27.1,16.2,34.5,58.8,7.3,11.6,,6.4,76.2,83.2,56.7,8.1,,,17.8,56.6,27.5,11.9,21.6,34.4,,27.5,73.2,20.3,39.0,15.4,38.3,3.5,19.1,VA,Buena Vista,6566,51530,Buena Vista City,Virginia,0.4983,0.6332,0.3732,0.3961,0.4053,6639.0,2025,2022,18.5,35.2,7.2,10.2,15.3,4.2,5.5,21.6,16.4,15.2,12.9,,9.3,8.9,35.1,2023,2,Moderate
51540,7.7,24.6,15.5,33.0,60.0,7.0,10.7,,5.5,78.3,86.1,62.7,5.8,,,12.3,63.1,23.9,11.5,17.7,34.4,,23.1,74.9,16.8,35.2,12.4,36.6,3.0,10.7,VA,Charlottesville,44983,51540,Charlottesville City,Virginia,0.5727,0.6513,0.0334,0.72,0.8562,46289.0,2025,2022,14.3,29.2,5.9,7.9,12.6,3.4,4.6,19.9,13.0,11.7,11.0,,7.8,7.8,33.6,2023,2,Moderate
51550,8.5,24.0,15.7,34.2,60.7,6.4,11.0,,5.1,79.5,86.6,64.0,5.3,,,12.4,67.2,21.9,11.6,17.9,31.7,,22.2,79.8,17.0,39.6,12.2,39.8,3.0,15.5,VA,Chesapeake,253886,51550,Chesapeake City,Virginia,0.4149,0.3153,0.6125,0.8291,0.2475,249377.0,2025,2022,14.3,28.8,5.3,7.5,12.5,3.2,4.4,21.9,13.8,11.2,12.3,,8.0,8.2,33.6,2023,2,Moderate
51570,9.0,24.2,15.9,32.5,59.4,6.9,10.9,,5.1,77.6,86.1,63.7,5.7,,,13.1,66.1,23.7,10.5,17.5,33.4,,24.0,80.3,17.7,37.7,12.5,39.2,2.8,12.5,VA,Colonial Heights,18393,51570,Colonial Heights City,Virginia,0.5651,0.4782,0.9443,0.678,0.1912,18158.0,2025,2022,15.2,29.3,5.7,7.8,12.0,3.1,4.3,22.6,13.5,11.0,12.0,,7.8,7.7,34.8,2023,2,Moderate
51580,11.6,27.9,15.5,36.8,59.9,6.8,11.8,,6.8,76.3,81.9,60.0,9.1,,,20.5,61.3,26.9,13.4,24.6,34.6,,31.1,73.5,21.4,40.7,16.5,37.7,3.9,20.2,VA,Covington,5545,51580,Covington City,Virginia,0.3128,0.4073,0.468,0.5237,0.1352,5722.0,2025,2022,20.2,38.3,7.4,11.6,17.2,4.9,6.5,24.1,20.8,20.1,15.8,,11.2,11.1,37.1,2023,3,High
51590,12.9,28.0,12.5,42.6,64.0,5.8,12.6,,6.9,79.5,83.4,55.0,8.9,,,20.0,52.2,23.1,16.6,27.9,34.2,,34.0,76.5,20.8,42.3,16.5,46.6,4.6,21.4,VA,Danville,41837,51590,Danville City,Virginia,0.9796,0.9322,0.9765,0.9176,0.8979,42507.0,2025,2022,20.3,38.8,6.5,12.9,19.4,6.2,8.3,26.9,29.1,29.7,22.7,,15.2,16.9,38.3,2023,1,Critical
51595,14.0,27.2,12.1,42.1,64.1,5.4,13.0,,6.7,80.1,84.1,56.0,8.3,,,19.3,50.6,22.1,16.6,28.1,33.2,,34.7,76.7,20.7,44.9,16.3,46.1,4.6,24.3,VA,Emporia,5463,51595,Emporia City,Virginia,0.9233,0.9071,0.994,0.9784,0.4228,5680.0,2025,2022,20.2,39.1,6.0,12.6,19.4,6.1,8.2,29.6,30.3,29.6,24.3,,15.5,17.1,40.0,2023,1,Critical
51600,8.5,20.8,15.2,29.5,58.2,6.4,9.2,,4.6,77.8,87.4,65.2,4.2,,,9.2,68.8,19.7,10.2,14.6,33.8,,20.4,76.9,14.2,31.6,10.5,34.9,2.4,7.5,VA,Fairfax,25144,51600,Fairfax City,Virginia,0.3551,0.1413,0.1117,0.8508,0.8113,24242.0,2025,2022,11.9,24.3,5.2,5.9,9.9,2.5,3.7,20.6,10.6,7.3,8.9,,6.1,5.4,33.0,2023,0,Low
51610,5.2,20.3,17.1,26.5,56.7,7.2,9.1,,3.8,78.1,89.2,67.3,3.2,,,6.7,78.3,20.8,7.8,10.4,32.8,,15.3,81.6,13.0,28.6,8.7,32.1,1.9,4.0,VA,Falls Church,14685,51610,Falls Church City,Virginia,0.2189,0.055,0.4047,0.678,0.4486,14576.0,2025,2022,9.6,20.4,4.5,4.4,7.4,1.7,2.5,17.1,5.9,3.8,5.9,,4.1,3.7,30.4,2023,0,Low
51620,11.1,27.1,12.8,40.3,63.6,5.9,12.6,,6.3,80.0,84.8,56.7,7.8,,,17.5,57.2,23.4,15.1,25.0,33.1,,31.2,75.2,20.1,44.2,15.3,42.8,4.2,18.5,VA,Franklin,8339,51620,Franklin City,Virginia,0.7938,0.7241,0.7165,0.9303,0.6745,8194.0,2025,2022,18.7,36.8,6.0,11.4,17.6,5.3,7.1,26.3,25.2,24.8,20.4,,13.4,14.7,37.8,2023,1,Critical
51630,9.0,24.5,15.4,33.5,60.5,6.7,11.1,,5.4,78.1,86.3,64.6,5.7,,,12.8,63.3,23.8,11.6,18.3,33.7,,24.2,78.6,17.3,41.5,12.9,40.5,3.1,14.0,VA,Fredericksburg,28928,51630,Fredericksburg City,Virginia,0.7636,0.5851,0.3624,0.8101,0.9675,28258.0,2025,2022,15.0,31.2,5.8,8.1,13.0,3.5,4.8,21.6,14.4,12.3,12.7,,8.3,8.6,33.4,2023,2,Moderate
51640,13.8,27.7,15.1,36.6,59.2,7.1,11.7,,7.0,76.4,82.1,58.4,9.2,,,19.5,55.6,27.4,13.9,25.5,34.5,,31.8,71.5,20.9,39.4,17.0,38.1,3.9,27.4,VA,Galax,6717,51640,Galax City,Virginia,0.9532,0.9249,0.9478,0.6561,0.8928,6687.0,2025,2022,20.3,38.8,7.7,11.8,17.7,5.2,7.1,22.2,21.8,20.9,16.5,,11.6,11.5,35.7,2023,3,High
51650,9.8,25.7,13.6,38.1,62.3,5.8,11.9,,5.7,80.6,86.1,63.8,6.3,,,14.6,63.9,21.3,13.8,20.9,33.3,,26.1,81.0,18.6,40.9,13.5,44.0,3.7,9.5,VA,Hampton,137098,51650,Hampton City,Virginia,0.748,0.6277,0.58,0.937,0.7464,137217.0,2025,2022,16.5,34.7,5.5,9.3,15.3,4.3,5.9,26.2,20.1,18.0,17.3,,11.0,12.0,36.6,2023,3,High
51660,14.3,25.9,14.8,35.5,59.7,6.7,10.8,,6.7,76.9,83.4,57.4,7.7,,,16.3,58.0,24.8,13.9,23.7,34.8,,29.6,74.1,18.7,39.1,15.5,40.2,3.6,21.2,VA,Harrisonburg,51082,51660,Harrisonburg City,Virginia,0.8648,0.9666,0.1234,0.7378,0.9504,51784.0,2025,2022,18.2,35.6,7.3,10.2,16.1,4.8,6.8,21.9,20.4,18.5,16.1,,10.9,10.9,33.9,2023,3,High
51670,13.8,28.2,12.8,41.1,63.6,5.9,12.6,,7.1,78.7,83.1,55.7,9.1,,,20.5,51.9,24.4,16.1,28.3,34.6,,34.9,74.1,21.4,45.9,17.0,46.3,4.6,22.1,VA,Hopewell,22752,51670,Hopewell City,Virginia,0.8801,0.9138,0.8435,0.9074,0.6001,23046.0,2025,2022,20.8,40.6,7.0,13.0,19.7,6.1,8.3,27.3,29.4,29.4,22.9,,15.2,16.6,39.0,2023,1,Critical
51678,8.3,24.6,16.7,32.3,58.2,7.2,10.7,,5.3,77.0,85.7,65.5,5.9,,,13.2,70.2,24.7,10.5,17.0,33.6,,22.8,78.2,17.7,35.7,12.6,35.0,2.9,10.1,VA,Lexington,7528,51678,Lexington City,Virginia,0.0474,0.0789,0.0,0.5119,0.5912,7346.0,2025,2022,14.9,29.5,6.0,7.7,12.0,3.1,4.2,20.5,12.1,10.0,10.6,,7.2,7.1,33.6,2023,0,Low
51680,9.1,26.0,14.4,36.5,60.7,6.6,11.7,,5.8,78.5,85.3,60.4,6.7,,,14.9,65.8,24.1,12.5,20.2,33.6,,25.3,74.2,18.6,40.4,13.8,37.7,3.5,18.0,VA,Lynchburg,79535,51680,Lynchburg City,Virginia,0.7066,0.6917,0.1429,0.7684,0.9122,79166.0,2025,2022,16.4,32.1,6.0,9.3,14.5,4.1,5.4,22.7,17.2,16.0,14.4,,9.6,10.3,36.3,2023,2,Moderate
51683,15.5,21.3,15.5,30.9,58.4,5.9,9.6,,5.1,75.9,85.7,61.0,4.9,,,11.7,67.3,19.8,11.8,19.8,34.3,,26.4,78.9,15.7,35.3,12.7,37.0,2.8,17.0,VA,Manassas,42696,51683,Manassas City,Virginia,0.4884,0.5173,0.3137,0.931,0.3093,42620.0,2025,2022,14.8,29.6,5.7,7.4,12.5,3.3,5.1,23.8,16.1,11.1,13.9,,8.4,7.7,35.2,2023,2,Moderate
51685,18.1,22.3,14.2,33.6,59.0,5.3,9.7,,5.7,76.1,84.4,57.8,5.6,,,13.5,60.1,20.1,13.9,23.4,34.7,,31.0,75.2,16.5,38.0,14.0,39.0,3.2,11.5,VA,Manassas Park,16361,51685,Manassas Park City,Virginia,0.6532,0.7588,0.3261,0.9593,0.4295,17123.0,2025,2022,16.4,33.7,6.3,8.5,14.8,4.1,6.4,25.6,20.7,14.9,16.7,,10.2,9.5,36.1,2023,3,High
51690,12.8,28.0,13.0,40.8,63.7,6.1,12.5,,7.0,78.9,83.7,58.3,8.8,,,19.3,53.1,23.9,15.9,27.4,34.0,,32.9,75.3,20.6,44.7,16.5,44.1,4.5,20.1,VA,Martinsville,13763,51690,Martinsville City,Virginia,0.9297,0.8661,0.9882,0.9065,0.6414,13539.0,2025,2022,19.9,38.7,6.7,12.4,19.0,6.0,8.0,25.9,27.5,28.0,21.6,,14.5,16.1,37.3,2023,1,Critical
51700,10.3,26.3,13.7,37.6,61.4,6.1,11.6,,5.7,79.3,85.8,62.1,6.3,,,14.7,61.3,22.2,13.3,21.2,34.3,,28.3,80.0,18.1,41.5,13.6,41.6,3.5,13.3,VA,Newport News,183118,51700,Newport News City,Virginia,0.8406,0.6739,0.686,0.9154,0.9179,185118.0,2025,2022,16.0,32.2,5.7,9.1,14.9,4.2,5.7,24.4,19.1,17.0,16.2,,10.3,11.2,36.6,2023,3,High
51710,10.6,25.0,16.1,38.5,63.1,6.0,11.1,,5.8,79.7,85.3,62.1,6.5,,,14.6,62.2,21.3,13.6,21.0,34.3,,27.1,82.3,18.2,41.6,13.7,41.7,3.7,15.5,VA,Norfolk,230930,51710,Norfolk City,Virginia,0.8594,0.8451,0.4203,0.9084,0.9246,236973.0,2025,2022,16.3,33.3,5.8,9.4,15.4,4.3,5.9,24.1,19.2,17.6,16.1,,10.8,11.5,37.3,2023,3,High
51720,10.6,28.3,15.6,36.7,60.0,7.2,11.8,,6.9,76.5,82.1,59.5,9.3,,,20.1,56.5,27.8,13.1,23.9,34.9,,30.2,74.8,21.2,40.7,16.4,38.5,3.9,24.5,VA,Norton,3492,51720,Norton City,Virginia,0.769,0.8549,0.6328,0.0757,0.8307,3668.0,2025,2022,19.8,37.3,7.6,11.4,16.9,4.8,6.4,21.8,19.2,19.5,14.4,,10.7,10.6,35.3,2023,3,High
51730,12.0,26.7,11.8,43.4,65.0,4.9,13.0,,6.3,81.6,85.6,58.9,7.5,,,17.3,56.7,21.4,17.0,27.1,32.7,,33.2,79.4,20.4,46.6,15.4,48.6,4.7,25.2,VA,Petersburg,33309,51730,Petersburg City,Virginia,0.9733,0.9701,0.9389,0.9885,0.79,33261.0,2025,2022,18.7,38.8,5.2,12.0,19.3,6.0,8.1,28.7,29.5,29.6,23.9,,15.3,17.5,40.0,2023,1,Critical
51735,6.7,23.3,18.2,29.4,56.6,7.5,10.1,,4.8,76.6,86.6,65.4,5.0,,,11.3,73.2,24.5,8.8,14.0,33.1,,19.1,74.9,16.5,32.9,11.2,33.2,2.4,5.2,VA,Poquoson,12635,51735,Poquoson City,Virginia,0.0038,0.001,0.2386,0.3016,0.0048,12479.0,2025,2022,13.2,25.8,5.7,6.4,9.9,2.4,3.3,19.0,8.6,6.6,7.9,,5.6,5.1,33.3,2023,0,Low
51740,10.9,26.3,14.1,39.3,63.6,5.8,12.3,,6.1,79.2,85.3,61.0,7.1,,,16.7,58.9,22.9,14.9,23.5,34.4,,29.7,75.3,19.7,41.0,14.4,43.4,4.1,16.7,VA,Portsmouth,96793,51740,Portsmouth City,Virginia,0.8355,0.804,0.6039,0.937,0.7766,97384.0,2025,2022,17.8,35.7,5.9,10.5,16.5,5.0,6.6,25.6,22.9,21.5,19.0,,12.3,13.6,38.4,2023,3,High
51750,9.7,28.6,15.2,37.5,60.4,7.4,11.7,,7.2,77.3,83.3,58.2,9.0,,,18.5,62.1,27.9,13.7,23.4,35.7,,29.0,75.2,20.7,40.5,16.1,36.7,3.9,14.8,VA,Radford,16971,51750,Radford City,Virginia,0.3408,0.735,0.0032,0.4779,0.5243,16379.0,2025,2022,19.0,36.9,7.7,11.2,16.6,5.0,6.4,20.7,19.0,19.8,14.7,,10.9,11.4,34.6,2023,2,Moderate
51760,9.8,25.1,15.2,37.6,60.9,6.0,11.4,,5.8,78.9,85.9,61.0,6.3,,,14.6,61.8,22.3,13.5,20.1,33.7,,25.9,78.3,17.8,38.3,13.2,37.5,3.6,15.4,VA,Richmond,229247,51760,Richmond City,Virginia,0.8333,0.8575,0.3016,0.9109,0.8823,227171.0,2025,2022,16.1,33.2,5.6,9.1,14.9,4.3,5.8,23.8,18.3,17.1,15.6,,10.2,10.8,37.3,2023,3,High
51770,10.9,26.7,15.6,36.1,60.3,6.5,11.5,,6.2,76.5,84.4,63.1,7.3,,,16.7,58.9,24.1,13.2,22.0,32.3,,28.9,76.9,19.1,41.9,14.5,41.1,3.6,10.6,VA,Roanoke,97171,51770,Roanoke City,Virginia,0.8521,0.8718,0.6624,0.8088,0.7639,99213.0,2025,2022,17.7,33.4,6.3,10.0,15.3,4.4,6.1,24.2,19.7,18.4,15.8,,10.7,11.1,36.8,2023,3,High
51775,8.2,25.4,16.9,31.9,58.5,7.3,10.9,,5.4,76.9,85.5,64.9,6.1,,,13.9,68.3,25.7,10.4,17.1,33.8,,23.2,78.2,18.2,36.2,12.9,38.2,2.9,12.8,VA,Salem,25600,51775,Salem City,Virginia,0.3248,0.2253,0.083,0.4613,0.8046,25372.0,2025,2022,15.5,30.2,6.2,8.0,12.3,3.2,4.2,20.2,12.4,10.3,10.6,,7.3,7.1,34.1,2023,0,Low
51790,8.3,25.5,16.5,32.4,59.0,7.3,11.2,,5.5,77.3,85.6,64.3,6.3,,,13.9,63.9,25.6,10.7,17.9,33.4,,23.8,77.3,18.5,36.6,13.2,37.2,3.0,9.5,VA,Staunton,25915,51790,Staunton City,Virginia,0.6048,0.5262,0.468,0.5317,0.748,25581.0,2025,2022,15.7,30.7,6.1,8.3,12.7,3.3,4.5,20.6,13.1,11.4,11.2,,7.8,7.6,34.4,2023,2,Moderate
51800,8.8,26.8,13.9,36.4,61.1,6.2,11.6,,5.2,79.6,86.8,65.2,5.6,,,13.1,66.0,21.6,12.1,18.6,35.1,,25.2,80.9,17.6,42.0,12.6,40.5,3.2,9.9,VA,Suffolk,100659,51800,Suffolk City,Virginia,0.4788,0.4715,0.4553,0.882,0.2806,94856.0,2025,2022,15.0,30.2,5.3,8.2,13.1,3.6,4.8,23.7,16.2,13.9,14.5,,9.1,9.7,35.0,2023,2,Moderate
51810,8.3,23.3,16.2,33.1,59.4,6.7,10.6,,5.0,79.1,86.5,63.2,5.1,,,12.0,72.6,23.6,11.2,16.8,35.9,,21.7,80.2,16.8,36.6,11.7,37.3,2.8,8.5,VA,Virginia Beach,453649,51810,Virginia Beach City,Virginia,0.307,0.2743,0.3465,0.7843,0.2377,457900.0,2025,2022,13.7,27.6,5.5,7.2,11.6,2.9,4.1,21.7,12.5,9.7,11.2,,7.3,7.1,36.1,2023,2,Moderate
51820,10.5,25.6,15.8,33.8,59.2,7.0,11.1,,5.8,76.7,84.5,58.5,6.8,,,15.4,62.5,25.0,11.4,20.0,33.5,,26.3,73.9,18.8,38.6,14.0,37.7,3.2,18.0,VA,Waynesboro,23182,51820,Waynesboro City,Virginia,0.7601,0.7735,0.9042,0.6332,0.4069,22341.0,2025,2022,16.9,32.9,6.5,9.0,13.7,3.7,5.1,22.2,15.7,13.6,13.0,,8.8,8.6,35.0,2023,3,High
51830,8.5,24.7,16.0,33.8,59.3,7.0,11.0,,5.5,78.1,86.1,63.4,5.9,,,13.1,66.2,23.7,11.3,17.8,34.1,,23.5,77.7,17.8,37.2,12.9,38.2,3.0,11.1,VA,Williamsburg,15847,51830,Williamsburg City,Virginia,0.3802,0.4846,0.0188,0.6962,0.6398,15486.0,2025,2022,15.0,29.8,6.0,8.0,12.6,3.4,4.6,21.2,13.7,11.8,12.2,,8.1,8.4,33.6,2023,2,Moderate
51840,13.1,26.0,15.5,35.1,59.7,6.8,10.9,,6.4,77.0,83.7,61.0,7.5,,,16.3,64.0,24.7,12.9,22.6,34.6,,28.5,74.6,18.9,38.3,14.9,36.4,3.5,11.0,VA,Winchester,27617,51840,Winchester City,Virginia,0.9033,0.8689,0.791,0.7366,0.9135,28103.0,2025,2022,17.8,35.0,7.0,9.9,15.3,4.4,6.1,22.2,18.9,16.8,15.0,,10.2,10.0,34.8,2023,3,High
54001,9.8,32.8,15.4,41.1,61.3,7.4,12.7,,7.2,78.0,83.2,58.8,10.0,,,22.5,50.0,33.5,13.8,26.6,37.2,,34.7,73.8,24.4,43.8,17.3,44.2,3.6,20.8,WV,Barbour,15378,54001,Barbour County,West Virginia,0.4563,0.6713,0.1782,0.2062,0.4855,15527.0,2025,2022,21.5,39.5,7.9,11.8,16.9,4.4,5.8,24.7,19.7,22.5,15.4,,10.7,13.5,36.0,2023,3,High
54003,8.9,29.4,15.5,36.9,59.2,7.2,12.2,,6.0,78.7,85.6,64.7,7.5,,,17.2,60.6,29.9,12.0,21.5,35.6,,30.4,79.3,22.4,38.1,14.9,36.4,3.1,15.5,WV,Berkeley,132440,54003,Berkeley County,West Virginia,0.2704,0.3296,0.1756,0.4913,0.3159,123283.0,2025,2022,18.1,34.2,6.5,9.3,14.3,3.5,4.7,23.8,15.5,15.9,13.5,,8.8,11.5,34.0,2023,2,Moderate
54005,9.7,33.2,16.2,40.4,60.7,7.4,12.6,,7.0,77.5,83.2,57.1,9.8,,,22.4,49.3,32.9,13.1,25.9,36.8,,34.5,70.4,24.1,46.2,17.0,44.0,3.5,24.5,WV,Boone,20576,54005,Boone County,West Virginia,0.4003,0.5794,0.5641,0.0032,0.2603,21705.0,2025,2022,21.2,39.3,7.6,11.4,16.7,4.3,5.5,24.8,18.6,20.7,14.5,,10.1,12.5,34.6,2023,3,High
54007,11.0,32.9,15.7,40.8,61.1,7.3,12.6,,7.7,77.8,81.7,58.3,11.2,,,24.9,48.1,32.4,14.4,28.1,36.0,,35.6,75.1,24.8,41.3,18.1,44.0,3.9,29.5,WV,Braxton,12162,54007,Braxton County,West Virginia,0.6013,0.8158,0.2342,0.314,0.5768,12505.0,2025,2022,22.8,41.0,8.5,12.9,18.0,5.0,6.5,24.9,21.6,25.9,16.1,,11.7,14.7,35.0,2023,3,High
54009,7.9,30.2,17.1,37.0,60.1,7.5,11.9,,6.0,78.0,85.1,59.2,7.6,,,17.9,55.2,30.8,11.7,21.2,35.2,,27.6,79.5,21.9,40.3,14.7,45.7,3.0,19.1,WV,Brooke,21373,54009,Brooke County,West Virginia,0.378,0.2272,0.5616,0.0983,0.7124,22349.0,2025,2022,17.9,33.8,6.7,9.2,13.6,3.3,4.3,22.7,13.9,14.6,11.9,,8.1,10.3,34.7,2023,2,Moderate
54011,8.5,33.5,15.3,37.1,62.5,7.6,12.9,,6.6,79.2,84.7,63.0,8.8,,,19.4,51.7,33.4,13.2,24.2,36.1,,30.4,74.1,22.9,45.7,16.3,42.5,3.4,21.3,WV,Cabell,92082,54011,Cabell County,West Virginia,0.7276,0.784,0.3863,0.3086,0.8635,93965.0,2025,2022,19.7,37.6,7.1,10.8,15.9,4.1,5.3,24.0,17.2,19.4,13.9,,9.9,13.1,36.3,2023,3,High
54013,11.5,35.1,15.2,41.3,61.9,7.3,13.0,,8.3,77.1,81.0,55.6,12.2,,,27.0,45.5,33.8,15.1,30.6,36.6,,37.8,71.8,25.7,40.4,19.3,43.5,4.2,28.9,WV,Calhoun,5959,54013,Calhoun County,West Virginia,0.4696,0.7302,0.4028,0.021,0.3373,6279.0,2025,2022,24.1,43.9,8.9,14.0,19.6,5.6,7.3,25.0,24.5,29.8,17.7,,12.9,16.4,35.8,2023,3,High
54015,10.9,33.9,15.4,40.4,61.3,7.4,12.8,,7.7,77.4,82.0,60.5,11.1,,,24.8,47.9,33.8,14.2,28.5,36.8,,36.6,71.2,25.0,41.6,18.5,44.0,3.9,27.8,WV,Clay,7783,54015,Clay County,West Virginia,0.538,0.6685,0.4734,0.0057,0.6052,8049.0,2025,2022,23.0,41.9,8.4,12.9,18.2,5.0,6.5,25.0,21.9,25.5,16.2,,11.6,14.5,37.2,2023,3,High
54017,10.2,32.2,16.6,39.8,60.6,7.3,11.9,,7.1,77.0,82.8,58.2,9.5,,,22.1,51.5,30.5,13.2,25.3,36.6,,32.6,75.9,22.9,41.0,16.5,44.8,3.5,18.4,WV,Doddridge,7680,54017,Doddridge County,West Virginia,0.2625,0.4591,0.0366,0.1225,0.5275,7847.0,2025,2022,20.5,37.6,7.8,10.9,16.0,4.3,5.5,25.1,18.0,19.7,14.3,,10.0,12.5,35.7,2023,2,Moderate
54019,9.6,32.4,15.5,38.3,60.6,7.4,12.7,,7.1,77.0,83.4,57.5,9.7,,,22.2,48.7,33.2,13.8,26.7,37.6,,33.4,78.4,24.3,40.3,17.1,48.2,3.5,27.9,WV,Fayette,39072,54019,Fayette County,West Virginia,0.7019,0.7922,0.5231,0.2109,0.7445,40545.0,2025,2022,21.0,40.1,7.8,11.4,16.7,4.3,5.7,25.3,18.8,21.5,15.2,,10.5,13.3,37.7,2023,3,High
54021,11.6,31.6,16.1,42.0,61.9,7.1,11.7,,7.3,78.3,83.2,58.8,9.3,,,21.5,52.1,28.6,14.5,26.7,37.5,,34.2,74.8,22.0,43.8,16.6,42.7,3.7,17.9,WV,Gilmer,7254,54021,Gilmer County,West Virginia,0.4849,0.5297,0.1295,0.5542,0.6621,7444.0,2025,2022,20.1,39.1,7.7,10.9,16.6,4.5,6.0,27.3,20.6,22.1,16.7,,11.2,14.6,34.9,2023,3,High
54023,8.8,31.5,16.2,36.9,60.2,7.4,12.1,,6.5,78.0,84.2,61.8,8.5,,,20.2,50.0,31.4,12.2,22.9,35.3,,30.8,73.6,22.9,43.3,15.8,47.3,3.2,18.4,WV,Grant,10921,54023,Grant County,West Virginia,0.2695,0.4368,0.3198,0.0299,0.2679,11034.0,2025,2022,19.5,36.8,7.3,10.1,15.0,3.7,4.9,23.6,16.0,17.6,13.0,,9.0,11.2,34.7,2023,2,Moderate
54025,9.8,32.8,15.7,38.5,60.6,7.4,12.6,,7.0,78.0,83.7,56.2,9.6,,,21.4,52.3,31.6,12.9,24.8,35.1,,32.4,72.8,23.6,40.2,16.9,39.6,3.5,24.1,WV,Greenbrier,32149,54025,Greenbrier County,West Virginia,0.4537,0.5848,0.3468,0.2234,0.4477,32995.0,2025,2022,20.3,36.1,7.5,11.3,16.1,4.3,5.7,24.2,18.7,21.3,14.5,,10.2,13.1,34.7,2023,2,Moderate
54027,9.1,31.7,16.3,37.4,61.0,7.4,12.1,,6.5,76.8,84.0,58.9,8.6,,,20.7,52.0,31.9,12.4,23.3,36.2,,31.2,77.4,22.9,38.8,15.6,40.5,3.2,24.3,WV,Hampshire,23649,54027,Hampshire County,West Virginia,0.4699,0.7235,0.3,0.0821,0.3929,23275.0,2025,2022,19.7,37.0,7.3,10.1,15.0,3.8,4.9,24.5,15.9,17.3,13.3,,9.0,11.2,34.0,2023,2,Moderate
54029,8.6,31.5,16.1,38.2,60.5,7.4,12.3,,6.4,78.8,84.5,66.4,8.4,,,19.3,53.7,31.7,12.5,23.0,34.9,,29.7,71.7,22.7,43.9,15.6,39.8,3.2,18.9,WV,Hancock,28145,54029,Hancock County,West Virginia,0.2969,0.5221,0.2622,0.1696,0.2109,28907.0,2025,2022,19.2,36.3,7.0,10.2,14.8,3.7,4.9,22.6,16.0,17.4,13.1,,9.1,11.4,34.1,2023,2,Moderate
54031,10.6,32.4,15.8,40.0,61.3,7.2,12.5,,7.2,78.3,83.2,58.0,9.7,,,22.1,49.4,32.0,14.2,26.4,36.5,,33.5,73.7,23.7,41.5,17.3,43.9,3.6,24.0,WV,Hardy,14251,54031,Hardy County,West Virginia,0.3942,0.4874,0.3602,0.3086,0.3742,14249.0,2025,2022,21.0,39.0,7.8,11.5,16.6,4.5,5.9,24.5,19.7,22.0,15.4,,10.7,13.5,35.2,2023,3,High
54033,8.5,31.5,15.2,37.1,61.1,7.4,12.4,,6.5,79.2,84.9,62.7,8.4,,,19.2,57.7,31.1,12.6,22.7,36.7,,28.6,74.3,22.1,40.1,15.1,40.1,3.2,16.4,WV,Harrison,64639,54033,Harrison County,West Virginia,0.4703,0.476,0.2409,0.1508,0.7814,65862.0,2025,2022,19.2,34.5,7.0,10.1,14.4,3.8,4.9,22.8,15.8,17.2,12.7,,9.0,11.2,34.0,2023,2,Moderate
54035,8.7,31.8,15.9,39.5,61.9,7.6,12.4,,6.8,78.6,84.1,58.6,8.9,,,20.1,57.9,32.4,13.4,23.9,37.1,,32.2,73.5,22.8,42.5,16.1,43.9,3.3,22.7,WV,Jackson,27593,54035,Jackson County,West Virginia,0.2934,0.3112,0.294,0.014,0.5558,27868.0,2025,2022,19.7,38.1,7.5,10.7,15.5,4.0,5.1,23.3,16.6,18.5,13.2,,9.4,11.9,34.2,2023,2,Moderate
54037,8.2,28.6,15.2,35.9,57.9,7.2,11.9,,5.6,78.7,86.4,61.5,6.5,,,15.1,61.8,28.8,11.2,18.9,34.9,,25.3,78.8,19.9,37.9,13.3,37.4,2.8,14.3,WV,Jefferson,59787,54037,Jefferson County,West Virginia,0.217,0.2164,0.0738,0.5011,0.4658,58043.0,2025,2022,16.2,30.6,6.1,8.1,12.4,3.1,4.1,22.2,13.0,12.7,11.7,,7.6,9.6,32.0,2023,2,Moderate
54039,8.1,30.9,16.6,39.9,61.0,7.5,12.1,,6.5,79.2,85.5,60.8,8.0,,,19.6,58.8,31.8,12.4,22.3,36.6,,30.4,71.7,23.0,40.3,15.1,40.5,3.2,15.6,WV,Kanawha,174805,54039,Kanawha County,West Virginia,0.5339,0.4696,0.4804,0.3824,0.6949,179895.0,2025,2022,19.3,36.9,7.0,10.4,15.2,3.8,5.0,25.1,17.9,18.2,14.6,,9.2,12.8,35.5,2023,2,Moderate
54041,9.5,32.5,16.0,37.8,60.8,7.4,12.3,,6.9,77.5,83.4,59.6,9.5,,,21.6,51.8,32.7,13.4,25.2,36.0,,32.6,73.9,23.7,39.9,16.7,44.7,3.4,19.7,WV,Lewis,16500,54041,Lewis County,West Virginia,0.5568,0.5635,0.4356,0.1696,0.7617,16920.0,2025,2022,20.5,38.0,7.7,11.1,15.9,4.2,5.5,24.5,18.2,20.4,14.1,,9.9,12.5,35.5,2023,3,High
54043,11.1,34.4,15.0,40.3,62.0,7.4,13.0,,7.8,78.2,81.9,57.2,11.2,,,25.1,46.7,34.4,14.4,28.8,35.6,,34.0,71.6,24.9,45.2,18.8,44.7,3.9,27.6,WV,Lincoln,19701,54043,Lincoln County,West Virginia,0.3983,0.5364,0.461,0.0083,0.3863,20410.0,2025,2022,23.0,41.3,8.4,13.1,17.9,5.1,6.6,24.8,21.9,26.1,16.6,,11.7,14.8,36.6,2023,3,High
54045,10.6,34.5,15.2,41.0,62.0,7.4,12.8,,7.6,77.7,82.4,54.7,11.0,,,24.6,45.2,36.2,14.2,29.5,37.5,,37.1,68.1,25.4,44.7,18.8,45.9,3.8,26.4,WV,Logan,30827,54045,Logan County,West Virginia,0.6624,0.8069,0.5014,0.0337,0.7178,32350.0,2025,2022,22.9,42.3,8.3,13.2,18.7,5.0,6.5,26.1,21.4,25.5,16.4,,11.8,15.0,39.0,2023,3,High
54047,14.3,35.1,14.3,44.6,63.4,6.9,13.3,,8.9,76.9,79.6,54.6,13.6,,,29.3,40.7,32.6,17.4,34.8,37.1,,42.6,69.8,26.0,46.1,20.4,47.5,4.7,34.2,WV,McDowell,17439,54047,McDowell County,West Virginia,0.8721,0.9131,0.8237,0.5202,0.7601,18911.0,2025,2022,25.7,46.6,9.2,15.6,22.0,6.7,8.8,27.8,30.2,36.2,21.6,,15.7,19.7,38.6,2023,1,Critical
54049,8.0,32.0,17.5,38.1,60.8,7.5,12.3,,6.4,79.0,85.2,62.2,8.1,,,18.9,56.7,31.4,12.6,22.0,36.6,,28.7,77.2,22.7,43.0,15.0,41.1,3.1,19.8,WV,Marion,55807,54049,Marion County,West Virginia,0.4394,0.4671,0.3777,0.2164,0.5632,56194.0,2025,2022,18.5,35.0,6.8,9.7,14.4,3.6,4.7,21.9,15.3,16.6,12.9,,8.8,11.2,34.5,2023,2,Moderate
54051,8.6,31.9,17.0,38.0,61.1,7.6,12.1,,6.7,77.9,83.9,63.2,8.7,,,21.1,55.5,32.0,12.4,23.1,34.6,,30.8,77.4,23.0,37.3,15.9,44.9,3.3,22.3,WV,Marshall,29405,54051,Marshall County,West Virginia,0.2167,0.2552,0.4827,0.0675,0.2237,30509.0,2025,2022,19.6,36.7,7.4,10.3,14.9,3.9,5.0,23.3,16.0,18.1,13.1,,9.1,11.8,32.6,2023,2,Moderate
54053,9.6,32.6,15.0,38.6,61.6,7.6,13.0,,7.1,78.3,83.3,57.0,10.0,,,22.5,51.7,33.7,13.2,25.8,37.2,,34.3,75.4,24.0,41.2,17.2,43.2,3.5,11.3,WV,Mason,24765,54053,Mason County,West Virginia,0.2774,0.3137,0.1737,0.0229,0.6074,25488.0,2025,2022,21.3,39.0,7.7,11.7,16.6,4.4,5.7,23.7,18.9,21.7,14.8,,10.3,13.1,35.8,2023,2,Moderate
54055,9.2,34.6,15.3,38.7,62.4,7.2,12.9,,7.0,79.1,83.7,62.4,9.8,,,22.1,54.8,33.0,13.6,25.9,37.5,,32.9,77.8,23.5,41.0,16.8,43.9,3.6,24.5,WV,Mercer,58057,54055,Mercer County,West Virginia,0.7343,0.5943,0.7856,0.314,0.8791,59530.0,2025,2022,21.1,40.0,7.7,11.7,17.5,4.5,5.8,23.8,18.8,22.1,15.1,,10.6,13.9,37.1,2023,3,High
54057,7.8,31.2,17.4,36.2,60.3,7.4,12.1,,6.1,77.8,85.1,60.7,7.8,,,18.3,55.7,32.3,11.7,21.6,33.9,,28.8,78.2,21.8,39.4,15.0,38.7,3.0,14.2,WV,Mineral,26867,54057,Mineral County,West Virginia,0.2135,0.1884,0.357,0.1654,0.3786,26957.0,2025,2022,18.0,33.8,6.8,9.5,13.9,3.4,4.5,23.1,13.9,15.0,12.1,,8.2,10.4,33.5,2023,2,Moderate
54059,12.4,35.0,14.5,42.8,61.8,7.3,13.4,,8.5,77.8,80.6,51.5,13.0,,,28.0,46.2,36.0,15.8,32.5,37.9,,41.5,72.4,26.6,43.0,20.4,48.7,4.4,31.9,WV,Mingo,22023,54059,Mingo County,West Virginia,0.6761,0.8422,0.4687,0.0337,0.7092,23466.0,2025,2022,25.2,46.9,9.0,15.1,21.0,6.0,7.8,25.8,26.6,31.6,18.8,,13.8,17.3,37.4,2023,1,Critical
54061,7.2,28.7,17.5,35.1,61.7,7.5,11.5,,6.1,78.2,86.2,61.1,7.3,,,15.6,58.9,28.7,12.1,19.5,35.2,,24.3,82.2,20.0,34.2,13.7,40.1,3.0,15.2,WV,Monongalia,107718,54061,Monongalia County,West Virginia,0.3325,0.525,0.0041,0.3748,0.8225,105988.0,2025,2022,16.1,29.7,6.6,8.8,13.0,3.4,4.4,20.7,13.2,14.4,11.4,,8.1,10.5,33.3,2023,2,Moderate
54063,9.5,33.1,15.9,38.7,61.0,7.4,12.5,,6.9,78.2,83.5,58.8,9.3,,,21.5,52.7,32.9,13.1,24.7,37.0,,32.7,73.9,23.4,41.2,16.5,42.4,3.4,24.0,WV,Monroe,12382,54063,Monroe County,West Virginia,0.3901,0.5842,0.7276,0.0821,0.119,12438.0,2025,2022,20.5,38.6,7.7,11.0,16.0,4.1,5.4,24.6,17.9,19.9,14.0,,9.9,12.5,36.3,2023,3,High
54065,8.9,31.2,16.1,37.7,59.4,7.4,12.1,,6.4,77.7,84.2,59.7,8.4,,,19.9,57.9,31.5,12.2,23.0,35.7,,30.6,72.0,22.7,38.8,15.6,41.6,3.2,18.6,WV,Morgan,17649,54065,Morgan County,West Virginia,0.1759,0.4286,0.0808,0.1094,0.1779,17237.0,2025,2022,19.3,36.0,7.2,10.1,14.7,3.7,4.8,24.3,15.6,16.7,13.0,,8.9,11.1,35.1,2023,2,Moderate
54067,9.2,32.7,15.8,38.4,60.4,7.5,12.3,,6.9,77.1,83.7,60.6,9.2,,,21.3,54.7,33.1,12.6,24.7,36.0,,32.4,76.7,23.5,40.3,16.4,42.3,3.4,25.7,WV,Nicholas,24169,54067,Nicholas County,West Virginia,0.2794,0.4066,0.5638,0.0089,0.1903,24624.0,2025,2022,20.3,38.3,7.6,10.9,15.9,4.1,5.3,24.1,17.6,19.3,14.0,,9.6,12.3,36.6,2023,2,Moderate
54069,7.8,31.4,17.5,36.7,60.8,7.6,12.1,,6.2,78.1,85.3,61.0,7.7,,,17.3,60.7,31.2,12.0,21.3,34.9,,28.1,77.8,22.1,40.1,15.0,41.3,3.0,17.3,WV,Ohio,41194,54069,Ohio County,West Virginia,0.4741,0.3983,0.4324,0.2485,0.7117,42224.0,2025,2022,18.2,34.7,6.8,9.5,13.9,3.5,4.6,22.3,14.3,15.6,12.2,,8.4,10.8,34.9,2023,2,Moderate
54071,9.3,31.2,16.4,37.5,60.4,7.4,12.2,,6.7,77.7,83.8,62.6,8.8,,,20.5,54.1,31.9,12.6,23.9,36.6,,30.9,73.3,23.0,36.8,16.0,41.8,3.3,18.6,WV,Pendleton,6029,54071,Pendleton County,West Virginia,0.2666,0.5829,0.2991,0.0757,0.1091,6156.0,2025,2022,20.0,36.5,7.3,10.5,15.2,3.9,5.1,24.2,16.9,18.6,13.7,,9.5,11.7,36.0,2023,2,Moderate
54073,8.9,31.5,17.0,38.2,60.0,7.5,11.8,,6.5,77.1,84.0,63.0,8.4,,,19.9,53.3,31.8,12.2,23.1,36.4,,31.2,78.7,22.4,43.5,15.5,43.4,3.2,17.6,WV,Pleasants,7428,54073,Pleasants County,West Virginia,0.4295,0.4893,0.3338,0.0379,0.6207,7622.0,2025,2022,19.1,36.1,7.2,9.7,14.5,3.7,4.7,24.5,15.4,16.1,12.7,,8.8,10.9,35.1,2023,2,Moderate
54075,10.7,32.5,15.7,39.8,61.1,7.4,12.5,,7.4,76.6,82.3,56.3,10.3,,,23.2,46.2,32.2,13.7,27.1,36.5,,34.5,72.4,24.0,40.6,17.6,42.7,3.7,17.0,WV,Pocahontas,7765,54075,Pocahontas County,West Virginia,0.5546,0.6589,0.2001,0.0627,0.8466,7940.0,2025,2022,21.8,39.5,8.1,12.0,17.1,4.7,6.1,24.9,20.3,23.2,15.4,,10.9,13.8,35.9,2023,3,High
54077,9.6,32.0,17.6,37.7,59.8,7.5,12.0,,6.7,77.0,83.5,60.8,8.8,,,20.8,51.7,31.7,12.6,24.0,36.3,,30.2,75.6,22.8,37.3,15.9,39.6,3.3,26.9,WV,Preston,34099,54077,Preston County,West Virginia,0.4591,0.518,0.1091,0.335,0.7429,34206.0,2025,2022,19.9,37.8,7.4,10.3,15.3,3.9,5.1,25.2,16.9,17.9,13.5,,9.2,11.7,36.1,2023,2,Moderate
54079,7.3,30.2,16.6,37.7,59.7,7.5,11.8,,5.8,79.7,85.7,61.5,7.2,,,16.5,61.4,31.6,11.3,19.7,36.5,,26.9,74.2,21.4,37.8,14.0,41.5,2.8,14.0,WV,Putnam,56962,54079,Putnam County,West Virginia,0.077,0.084,0.1912,0.0757,0.209,57347.0,2025,2022,17.0,32.2,6.5,8.8,12.8,3.1,4.1,22.5,12.6,13.0,10.9,,7.5,9.6,32.7,2023,2,Moderate
54081,9.9,32.7,15.3,41.2,62.2,7.4,12.7,,7.2,79.3,83.7,55.7,9.9,,,21.1,53.1,32.2,14.2,27.7,37.4,,34.5,73.9,24.3,43.1,17.9,44.1,3.7,21.5,WV,Raleigh,72356,54081,Raleigh County,West Virginia,0.7887,0.7439,0.7722,0.3748,0.8447,74303.0,2025,2022,21.7,40.3,7.7,11.8,17.2,4.6,6.0,25.9,20.5,22.8,16.0,,11.1,14.3,38.5,2023,3,High
54083,9.4,32.4,16.6,39.6,60.6,7.4,12.1,,6.8,76.8,83.5,57.8,8.9,,,20.8,52.8,32.3,12.7,24.0,35.3,,31.4,72.7,22.7,46.2,16.0,44.8,3.3,21.3,WV,Randolph,27350,54083,Randolph County,West Virginia,0.5189,0.6475,0.0983,0.2399,0.7871,28005.0,2025,2022,19.7,37.6,7.5,10.6,15.3,4.0,5.2,24.5,17.2,18.5,13.5,,9.5,12.0,36.9,2023,2,Moderate
54085,10.4,33.4,15.9,39.1,61.3,7.4,12.6,,7.4,77.7,82.4,56.3,10.4,,,23.7,45.9,32.8,13.3,26.9,37.5,,35.5,74.9,24.3,42.4,17.4,44.8,3.7,22.1,WV,Ritchie,8167,54085,Ritchie County,West Virginia,0.2609,0.4419,0.5705,0.0083,0.1222,8507.0,2025,2022,21.8,39.2,8.1,12.1,17.1,4.6,6.0,24.6,19.8,22.8,15.2,,10.8,13.5,35.9,2023,3,High
54087,11.1,34.1,15.0,40.7,61.2,7.3,12.8,,7.8,76.8,81.9,52.3,11.2,,,24.6,44.8,33.9,14.5,29.1,36.8,,36.9,72.3,24.7,41.3,18.4,44.8,3.9,30.7,WV,Roane,13743,54087,Roane County,West Virginia,0.6141,0.8953,0.5126,0.0379,0.3942,14027.0,2025,2022,22.9,41.5,8.3,12.9,18.4,5.1,6.6,24.2,21.8,25.8,16.1,,11.6,14.5,34.8,2023,3,High
54089,10.6,33.8,14.6,39.7,62.0,7.3,13.4,,7.3,78.4,83.0,58.6,10.6,,,23.4,50.7,33.2,14.3,28.1,36.1,,35.9,75.1,24.8,39.8,18.1,43.4,3.8,31.5,WV,Summers,11581,54089,Summers County,West Virginia,0.6752,0.6236,0.4499,0.2294,0.9262,11985.0,2025,2022,22.3,40.2,7.8,12.8,17.9,4.9,6.5,24.9,22.3,26.1,17.4,,12.0,15.5,35.8,2023,3,High
54091,9.4,31.6,16.4,38.4,60.8,7.4,12.4,,6.8,77.3,83.6,60.8,9.1,,,20.8,49.5,31.9,12.6,24.4,37.1,,32.5,75.9,23.1,41.6,16.3,43.6,3.3,17.8,WV,Taylor,16388,54091,Taylor County,West Virginia,0.3538,0.5418,0.252,0.0337,0.4009,16602.0,2025,2022,20.3,37.3,7.4,10.7,15.4,4.0,5.2,24.8,17.1,18.7,13.6,,9.5,11.8,34.5,2023,2,Moderate
54093,8.5,31.8,16.5,37.9,60.1,7.5,12.2,,6.4,78.0,84.6,63.9,8.3,,,19.1,58.7,32.2,11.9,22.5,36.0,,30.0,74.9,22.3,39.0,15.5,38.8,3.1,20.0,WV,Tucker,6604,54093,Tucker County,West Virginia,0.2615,0.3255,0.1721,0.0048,0.5399,6747.0,2025,2022,18.8,35.7,7.2,9.8,14.4,3.6,4.7,23.0,15.2,16.3,12.4,,8.6,10.8,35.9,2023,2,Moderate
54095,8.8,32.2,16.0,38.9,61.1,7.5,12.3,,6.7,78.0,84.0,56.7,9.0,,,20.9,54.5,32.4,12.8,23.6,37.2,,31.8,72.7,23.4,42.5,16.1,42.6,3.3,17.9,WV,Tyler,7919,54095,Tyler County,West Virginia,0.1349,0.1826,0.3105,0.0115,0.2017,8336.0,2025,2022,19.9,37.0,7.5,10.6,15.4,3.9,5.1,23.8,16.8,18.8,13.6,,9.4,12.0,34.8,2023,2,Moderate
54097,9.4,32.2,16.2,39.0,60.8,7.4,12.4,,7.0,78.2,83.4,57.3,9.5,,,22.1,49.3,32.1,13.3,24.9,37.1,,33.2,74.8,23.6,37.1,16.6,40.9,3.5,22.8,WV,Upshur,23529,54097,Upshur County,West Virginia,0.6045,0.7283,0.2762,0.1037,0.805,23875.0,2025,2022,20.7,38.4,7.7,11.2,16.1,4.2,5.5,24.3,18.2,20.9,14.2,,10.1,12.7,35.4,2023,3,High
54099,9.5,33.0,16.2,39.4,61.5,7.5,12.7,,7.0,78.4,83.5,63.8,9.6,,,22.3,49.5,33.3,13.1,25.7,35.9,,33.3,75.2,24.1,42.6,17.0,46.0,3.5,22.2,WV,Wayne,37686,54099,Wayne County,West Virginia,0.3694,0.573,0.3334,0.0169,0.343,38933.0,2025,2022,20.8,39.6,7.7,11.5,16.5,4.3,5.6,24.5,18.2,20.7,14.4,,10.1,12.8,34.9,2023,2,Moderate
54101,11.2,34.5,15.5,40.2,61.4,7.4,12.9,,7.7,77.5,81.7,54.8,11.2,,,24.9,49.9,34.1,14.1,28.6,37.2,,37.9,69.4,25.0,42.6,18.5,41.3,3.9,27.3,WV,Webster,8045,54101,Webster County,West Virginia,0.4916,0.7095,0.3261,0.1508,0.434,8362.0,2025,2022,23.2,41.9,8.3,13.0,18.2,5.0,6.5,25.6,21.6,25.4,16.3,,11.6,14.4,37.6,2023,3,High
54103,9.1,32.6,16.2,38.0,60.7,7.4,12.4,,6.8,77.5,83.8,60.6,9.2,,,21.5,52.2,32.8,12.8,24.6,37.2,,34.2,71.1,23.9,42.4,16.4,46.2,3.4,18.3,WV,Wetzel,13890,54103,Wetzel County,West Virginia,0.3201,0.3799,0.2704,0.0264,0.5434,14431.0,2025,2022,20.5,38.2,7.5,10.8,15.7,4.0,5.2,25.5,17.3,19.6,13.9,,9.6,12.1,36.5,2023,2,Moderate
54105,9.3,32.6,16.2,38.6,60.7,7.5,12.6,,7.2,77.5,83.2,59.6,9.7,,,21.9,46.9,32.9,13.3,25.3,36.5,,33.1,74.7,23.9,42.4,16.7,43.8,3.5,27.0,WV,Wirt,5000,54105,Wirt County,West Virginia,0.2552,0.3913,0.2774,0.0115,0.3163,5202.0,2025,2022,20.9,38.3,7.8,11.3,16.3,4.3,5.5,23.8,18.3,20.9,14.3,,10.1,12.7,35.7,2023,2,Moderate
54107,8.3,32.0,17.0,38.7,60.5,7.6,12.1,,6.7,79.3,84.8,66.4,8.7,,,19.5,53.8,33.9,13.0,23.5,35.8,,31.0,77.6,22.9,43.4,15.9,42.4,3.2,22.5,WV,Wood,83052,54107,Wood County,West Virginia,0.3869,0.4862,0.4658,0.0757,0.3907,84272.0,2025,2022,19.6,36.0,7.0,10.4,15.1,3.8,4.9,22.3,16.5,18.4,13.2,,9.3,11.6,34.3,2023,2,Moderate
54109,11.1,34.3,15.4,42.1,61.0,7.3,13.0,,7.8,77.3,81.8,56.1,11.1,,,25.2,44.4,33.7,14.3,29.5,37.8,,37.4,68.3,25.0,44.1,18.7,45.7,3.8,28.3,WV,Wyoming,20277,54109,Wyoming County,West Virginia,0.5173,0.7213,0.3942,0.0089,0.5084,21237.0,2025,2022,23.4,43.8,8.3,13.1,18.8,5.0,6.5,25.9,22.1,25.0,16.5,,11.7,14.5,38.7,2023,3,High
55001,10.5,24.2,20.6,32.3,57.7,7.0,11.0,,6.4,74.1,81.5,57.9,7.0,,,18.3,63.8,25.0,11.2,20.3,30.3,,30.3,76.2,18.0,40.3,13.9,33.6,3.2,16.4,WI,Adams,21449,55001,Adams County,Wisconsin,0.5259,0.5679,0.399,0.342,0.5962,20730.0,2025,2022,15.7,32.6,7.0,9.1,13.4,3.9,5.0,22.8,16.4,17.6,12.8,,8.6,7.5,32.4,2023,2,Moderate
55003,8.8,23.1,19.7,30.1,58.4,7.1,11.6,,6.2,74.5,81.8,58.6,6.9,,,18.0,59.8,26.8,10.8,19.6,28.1,,29.7,76.1,18.4,41.4,14.0,34.4,3.3,17.0,WI,Ashland,16079,55003,Ashland County,Wisconsin,0.4852,0.3252,0.3271,0.503,0.8031,16041.0,2025,2022,15.4,31.3,7.1,9.4,13.3,3.9,5.1,21.9,15.6,17.6,12.6,,8.9,7.7,34.3,2023,2,Moderate
55005,8.6,22.6,22.0,29.3,57.7,7.1,11.1,,5.7,74.3,82.6,63.8,6.3,,,16.0,61.7,25.6,9.8,17.9,28.8,,27.3,78.6,17.7,38.3,13.1,33.8,3.0,15.0,WI,Barron,46833,55005,Barron County,Wisconsin,0.4009,0.3713,0.6198,0.2234,0.4216,46683.0,2025,2022,14.9,28.9,6.3,8.4,11.9,3.4,4.4,21.3,13.5,14.5,10.8,,7.4,6.3,32.2,2023,0,Low
55007,7.1,23.1,21.3,29.9,57.8,7.4,11.2,,5.5,74.4,83.9,62.3,5.4,,,14.0,67.2,25.9,9.2,16.2,31.7,,24.1,81.1,17.1,38.9,12.2,33.9,2.8,10.7,WI,Bayfield,16769,55007,Bayfield County,Wisconsin,0.097,0.1199,0.1457,0.4604,0.1209,16214.0,2025,2022,13.5,28.3,6.2,7.7,11.1,3.0,3.9,19.9,11.5,12.1,10.0,,7.1,5.9,31.4,2023,0,Low
55009,8.5,22.4,19.9,28.7,57.7,7.2,10.7,,5.3,76.1,83.9,66.5,5.4,,,13.6,68.5,23.7,9.3,16.5,29.8,,26.4,81.8,16.2,41.1,11.9,31.5,2.8,6.8,WI,Brown,271417,55009,Brown County,Wisconsin,0.3007,0.1492,0.4133,0.5444,0.5364,268393.0,2025,2022,13.5,27.2,5.8,7.7,11.3,3.1,4.0,18.9,12.2,12.2,10.5,,7.0,5.9,30.0,2023,0,Low
55011,8.4,23.2,21.9,29.0,56.9,7.1,10.9,,5.5,74.6,82.9,63.1,6.0,,,15.4,68.0,25.4,9.4,17.0,29.3,,27.5,79.3,17.4,39.4,12.7,34.3,2.8,10.9,WI,Buffalo,13419,55011,Buffalo County,Wisconsin,0.0595,0.1524,0.224,0.0675,0.0525,13329.0,2025,2022,14.3,29.1,6.3,8.0,11.8,3.2,4.1,20.5,12.3,12.9,10.1,,7.0,5.8,31.7,2023,0,Low
55013,8.7,23.9,21.3,29.4,57.0,7.2,11.3,,5.9,73.5,82.5,59.6,6.6,,,17.0,60.0,25.2,10.0,18.2,29.2,,28.2,80.8,18.1,38.8,13.4,34.2,3.1,10.4,WI,Burnett,17092,55013,Burnett County,Wisconsin,0.1928,0.412,0.23,0.2879,0.0824,16561.0,2025,2022,15.3,30.7,6.8,8.8,12.3,3.5,4.6,20.4,13.9,15.2,11.3,,7.9,6.8,32.0,2023,0,Low
55015,7.5,21.8,22.5,26.8,57.4,7.2,10.7,,5.0,75.0,84.6,64.3,5.0,,,12.8,69.4,24.3,8.5,14.4,28.5,,24.2,78.4,16.2,32.8,11.2,33.3,2.5,10.4,WI,Calumet,53199,55015,Calumet County,Wisconsin,0.0115,0.0086,0.1009,0.3058,0.0391,52361.0,2025,2022,12.5,25.8,5.7,6.9,10.1,2.7,3.5,19.3,10.0,10.2,8.8,,6.0,4.9,30.3,2023,0,Low
55017,8.0,23.2,22.3,29.5,57.3,7.2,11.2,,5.6,73.0,82.8,61.4,5.9,,,15.8,66.3,25.3,9.4,17.5,29.3,,26.6,77.6,17.2,41.4,12.7,33.7,2.9,14.8,WI,Chippewa,66970,55017,Chippewa County,Wisconsin,0.1056,0.1686,0.0675,0.1572,0.2704,66254.0,2025,2022,14.4,30.7,6.4,8.1,11.4,3.2,4.1,20.9,11.8,12.9,10.1,,7.0,5.9,31.4,2023,0,Low
55019,11.9,23.9,20.4,28.9,56.4,6.9,11.5,,6.4,71.5,80.3,59.7,7.5,,,18.9,59.8,23.7,10.2,20.6,30.0,,32.0,75.9,18.4,38.1,14.5,32.9,3.3,12.8,WI,Clark,34774,55019,Clark County,Wisconsin,0.6347,0.6096,0.5584,0.2265,0.7929,34703.0,2025,2022,16.7,32.1,7.1,9.8,13.8,4.0,5.2,22.4,16.4,17.7,12.6,,8.6,7.1,32.5,2023,2,Moderate
55021,7.9,22.5,21.8,27.6,57.7,7.3,10.9,,5.3,72.8,83.6,62.0,5.6,,,14.4,67.8,24.5,9.0,15.7,28.1,,24.6,77.9,16.9,33.2,12.1,32.9,2.7,9.2,WI,Columbia,58091,55021,Columbia County,Wisconsin,0.0993,0.0668,0.1053,0.2399,0.3878,58272.0,2025,2022,13.6,27.6,6.0,7.5,11.0,3.0,3.8,19.8,11.1,11.6,9.7,,6.5,5.5,31.7,2023,0,Low
55023,8.9,23.9,21.3,30.4,58.4,7.1,11.1,,6.0,73.8,81.9,61.2,6.6,,,17.2,61.0,25.2,10.1,18.7,28.9,,27.5,76.0,18.2,37.6,13.3,37.3,3.1,17.5,WI,Crawford,15944,55023,Crawford County,Wisconsin,0.2905,0.2679,0.182,0.1409,0.6602,16123.0,2025,2022,15.2,30.2,6.7,8.7,12.5,3.6,4.6,21.5,14.2,15.5,11.4,,7.8,6.7,32.1,2023,0,Low
55025,6.7,19.3,21.0,25.5,56.9,7.0,9.9,,4.7,73.5,85.5,66.4,4.3,,,10.4,70.2,24.2,8.1,13.3,27.4,,20.8,79.6,14.7,33.4,10.5,29.2,2.4,4.4,WI,Dane,575347,55025,Dane County,Wisconsin,0.1855,0.1053,0.0388,0.5616,0.65,559891.0,2025,2022,11.2,23.9,5.2,6.3,9.3,2.6,3.4,18.7,9.5,9.2,8.6,,5.7,4.8,30.4,2023,0,Low
55027,9.0,23.4,21.4,28.8,57.9,7.1,10.8,,5.5,76.2,83.1,62.1,5.8,,,15.0,61.8,23.8,9.2,17.0,30.9,,27.0,78.3,17.2,42.5,12.4,36.9,2.8,10.6,WI,Dodge,88231,55027,Dodge County,Wisconsin,0.1584,0.1613,0.0818,0.3248,0.4349,89032.0,2025,2022,14.2,29.6,6.2,7.7,11.6,3.1,4.1,21.6,12.8,12.6,10.7,,7.1,5.9,31.3,2023,0,Low
55029,7.1,22.5,21.7,27.9,56.4,7.3,10.8,,5.1,75.2,84.7,62.1,5.1,,,12.7,64.3,23.4,8.6,14.7,28.9,,23.9,79.1,16.0,36.8,11.3,33.8,2.6,9.6,WI,Door,30562,55029,Door County,Wisconsin,0.0525,0.1066,0.1499,0.1572,0.0808,30038.0,2025,2022,12.6,25.9,5.8,7.0,10.2,2.8,3.5,19.4,9.8,10.2,8.7,,6.0,5.1,29.9,2023,0,Low
55031,7.4,23.2,21.0,30.3,57.6,7.2,11.1,,5.5,75.1,83.7,61.4,5.7,,,14.7,68.2,25.1,9.4,16.3,30.1,,25.8,79.3,17.5,40.9,12.5,33.9,2.8,11.8,WI,Douglas,44264,55031,Douglas County,Wisconsin,0.2946,0.1654,0.3633,0.2692,0.6573,44092.0,2025,2022,13.8,28.8,6.3,7.8,11.3,3.1,3.9,19.9,11.9,12.5,9.8,,6.8,5.8,31.3,2023,0,Low
55033,7.7,22.8,20.9,29.0,57.6,7.2,10.9,,5.5,74.5,83.4,61.5,5.9,,,15.2,65.3,25.3,9.3,16.6,29.0,,26.9,78.7,16.9,40.7,12.4,34.9,2.8,10.0,WI,Dunn,45794,55033,Dunn County,Wisconsin,0.188,0.2195,0.0235,0.2234,0.6615,45221.0,2025,2022,13.8,29.3,6.3,7.9,11.5,3.2,4.0,20.3,11.8,12.7,10.0,,7.0,5.9,31.5,2023,0,Low
55035,7.3,22.6,20.7,28.1,57.0,7.3,10.7,,5.2,74.5,83.8,59.1,5.4,,,13.8,66.4,26.2,8.9,15.5,29.3,,24.5,80.1,17.0,31.4,11.7,37.3,2.7,13.6,WI,Eau Claire,107903,55035,Eau Claire County,Wisconsin,0.1616,0.1301,0.0487,0.3388,0.5896,105697.0,2025,2022,13.2,27.6,6.0,7.5,10.8,2.9,3.8,21.4,11.0,11.6,9.4,,6.5,5.4,32.1,2023,0,Low
55037,8.0,23.3,22.1,29.2,56.6,7.3,11.0,,5.5,74.5,83.1,62.4,5.7,,,14.9,60.7,25.3,9.2,16.4,30.3,,25.9,76.5,17.3,36.8,12.6,34.6,2.8,12.3,WI,Florence,4682,55037,Florence County,Wisconsin,0.112,0.3458,0.1317,0.0379,0.0697,4574.0,2025,2022,13.9,29.1,6.3,7.7,11.2,3.1,3.9,21.2,11.5,12.1,9.8,,6.7,5.6,31.4,2023,0,Low
55039,8.6,23.9,21.1,29.5,57.3,7.0,11.1,,5.3,75.4,83.2,59.8,5.7,,,15.2,65.4,25.6,9.3,16.5,30.2,,27.7,77.4,17.0,43.8,12.6,31.9,2.8,8.5,WI,Fond du Lac,103948,55039,Fond du Lac County,Wisconsin,0.1887,0.091,0.1766,0.3592,0.5597,104027.0,2025,2022,14.1,29.6,6.1,7.9,11.9,3.1,4.1,21.3,12.2,12.6,10.4,,6.9,5.8,32.7,2023,0,Low
55041,10.1,26.1,22.5,33.9,59.9,7.3,12.5,,6.6,75.3,82.0,59.7,7.6,,,20.6,60.8,27.6,12.0,22.3,32.8,,32.4,78.2,20.4,45.8,15.5,35.8,3.5,11.4,WI,Forest,9325,55041,Forest County,Wisconsin,0.3799,0.4563,0.2208,0.552,0.3691,9239.0,2025,2022,17.3,35.2,7.6,10.4,14.7,4.2,5.7,22.5,17.4,19.0,13.8,,9.8,8.4,33.9,2023,2,Moderate
55043,8.7,23.5,21.4,29.4,58.1,7.2,11.1,,5.9,74.6,82.5,61.5,6.5,,,16.5,61.4,25.2,10.3,18.1,29.6,,30.8,77.8,18.0,42.7,13.4,35.9,3.1,17.5,WI,Grant,51409,55043,Grant County,Wisconsin,0.2224,0.2685,0.0379,0.0983,0.6968,51842.0,2025,2022,14.9,30.0,6.6,8.8,12.7,3.6,4.5,20.8,13.6,15.2,10.9,,7.6,6.7,31.2,2023,0,Low
55045,7.7,22.5,21.4,29.6,57.0,7.2,10.7,,5.2,74.2,83.8,65.9,5.4,,,13.8,65.8,24.5,8.7,15.7,30.1,,24.7,80.0,16.7,39.9,11.8,33.3,2.7,12.0,WI,Green,36951,55045,Green County,Wisconsin,0.0684,0.048,0.2701,0.1276,0.1887,37066.0,2025,2022,13.4,27.8,6.1,7.4,10.6,2.9,3.7,19.7,10.7,11.1,9.3,,6.3,5.3,30.2,2023,0,Low
55047,9.6,24.6,20.8,30.0,57.8,7.1,11.3,,5.9,73.8,82.2,61.3,6.7,,,16.5,59.2,25.4,10.1,18.8,29.3,,29.8,74.1,18.0,40.4,13.4,35.0,3.1,13.0,WI,Green Lake,19344,55047,Green Lake County,Wisconsin,0.4228,0.3261,0.6987,0.2399,0.4779,19093.0,2025,2022,15.3,31.6,6.8,8.9,12.8,3.6,4.7,21.4,14.6,16.1,11.7,,8.0,6.8,32.4,2023,2,Moderate
55049,7.2,22.4,21.9,27.2,57.0,7.2,10.6,,5.2,73.9,84.1,62.0,5.3,,,13.9,69.2,25.0,8.6,15.5,29.1,,26.5,77.0,16.8,38.2,11.8,32.4,2.6,12.0,WI,Iowa,23956,55049,Iowa County,Wisconsin,0.0051,0.0172,0.0493,0.1339,0.0328,23766.0,2025,2022,13.1,26.9,5.9,7.3,10.4,2.8,3.6,19.6,10.5,10.7,9.1,,6.2,5.2,31.1,2023,0,Low
55051,7.8,23.4,22.3,27.8,57.4,7.3,11.2,,5.7,73.8,83.1,58.9,6.1,,,15.6,67.1,24.5,9.6,17.2,28.5,,26.6,77.8,17.7,34.6,12.7,30.2,2.9,10.3,WI,Iron,6228,55051,Iron County,Wisconsin,0.0926,0.2087,0.2049,0.0757,0.0834,6136.0,2025,2022,14.4,28.1,6.4,8.2,11.6,3.3,4.2,20.0,12.3,13.5,10.4,,7.2,6.2,32.3,2023,0,Low
55053,9.6,24.1,20.4,32.1,57.8,7.0,11.2,,6.2,74.3,81.7,58.7,6.8,,,18.1,61.3,24.8,10.6,19.8,30.0,,29.5,78.1,18.3,40.2,13.9,36.4,3.2,16.4,WI,Jackson,20855,55053,Jackson County,Wisconsin,0.5231,0.5126,0.2424,0.4146,0.7541,20958.0,2025,2022,15.6,31.8,6.9,9.0,13.1,3.8,4.9,22.0,15.5,16.7,12.4,,8.5,7.3,32.0,2023,2,Moderate
55055,8.5,22.3,21.1,27.2,56.5,7.1,10.9,,5.3,74.0,83.7,60.9,5.4,,,13.8,68.5,23.7,8.9,15.9,27.9,,26.7,77.2,16.5,40.9,12.2,31.7,2.7,13.0,WI,Jefferson,85743,55055,Jefferson County,Wisconsin,0.1276,0.1107,0.0684,0.335,0.4283,85932.0,2025,2022,13.1,26.9,5.9,7.4,10.8,2.9,3.8,20.2,11.2,11.2,9.9,,6.5,5.5,31.9,2023,0,Low
55057,9.9,24.1,21.5,32.8,58.5,7.0,11.2,,6.3,73.8,81.4,56.8,7.2,,,18.8,60.5,25.7,10.9,20.5,30.4,,30.0,75.0,18.3,41.7,14.2,34.3,3.3,14.0,WI,Juneau,26594,55057,Juneau County,Wisconsin,0.4273,0.4489,0.2354,0.342,0.6166,26695.0,2025,2022,16.0,32.4,7.0,9.4,13.7,3.9,5.1,22.8,15.5,17.6,12.4,,8.6,7.4,32.5,2023,2,Moderate
55059,9.9,24.4,20.7,30.6,58.7,7.0,11.0,,5.5,75.1,84.3,63.7,5.7,,,14.7,61.4,24.7,10.0,17.7,29.1,,26.7,78.6,16.7,40.1,12.3,36.6,2.8,16.0,WI,Kenosha,167488,55059,Kenosha County,Wisconsin,0.5215,0.4543,0.4718,0.6268,0.5546,168693.0,2025,2022,13.7,29.1,6.0,7.8,11.7,3.3,4.4,21.7,13.4,13.9,11.9,,7.5,6.3,31.5,2023,2,Moderate
55061,8.1,22.7,21.8,28.5,56.3,7.2,10.7,,5.4,75.1,83.4,63.5,5.7,,,15.1,66.9,24.3,9.2,16.2,29.4,,26.2,77.0,16.9,41.1,12.1,36.4,2.7,9.5,WI,Kewaunee,20690,55061,Kewaunee County,Wisconsin,0.0064,0.0118,0.1107,0.1225,0.022,20570.0,2025,2022,13.8,28.4,6.2,7.6,11.0,3.0,3.9,20.2,11.4,11.7,9.8,,6.6,5.5,31.1,2023,0,Low
55063,6.8,23.6,20.9,28.4,57.9,7.3,11.2,,5.3,77.4,84.7,65.5,5.5,,,13.8,68.3,25.4,9.3,16.1,31.1,,25.0,79.9,16.8,39.0,12.1,33.0,2.7,10.4,WI,La Crosse,120486,55063,La Crosse County,Wisconsin,0.182,0.1514,0.0318,0.3388,0.6672,120216.0,2025,2022,13.2,28.7,6.0,7.5,11.3,3.0,3.8,19.7,10.8,11.6,9.3,,6.5,5.5,32.2,2023,0,Low
55065,9.4,24.0,21.1,30.3,57.2,7.1,11.0,,5.8,74.8,82.3,60.4,6.4,,,16.3,65.0,25.4,9.8,18.8,30.3,,28.8,77.4,18.1,41.9,13.4,35.1,3.0,12.1,WI,Lafayette,16945,55065,Lafayette County,Wisconsin,0.1339,0.2383,0.3936,0.1508,0.0643,16716.0,2025,2022,15.1,30.9,6.6,8.7,12.7,3.5,4.5,21.1,13.9,14.8,11.2,,7.6,6.4,32.7,2023,0,Low
55067,9.4,24.5,21.4,30.3,57.8,7.1,11.3,,6.0,73.8,81.5,62.0,6.8,,,17.9,64.6,23.9,10.0,19.2,30.8,,30.1,77.2,18.4,37.1,13.8,33.9,3.1,13.7,WI,Langlade,19404,55067,Langlade County,Wisconsin,0.1607,0.258,0.2669,0.1572,0.1613,19512.0,2025,2022,15.6,31.2,6.7,9.1,12.9,3.6,4.7,21.9,14.5,16.2,11.4,,8.1,6.7,32.7,2023,0,Low
55069,8.5,25.1,21.8,30.2,56.4,7.1,11.1,,5.8,74.5,82.5,63.1,6.4,,,16.3,66.1,25.9,9.5,18.3,30.0,,27.6,78.3,18.1,42.1,12.9,34.3,3.0,13.7,WI,Lincoln,28405,55069,Lincoln County,Wisconsin,0.1775,0.2485,0.1995,0.1037,0.2848,28402.0,2025,2022,15.0,31.4,6.7,8.6,12.3,3.4,4.4,20.6,13.4,14.3,10.9,,7.4,6.2,32.7,2023,0,Low
55071,8.7,23.1,22.2,29.9,55.8,7.1,10.8,,5.4,74.5,82.9,61.1,5.9,,,15.3,66.6,23.1,9.2,16.8,28.8,,28.1,75.9,16.7,38.9,12.5,36.4,2.8,15.6,WI,Manitowoc,81331,55071,Manitowoc County,Wisconsin,0.1346,0.0566,0.3993,0.3248,0.2854,81242.0,2025,2022,13.9,27.0,6.1,7.9,11.5,3.2,4.1,20.3,12.6,13.1,10.3,,7.0,5.9,31.4,2023,0,Low
55073,8.1,22.2,21.1,29.4,56.3,7.1,10.3,,5.4,74.2,83.6,58.7,5.5,,,14.5,68.6,25.1,8.8,16.7,31.0,,26.4,76.1,16.1,36.0,12.0,31.2,2.7,5.1,WI,Marathon,138612,55073,Marathon County,Wisconsin,0.1473,0.1161,0.3086,0.3697,0.2224,137820.0,2025,2022,13.3,27.9,6.1,7.5,10.9,3.0,3.9,20.9,11.9,12.2,9.8,,6.7,5.4,29.8,2023,0,Low
55075,8.4,23.7,21.8,29.6,57.8,7.3,11.2,,5.8,74.5,82.8,62.6,6.3,,,16.6,61.4,25.4,9.9,17.8,30.1,,27.5,76.3,17.7,37.6,13.1,33.1,3.0,13.7,WI,Marinette,42106,55075,Marinette County,Wisconsin,0.1088,0.118,0.1349,0.0735,0.3379,41827.0,2025,2022,15.0,30.7,6.5,8.4,12.2,3.4,4.3,21.1,13.4,14.5,10.8,,7.4,6.3,31.1,2023,0,Low
55077,9.4,24.0,20.8,30.8,58.1,7.0,11.2,,6.0,74.6,82.0,60.4,6.8,,,17.4,59.1,25.7,10.1,19.3,30.2,,29.8,79.2,18.1,43.0,13.7,35.3,3.1,12.2,WI,Marquette,15838,55077,Marquette County,Wisconsin,0.2227,0.2829,0.44,0.1861,0.1896,15619.0,2025,2022,15.4,31.8,6.7,9.0,13.0,3.6,4.7,21.6,14.3,15.8,11.7,,7.9,6.7,33.4,2023,2,Moderate
55078,10.3,25.8,18.0,34.4,59.6,6.1,14.1,,7.0,75.7,81.5,55.9,7.5,,,23.9,53.2,24.1,15.3,26.1,29.1,,35.8,73.9,20.7,45.4,17.2,39.5,4.2,17.8,WI,Menominee,4226,55078,Menominee County,Wisconsin,0.5743,0.5692,0.5997,0.9927,0.2749,4279.0,2025,2022,18.2,39.1,8.7,12.1,17.9,4.9,8.1,27.5,28.9,28.3,21.4,,15.7,13.4,36.2,2023,1,Critical
55079,10.8,23.9,17.2,34.1,61.7,6.2,11.8,,5.8,77.9,84.6,65.9,6.3,,,14.9,63.6,23.7,12.4,21.9,30.4,,27.7,82.6,17.2,38.8,13.4,36.4,3.4,13.7,WI,Milwaukee,916205,55079,Milwaukee County,Wisconsin,0.8276,0.6942,0.7569,0.8743,0.839,933063.0,2025,2022,14.5,30.1,5.6,9.7,14.2,4.5,5.7,25.1,19.5,21.0,15.1,,10.2,8.9,35.0,2023,3,High
55081,9.6,25.7,20.5,31.0,57.9,7.1,11.3,,6.1,74.5,82.3,58.6,6.8,,,17.1,64.8,26.4,10.4,19.2,30.0,,30.5,77.2,18.1,44.0,13.9,32.1,3.2,10.3,WI,Monroe,46151,55081,Monroe County,Wisconsin,0.4432,0.3315,0.3497,0.3166,0.7474,46208.0,2025,2022,15.3,31.8,6.8,9.0,13.4,3.7,4.8,21.6,14.9,16.3,11.8,,8.2,7.0,32.2,2023,2,Moderate
55083,8.2,23.5,21.3,29.2,57.3,7.2,11.2,,5.6,75.2,82.9,62.0,6.0,,,15.8,63.3,25.1,9.4,17.0,30.1,,27.3,77.8,18.1,42.0,12.8,32.9,2.9,16.6,WI,Oconto,39775,55083,Oconto County,Wisconsin,0.0204,0.0477,0.0525,0.0983,0.1005,39048.0,2025,2022,14.5,30.7,6.4,8.1,11.7,3.2,4.1,21.1,12.6,13.2,10.5,,7.0,5.8,32.4,2023,0,Low
55085,7.3,22.7,22.3,29.1,56.0,7.4,10.7,,5.4,74.8,83.6,59.5,5.6,,,14.6,66.3,26.1,9.3,15.9,29.0,,23.9,77.7,17.4,34.9,12.6,34.2,2.7,9.2,WI,Oneida,38226,55085,Oneida County,Wisconsin,0.036,0.0799,0.0713,0.1037,0.0974,37799.0,2025,2022,13.5,28.3,6.1,7.5,11.3,3.0,3.8,20.0,11.0,11.8,9.6,,6.5,5.5,33.7,2023,0,Low
55087,7.4,23.4,23.2,30.0,57.8,7.0,10.6,,5.1,77.0,84.5,63.7,5.2,,,12.8,67.2,24.3,8.9,15.4,30.5,,24.7,80.5,16.3,36.4,11.6,32.7,2.6,8.7,WI,Outagamie,193234,55087,Outagamie County,Wisconsin,0.0671,0.0366,0.1094,0.3977,0.2412,190611.0,2025,2022,12.7,25.7,5.6,7.0,10.4,2.8,3.7,19.8,10.7,10.6,9.1,,6.1,5.1,32.2,2023,0,Low
55089,5.9,20.6,22.3,24.6,57.0,7.3,10.3,,4.5,76.8,86.2,65.2,4.2,,,10.7,71.9,23.3,7.8,13.0,30.6,,20.5,83.5,15.0,30.4,10.1,29.8,2.3,7.7,WI,Ozaukee,93460,55089,Ozaukee County,Wisconsin,0.0395,0.0305,0.0926,0.2816,0.1492,91745.0,2025,2022,11.0,23.0,5.2,5.9,8.8,2.3,3.0,17.7,8.0,7.8,7.2,,5.0,4.1,27.8,2023,0,Low
55091,7.7,23.1,22.2,28.3,57.3,7.2,10.8,,5.3,74.8,83.5,63.2,5.6,,,14.6,64.8,24.7,9.0,15.8,29.4,,25.4,77.7,17.1,36.4,12.1,33.3,2.7,10.2,WI,Pepin,7441,55091,Pepin County,Wisconsin,0.0442,0.0808,0.2603,0.0474,0.055,7363.0,2025,2022,13.6,27.4,6.1,7.5,10.7,2.9,3.8,20.4,11.1,11.4,9.6,,6.4,5.4,31.4,2023,0,Low
55093,7.1,23.2,22.0,28.9,56.8,7.3,10.7,,5.2,73.7,83.8,61.4,5.3,,,13.9,67.1,23.9,8.9,14.6,29.7,,24.5,75.5,16.2,34.3,11.6,35.0,2.7,8.6,WI,Pierce,43026,55093,Pierce County,Wisconsin,0.0216,0.0442,0.0051,0.1928,0.329,42187.0,2025,2022,13.1,26.3,6.0,7.3,10.2,2.9,3.7,19.5,10.4,10.9,9.1,,6.2,5.3,31.2,2023,0,Low
55095,7.8,23.9,22.2,28.8,57.2,7.2,10.9,,5.3,73.8,83.4,62.2,5.6,,,14.5,63.3,24.4,9.2,15.9,31.1,,24.8,79.2,17.0,35.2,12.0,30.5,2.8,11.4,WI,Polk,45762,55095,Polk County,Wisconsin,0.0703,0.1648,0.1015,0.0932,0.1282,45128.0,2025,2022,13.9,28.4,6.2,7.6,11.2,3.0,3.9,19.8,11.4,11.6,9.6,,6.6,5.5,31.8,2023,0,Low
55097,7.6,22.3,21.5,27.0,57.5,7.2,10.7,,5.4,76.1,84.0,63.6,5.5,,,14.0,66.2,25.1,8.7,16.2,30.3,,24.4,80.2,16.7,36.5,11.7,34.7,2.7,10.0,WI,Portage,71024,55097,Portage County,Wisconsin,0.1063,0.098,0.0347,0.2879,0.4613,70281.0,2025,2022,13.1,27.6,6.3,7.5,10.5,3.0,3.9,19.1,11.9,12.0,9.5,,6.4,5.6,30.6,2023,0,Low
55099,8.8,23.8,21.6,29.6,58.7,7.1,11.1,,6.0,74.9,82.1,58.7,6.7,,,17.2,62.3,24.6,10.0,18.6,29.5,,28.3,75.4,17.9,42.2,13.4,37.9,3.1,13.7,WI,Price,14102,55099,Price County,Wisconsin,0.2253,0.2138,0.2364,0.1276,0.4916,14066.0,2025,2022,15.0,28.8,6.7,8.8,12.3,3.6,4.6,20.8,14.2,15.7,11.2,,7.8,6.7,31.2,2023,0,Low
55101,10.1,23.8,19.1,30.3,58.9,6.9,11.3,,5.4,75.0,84.1,60.6,5.6,,,14.8,60.8,23.1,10.4,18.1,28.1,,30.1,82.8,16.4,42.2,12.3,37.3,2.9,10.3,WI,Racine,196613,55101,Racine County,Wisconsin,0.4674,0.3163,0.6519,0.6656,0.4515,197068.0,2025,2022,14.2,28.9,5.9,8.0,12.2,3.3,4.5,21.5,15.0,14.2,12.0,,7.8,6.8,29.3,2023,2,Moderate
55103,9.3,24.0,20.7,29.4,57.6,7.1,11.1,,6.0,73.7,81.8,57.9,6.8,,,17.2,64.0,24.5,10.1,18.8,28.4,,29.2,75.4,17.9,37.6,13.4,34.9,3.1,9.9,WI,Richland,17197,55103,Richland County,Wisconsin,0.3764,0.2892,0.4703,0.1508,0.6274,17256.0,2025,2022,15.4,31.2,6.8,9.0,12.8,3.7,4.7,21.4,14.5,15.9,11.4,,7.9,6.7,31.9,2023,2,Moderate
55105,9.2,22.9,18.7,29.3,57.3,7.0,11.2,,5.5,74.5,83.3,61.6,5.8,,,14.9,63.6,24.1,10.3,18.4,29.4,,28.4,73.6,17.0,41.7,12.9,38.2,2.9,11.3,WI,Rock,164278,55105,Rock County,Wisconsin,0.2988,0.2176,0.5259,0.5119,0.3121,163817.0,2025,2022,13.9,29.4,6.1,8.1,12.0,3.3,4.3,22.1,13.4,13.9,11.2,,7.4,6.2,32.3,2023,2,Moderate
55107,9.2,24.8,20.6,30.6,58.4,7.1,11.3,,6.3,75.3,81.7,60.0,7.2,,,18.2,63.5,25.0,10.6,19.8,29.3,,28.5,77.1,18.5,40.9,13.9,33.1,3.2,19.3,WI,Rusk,14143,55107,Rusk County,Wisconsin,0.216,0.3627,0.329,0.0983,0.1756,14179.0,2025,2022,16.0,31.9,7.0,9.4,13.3,3.8,4.9,21.5,14.9,17.3,11.8,,8.3,7.1,33.0,2023,2,Moderate
55109,6.4,21.2,22.6,28.2,57.4,7.3,10.4,,4.8,73.9,85.0,65.0,4.7,,,12.4,74.0,23.3,8.1,13.9,28.1,,23.1,80.2,15.5,35.5,10.8,31.3,2.4,8.4,WI,St. Croix,96763,55109,St. Croix County,Wisconsin,0.0086,0.0073,0.0668,0.1753,0.0474,93752.0,2025,2022,12.2,25.4,5.5,6.6,9.6,2.5,3.2,19.1,9.1,9.1,7.9,,5.5,4.5,29.6,2023,0,Low
55111,8.4,23.1,21.7,28.6,57.9,7.1,10.9,,5.4,74.4,83.5,60.5,5.7,,,15.2,63.9,25.5,9.8,17.3,29.2,,28.2,79.7,17.2,40.2,12.7,35.3,2.8,8.0,WI,Sauk,65920,55111,Sauk County,Wisconsin,0.2323,0.1877,0.3309,0.3217,0.3869,65664.0,2025,2022,13.9,29.7,6.1,7.8,11.8,3.1,4.0,19.9,12.2,12.6,10.3,,6.9,5.8,31.8,2023,0,Low
55113,8.5,24.0,20.4,31.0,57.8,7.1,11.4,,6.0,75.1,82.3,57.7,6.6,,,18.1,61.5,25.2,10.4,20.3,28.9,,28.3,77.3,18.0,34.2,14.1,36.4,3.2,9.9,WI,Sawyer,18552,55113,Sawyer County,Wisconsin,0.3758,0.4731,0.3178,0.5829,0.237,18057.0,2025,2022,15.2,32.0,7.0,9.1,13.2,3.7,5.1,21.3,15.6,16.7,12.4,,9.0,7.6,30.8,2023,2,Moderate
55115,8.8,23.9,21.5,28.9,58.4,7.1,11.4,,5.8,75.2,82.3,59.6,6.4,,,17.1,65.8,23.7,9.7,18.3,29.5,,27.8,75.3,18.0,40.2,13.1,35.4,3.0,9.0,WI,Shawano,41109,55115,Shawano County,Wisconsin,0.1769,0.1639,0.1728,0.4146,0.3089,40848.0,2025,2022,15.2,29.1,6.6,8.7,12.3,3.5,4.6,21.7,14.3,15.2,11.6,,8.1,6.8,33.0,2023,0,Low
55117,8.3,21.9,22.1,30.3,56.9,7.0,10.3,,5.3,75.2,83.6,59.2,5.3,,,14.0,68.1,22.9,9.3,16.8,29.2,,27.6,81.1,16.7,36.4,12.3,32.6,2.7,8.1,WI,Sheboygan,117752,55117,Sheboygan County,Wisconsin,0.16,0.0465,0.2552,0.4871,0.4645,117741.0,2025,2022,13.2,27.5,5.9,7.4,11.2,3.0,4.0,20.8,12.0,12.0,10.1,,6.7,5.6,31.3,2023,0,Low
55119,9.1,23.8,20.8,30.0,58.5,7.1,10.8,,5.8,75.2,82.2,59.4,6.5,,,16.7,63.6,23.3,9.5,18.6,29.9,,29.7,79.9,18.2,44.1,13.4,34.4,3.0,13.8,WI,Taylor,20058,55119,Taylor County,Wisconsin,0.189,0.2612,0.3659,0.0579,0.2055,19979.0,2025,2022,15.1,31.2,6.7,8.7,12.9,3.5,4.5,20.6,13.1,14.8,10.7,,7.6,6.3,32.8,2023,0,Low
55121,9.6,23.5,22.0,29.6,56.8,7.1,10.7,,5.7,74.5,82.8,61.6,6.1,,,16.0,65.0,24.5,9.8,17.3,29.4,,27.4,76.5,17.4,41.1,13.0,35.4,2.9,12.9,WI,Trempealeau,30899,55121,Trempealeau County,Wisconsin,0.1989,0.1788,0.4213,0.3503,0.2074,30679.0,2025,2022,14.5,28.7,6.4,8.2,12.0,3.3,4.4,20.9,13.4,13.9,11.0,,7.4,6.2,30.0,2023,0,Low
55123,8.7,24.1,22.3,29.5,57.5,7.1,11.2,,6.0,74.1,82.2,58.0,6.7,,,16.6,62.3,24.7,9.7,18.5,29.5,,27.5,77.7,18.0,38.7,13.3,32.3,3.1,12.8,WI,Vernon,31170,55123,Vernon County,Wisconsin,0.4779,0.4353,0.5504,0.0544,0.6977,30811.0,2025,2022,15.1,29.8,6.6,8.9,12.6,3.6,4.6,20.3,13.5,15.3,10.9,,7.6,6.5,30.9,2023,0,Low
55125,7.3,22.9,22.7,29.6,56.5,7.3,11.3,,5.5,73.7,83.7,62.0,5.6,,,15.0,63.9,25.4,8.9,16.1,30.3,,25.3,79.2,17.1,38.3,12.4,30.9,2.8,9.7,WI,Vilas,23885,55125,Vilas County,Wisconsin,0.0729,0.2014,0.0913,0.4314,0.0398,23146.0,2025,2022,13.7,28.0,6.2,7.8,10.9,3.1,4.1,20.3,12.4,12.8,10.3,,7.2,6.0,31.4,2023,0,Low
55127,9.1,22.1,22.3,28.5,57.1,7.0,10.5,,5.4,74.7,84.0,63.8,5.4,,,13.6,68.1,22.8,9.2,16.3,29.5,,25.2,77.2,16.3,39.3,12.3,33.1,2.7,6.1,WI,Walworth,105822,55127,Walworth County,Wisconsin,0.2074,0.1995,0.1584,0.4407,0.3608,105127.0,2025,2022,13.3,27.8,5.9,7.5,11.3,3.1,4.0,20.8,11.8,11.9,10.2,,6.8,5.6,31.6,2023,0,Low
55129,8.3,24.0,22.1,29.9,57.6,7.1,11.3,,5.8,74.7,82.7,61.4,6.3,,,16.1,62.9,24.1,9.7,17.4,30.8,,27.7,74.9,17.7,35.1,12.9,35.2,3.0,11.4,WI,Washburn,16930,55129,Washburn County,Wisconsin,0.119,0.2762,0.1788,0.1339,0.085,16685.0,2025,2022,14.6,29.2,6.5,8.5,11.9,3.4,4.4,20.1,13.0,14.5,10.7,,7.4,6.3,33.2,2023,0,Low
55131,6.7,20.7,23.5,27.2,57.3,7.3,10.6,,4.9,75.9,85.0,64.0,4.7,,,12.2,72.5,23.6,8.1,13.9,29.4,,21.2,79.5,16.2,35.9,10.8,33.4,2.5,9.0,WI,Washington,138168,55131,Washington County,Wisconsin,0.008,0.0194,0.0344,0.2294,0.0401,136842.0,2025,2022,12.3,24.1,5.6,6.5,9.5,2.6,3.3,19.7,9.3,9.1,8.3,,5.6,4.6,30.4,2023,0,Low
55133,6.1,21.1,23.6,28.0,56.7,7.3,10.3,,4.6,76.4,86.1,66.2,4.1,,,10.4,72.3,21.4,8.2,12.7,29.4,,19.6,83.6,14.2,33.1,10.4,31.5,2.3,6.1,WI,Waukesha,412591,55133,Waukesha County,Wisconsin,0.0191,0.02,0.0541,0.3888,0.0853,407290.0,2025,2022,11.1,24.1,5.2,5.9,9.1,2.3,3.0,17.1,8.2,7.5,7.5,,5.1,4.2,30.5,2023,0,Low
55135,8.8,24.2,23.0,30.0,57.6,7.0,11.2,,5.6,74.6,82.9,61.0,6.1,,,15.9,65.5,24.5,10.0,17.8,30.0,,26.7,82.7,17.5,37.8,12.8,34.3,2.9,11.8,WI,Waupaca,51388,55135,Waupaca County,Wisconsin,0.1142,0.1037,0.2059,0.1276,0.2937,51822.0,2025,2022,14.5,29.4,6.4,8.2,12.0,3.3,4.2,20.9,12.8,13.6,10.5,,7.1,5.9,31.1,2023,0,Low
55137,10.0,23.2,21.8,30.2,58.1,7.0,10.6,,5.9,74.1,82.3,63.0,6.3,,,16.9,59.1,24.1,10.2,18.3,28.5,,29.2,77.4,17.7,39.5,13.0,33.5,3.0,12.9,WI,Waushara,24934,55137,Waushara County,Wisconsin,0.3917,0.3837,0.3583,0.3322,0.51,24672.0,2025,2022,15.1,29.8,6.6,8.6,12.4,3.5,4.6,22.8,14.4,15.0,11.7,,7.8,6.6,31.5,2023,2,Moderate
55139,8.0,24.4,22.8,29.8,58.5,7.2,11.0,,5.4,76.6,83.6,65.1,5.7,,,14.8,67.3,23.9,9.9,16.7,29.9,,27.1,81.8,16.7,40.6,12.0,32.7,2.8,9.6,WI,Winnebago,171735,55139,Winnebago County,Wisconsin,0.1549,0.1094,0.0853,0.3847,0.5084,171197.0,2025,2022,13.6,27.6,6.1,7.7,11.7,3.2,4.1,20.6,11.6,12.3,10.4,,6.9,5.7,29.7,2023,0,Low
55141,8.5,23.6,22.6,29.4,57.0,7.0,11.1,,5.6,73.9,83.1,60.4,6.0,,,15.9,62.0,24.2,9.7,17.1,28.8,,26.1,80.1,17.5,39.9,12.7,33.3,2.9,8.9,WI,Wood,73939,55141,Wood County,Wisconsin,0.1791,0.1651,0.3487,0.2399,0.2619,74138.0,2025,2022,14.4,28.9,6.3,8.1,11.7,3.3,4.2,21.4,12.8,13.3,10.3,,7.1,5.9,30.3,2023,0,Low
